"","x","y","annualtemperature","temperatureseasonality","rainseasonality","annualrainfall","humanpopdens","footpr","pet","Ec.Het","EVI","Host_richness","Generalism_degree"
"1",-0.375,53.875,-0.367147030164905,-0.147887572202487,-1.19091464100187,-0.414623792106551,2.41881646059264,2.32840880544741,-1.22667275456095,-0.3291352528239,0.350686007982042,-0.883258180879066,1.82415229128523
"2",-0.625,51.875,-0.366411646426648,0.0270772566172131,-1.23723632313749,-0.462342716069717,1.37209913470651,3.12227203688274,-1.07088429543307,-0.129926987341504,0.562818367617099,-0.889433937281634,-0.879179023057781
"3",-0.625,53.875,-0.414211589413401,-0.153423751293967,-1.21958996803821,-0.423622689532131,-0.133097912598873,1.97500573235241,-1.22946070597398,-0.00499359446403209,0.375966282743285,-0.877082424476498,-0.193735674739634
"4",-0.875,53.875,-0.389943926050897,-0.154717923029638,-1.22620735120044,-0.496439455856545,0.00945156911866423,1.91633490150907,-1.21061408615657,0.323470035136389,0.535928851181196,-0.883258180879066,-0.193735674739634
"5",-1.375,50.625,-0.288460970171325,-0.121249203976596,-0.769607913006543,-0.22548182878542,0.452663283423982,1.93175566844079,-1.03694755178769,-0.0142790398308271,0.655714626149656,-0.914136962891908,-0.420075756338603
"6",-1.875,39.875,-0.158298048499703,0.421386220025654,-0.648289221698986,-0.649420712091408,-0.365136774581899,-0.447486214254477,-0.136068542086851,-0.709186548065173,-0.684019129683507,-0.722688514412289,-0.703256099672772
"7",-100.875,23.375,0.546199572751226,-0.530926456746128,0.289173392950315,-0.799594972799014,-0.348962367506584,-0.738172190305081,1.37307283451557,-0.306851738484062,-0.770750881710226,-0.265682540622232,-0.399485794562601
"8",-104.125,21.875,0.893300697208886,-0.656604911965703,2.272182547232,-0.235223754438802,-0.359980205176664,-0.851979057581189,1.4371502036951,0.660523383046412,-0.0741170964667897,0.0554567923113223,-0.879179023014398
"9",-104.375,35.875,-0.176682641956147,0.835521175440271,0.884737877551039,-0.815116006890842,-0.379907467093252,-0.904611390141036,0.468454822231531,-0.807322674851759,-1.10110534939494,-0.12364014336316,-0.108529266712804
"10",-104.625,33.625,0.285873729407981,0.834981937217078,0.661952644422618,-0.908407328825752,-0.379174702552119,-0.593414923163985,1.04306227142781,-0.977487455265554,-1.28774495859091,-0.203924976596548,-0.563710907651442
"11",-105.125,35.875,-0.47892535838008,0.637602772919859,0.89135526071328,-0.768305228539433,-0.376316393551714,-0.429182253928507,0.209383490539008,-0.515012216442308,-1.05322900205719,-0.154518925376001,-0.58862866866067
"12",-105.375,35.875,-0.697334328642631,0.516489867990012,0.487694887817236,-0.648430007787675,-0.357640867171756,-0.629294948217857,-0.130795073707143,-0.465827601829556,-0.596836266734369,-0.135991656168296,-0.453460416115121
"13",-106.375,35.375,-0.141384222519786,0.890146007450035,0.112709841957499,-0.909893385281348,-0.339789634013834,-0.0800262164559337,0.452564675579832,-0.223867270227473,-1.33295511256688,-0.0989371177528863,-0.56706121667849
"14",-106.625,33.875,0.0924678062461916,0.801315497482198,0.770036569405713,-0.977508954011168,-0.380017585817808,-0.806845679904272,0.908570002948953,-0.571889211539521,-1.47450464580873,-0.0865856049477496,-0.546181868746947
"15",-106.625,35.625,-0.348762436708462,0.79635450582879,-0.0108146437374635,-0.811153189675906,-0.363663717631625,-0.661045301878917,0.272272680672514,-0.287504236053456,-1.09148599576573,-0.12364014336316,-0.639620162718129
"16",-107.875,34.875,-0.476719207165313,0.764179958511422,0.589161429638087,-0.905682891990484,-0.379987251702956,-0.664551623663494,0.293181572836807,-0.69659901636333,-1.30131230071968,-0.179221950986275,-0.505740441255977
"17",-107.875,35.125,-0.432596182869845,0.836168261308107,0.520781803628374,-0.937137753634025,-0.27435104155003,-0.40541976838865,0.314596650830216,-0.617344187129507,-1.24721386648834,-0.185397707388843,-0.38560204532941
"18",-108.875,33.875,-0.646592850702848,0.495297805818401,0.677393205134492,-0.734456164828537,-0.378739996186719,-1.02678132597478,0.282272363481473,-0.0616279727370601,-0.869867417692971,-0.148343168973433,-0.61046939655249
"19",-113.125,51.375,-1.13782918785903,1.63355779655564,0.395051523545997,-0.824114904316424,-0.369772350929619,-0.211420331418551,-0.786056650673348,-0.7206085675724,-0.659361871232044,-0.265682540622232,-0.569999999470572
"20",-115.125,51.625,-1.44374882297426,1.11209646011756,-0.00860884935004989,-0.596583149225616,-0.380106003186902,-0.982656092283531,-1.12058771017479,0.502013724578769,-0.457460229792637,-0.23480375860939,-0.730139450542631
"21",-118.625,36.625,-0.961337090677195,0.203210434920499,0.880326288776208,-0.409752829279861,-0.379818489597211,-1.01794128498665,-0.695927790265877,1.7111160752724,-0.820265143884789,-0.259506784219663,-0.491872388754921
"22",-119.125,46.625,-0.214187212607292,0.85097933783856,-0.165220250856175,-1.05924205906919,-0.356944413850174,-0.295464541277025,-0.0826166752793433,-0.125964245879813,-0.18493860451855,-0.315088591842778,-0.872471189340608
"23",-119.125,46.875,-0.284784051480036,0.888941708751564,-0.14536810136948,-1.06270952413225,-0.249019384073119,-0.0759400193386071,-0.13244623368784,-0.136220753192423,-0.502969303640113,-0.321264348245347,-0.872471189340608
"24",-119.375,50.375,-0.82529109909948,0.899205209599735,-0.921807725737841,-0.719182806812643,-0.0945370447917027,0.192407161379826,-0.820809777817521,-0.631097231025966,-0.325649358960405,-0.203924976596548,-0.265260427028749
"25",-133.375,58.375,-1.56655790726331,0.620958286430536,-0.58873277323892,0.0709038754148545,-0.380115271148557,-1.17836246661951,-1.62673671487853,2.88968200646711,-1.99360301771321,-0.549767335140375,-0.879179023031332
"26",-134.625,59.125,-1.8173237620092,0.811363303041085,-0.690199315059779,-0.447647268897672,-0.380126883453401,-1.19019647340863,-1.66988284354972,2.37965387010359,-2.78052738060251,-0.543591578737807,-0.879179023031332
"27",-145.125,65.125,-2.29017550570894,2.83801826649393,0.668570027584866,-1.01267895679371,-0.380124031226834,-1.18992125615593,-1.53420129475011,-0.785298136599142,-1.14837924379183,-0.716512758009721,-0.525700190850904
"28",-145.375,63.125,-2.24090479524566,2.21595305221489,1.43398068001615,-0.993855575022771,-0.380130447157543,-1.10842036108711,-1.59927895656389,0.517398485547687,-1.47280250697205,-0.697985488802016,0.2476364256244
"29",-146.375,64.875,-2.03867426722478,2.75774366966747,0.450196383231261,-0.931110969119648,-0.380121379258625,-0.949072646083747,-1.51675966064136,-0.535292128628612,-0.715287274770781,-0.722688514412289,-0.314139613159079
"30",-146.625,65.125,-2.17545564254073,2.79065517588987,0.518576009240974,-0.949521557430695,-0.380046763735556,-1.05263108154314,-1.56633067507126,-0.504438835501784,-1.07946498481443,-0.710337001607152,-0.1090763400418
"31",-146.875,63.125,-2.22619712048051,2.12386913830043,1.18693170862623,-0.952328552957941,-0.380130988627786,-1.13486864069139,-1.6364063927554,0.53627978310045,-1.3902585714234,-0.735040027217426,0.184976063055359
"32",-147.875,63.375,-2.13795107188958,1.91155307522068,0.820769840316149,-0.879016434481658,-0.380130988627786,-1.15997087195614,-1.68424920249209,0.504810953845844,-1.4547636833934,-0.741215783619994,0.137807808457151
"33",-148.625,65.375,-2.03279119731872,2.73723464257858,0.745772831144209,-0.944237801144116,-0.380097589691054,-1.10839553387515,-1.45712496295602,-0.893185244650153,-0.8146231720396,-0.735040027217426,-0.0480581012176536
"34",-148.875,61.125,-1.83497297172739,0.727925175305203,-0.615202305887835,-0.364840900843944,-0.378410765749073,-0.966397717851085,-1.78366602583739,1.86030163618312,-2.29768504103442,-0.753567296425131,-0.426630026121114
"35",-149.875,67.125,-2.45490146307866,2.75997252099001,0.487694887817222,-0.939779631777315,-0.38012601781186,-1.2029523161185,-1.69638114235136,-1.1390274454392,NA,-0.833852129658519,0.203646354121262
"36",-155.125,58.625,-1.35623815812158,0.637225306163616,-0.64387763292417,-0.254542488361603,-0.380127793976902,-1.23088147573111,-1.6352816087604,0.767328188387264,-0.838691908241565,-0.846203642463656,-0.707392592982886
"37",-159.375,62.875,-1.85115141396905,2.01744148764896,0.688422177071546,-0.784569290859058,-0.380130988627786,-1.23088143405336,-1.66500005543999,-1.00406113330277,-0.76388647475396,-0.840027886061088,-0.221296443172169
"38",-2.125,40.875,-0.355380890352783,0.388223069299092,-0.696816698222009,-0.62184610897082,-0.375198190762956,-0.640513300745663,-0.363601072899086,-0.773289718769,-0.58274817908899,-0.679458219594311,-0.318676944312359
"39",-2.375,52.125,-0.384796239883088,-0.134119022903546,-1.16444510835296,-0.400258579702421,0.317221801080961,1.49920980861023,-1.15839545303817,0.17497100276979,0.995973068261944,-0.883258180879066,0.178063358778762
"40",-2.375,52.375,-0.42009465931946,-0.120476295856684,-1.19091464100188,-0.406945833752621,0.427056089397446,1.56451616485466,-1.1843734643041,0.273340231995298,0.884810494268876,-0.883258180879066,0.178063358778762
"41",-2.625,52.125,-0.396562379695215,-0.132950673419954,-1.13356398692921,-0.355511768650453,0.476559162776833,1.36813883153807,-1.18964263862471,0.056554963796904,1.02597758061473,-0.945015744904749,0.178063358778762
"42",-2.625,52.375,-0.480396125856599,-0.110302668045718,-1.14018137009144,-0.301023031945106,-0.119488973310469,0.966067219294259,-1.22649678262925,0.153525578388874,1.16619871040572,-0.938839988502181,0.178063358778762
"43",-3.875,40.875,-0.466423834829683,0.34485034154669,-0.632848660987109,-0.546304905811147,-0.208843684577798,0.348360739309164,-0.484642299032112,-0.358600479924971,-0.124967671061493,-0.623876411971195,0.0217166042837983
"44",-36.625,-5.375,1.65442286630566,-1.15416002050876,2.26115357529495,-0.546635140579051,-0.272932091235439,0.114833244956768,1.24470380194325,-0.413867611303373,-0.218569095074601,0.228377971583236,-0.650802495901033
"45",-38.125,-11.125,1.29482021829762,-0.988452114520594,-0.20492454982955,-0.285667115237235,-0.16173379331986,0.174412893400103,1.18940116244776,0.384962999891,0.297138687235653,0.568044573724495,-0.35896109530632
"46",-38.875,-12.125,1.22275261194836,-0.989818184686024,-0.676964548735304,-0.0571446558426746,1.34860095524262,1.07503561933235,0.708037180112711,0.855765623289005,0.330592954899614,0.765668778606682,-0.586464268184624
"47",-39.625,-18.125,1.34997399866695,-1.00701988400598,-0.610790717113014,0.59432598255411,-0.294177524135821,-0.379065801190193,0.70169252832706,-0.192085673763078,1.17070326832787,1.16091718837106,-0.498339686890121
"48",-39.875,-5.375,1.35144476614347,-1.20727498549358,1.74058609986615,-0.336605828187523,-0.333435487716488,-0.290956959586088,1.11034821997964,-0.495198509133855,0.0905627336067649,0.296311292011488,0.352016213554515
"49",-4.125,37.375,0.275578357072372,0.416191558475531,0.361964607734842,-0.559844531295499,-0.149677638156717,0.477910610739391,0.213972440020296,-0.577452341105881,-0.597019437609989,-0.617700655568627,-0.324836877524432
"50",-4.125,40.375,0.118941620823471,0.467634884968443,-0.379182306434953,-0.79274260136486,0.0312292180469129,1.37887259006908,-0.0867283223081539,-0.163493738546416,-0.553828275157247,-0.60534914276349,-0.0400351522417626
"51",-4.375,40.375,0.0659939916689124,0.440565126163998,-0.399034455921644,-0.814290419971063,-0.167759496044697,0.380548013618719,-0.110241733851419,-0.24461338729162,-0.311964450271808,-0.617700655568627,-0.159912848074512
"52",-4.625,40.375,-0.134765768875443,0.399439224341574,-0.423298194183155,-0.759966800649677,-0.231932794969188,-0.138695509965559,-0.192719836282161,-0.339252977494362,-0.164803369570149,-0.636227924776332,-0.425190082610206
"53",-4.625,41.375,-0.0612273950496791,0.340842004087594,-0.546822679878121,-0.788697225457948,-0.219802638206833,0.815735888100536,-0.150853384952528,-0.794035835833147,-0.553652439377638,-0.667106706789174,0.108144290811468
"54",-4.625,41.625,-0.0656396974792256,0.31073453662581,-0.577703801301863,-0.766158702548009,1.03512567938307,1.56028613180686,-0.144781267954168,-0.857439699220205,-0.633465389997236,-0.704161245204584,0.241825134438088
"55",-4.875,41.375,-0.052402790190586,0.335934936256509,-0.526970530391434,-0.811235748367886,-0.151450256035214,0.741704929636982,-0.115675647695078,-0.712449982210095,-0.679446657340526,-0.654755193984037,0.108144290811468
"56",-40.875,-14.125,1.23010644933093,-1.03378407448395,1.2244302132122,-0.534829247626227,-0.337229689098041,-0.0967130410493966,1.0619032415043,1.00644740240815,-0.320705816027618,0.870656637450344,-0.744763601917361
"57",-40.875,-15.625,1.00654979290058,-0.988164520801556,0.256086477139128,-0.155554616680218,-0.281891637029247,-0.198161048939569,0.899066989125068,0.136742202786418,0.80924878495814,0.876832393852912,-0.631443831288187
"58",-41.125,-15.625,1.02934668878657,-0.986438958487328,0.822975634703535,-0.232003965451667,-0.256554308252672,-0.259649167449217,0.959317988457529,0.109702319871347,0.631358997332511,0.722438483788703,-0.631443831288187
"59",-42.125,-13.375,1.0094913278536,-1.09892405184604,1.21119544688772,-0.168268655244805,-0.265224520288139,-0.170994306310372,1.28181441226551,-0.540187279845994,-0.0383353162785613,0.69773545817843,-0.518776160112623
"60",-44.125,-16.875,1.01684516523619,-0.979015445614662,1.44942124072803,0.358208123497599,-0.355861585516153,0.00886835270269356,1.36706430119632,-0.958606157712788,0.11911373561465,0.815074829827229,-0.395699837898524
"61",-44.375,-14.875,1.22642953063965,-1.0591462455816,1.6170616141712,0.000811545925718642,-0.346564338196205,-0.0718422589863768,1.55467540619792,-0.801728216317604,0.252511941540812,0.802723317022092,-0.753610744857168
"62",-44.875,-17.375,1.25952179886125,-0.888621144799553,1.51118348357552,0.133813598701949,0.0985271283828295,0.517057926581211,1.61871603667288,-0.780748996814535,-0.00511654130302661,0.950941470683732,-0.180464485980471
"63",-45.125,-2.375,1.68972128574203,-1.31280390577306,1.12958105455357,1.38829292330455,-0.323963925469164,-0.138187345215596,1.18750276168099,0.418936479337952,0.972797068683908,1.01887479111198,-0.420583553815126
"64",-45.375,-2.375,1.69192743695681,-1.30681836149558,0.950911709173357,1.82370746479543,-0.319561751902198,-0.473820522508948,1.20720274759906,0.553907120565724,0.840809417761897,1.04975357312483,-0.420583553815126
"65",-45.375,-22.125,0.642534842462992,-0.794739770141109,1.03252610150752,0.753994492839154,-0.209553164165796,0.0875464748600617,0.981163391682747,-0.569091982272445,0.936929337302412,1.66732921338166,-0.152574189386628
"66",-45.375,-22.375,0.58958721330841,-0.775165422639092,0.96635226988522,0.880061615489263,0.313473851806589,0.504918217835816,0.795504647003808,-0.592495011862115,0.911117812364558,1.85260190545871,-0.794803337503304
"67",-46.375,-14.375,1.38453703436507,-1.17709561960203,1.26854610096041,0.397918854338919,-0.292981553373498,-0.288484863319572,1.35991293083776,-0.540420382284915,0.359661491062265,0.740965752996408,-0.648036588589434
"68",-49.875,-28.625,0.261606066045487,-0.672099023578869,-1.09827127673064,0.895252414813151,-0.368568116906457,-0.472276909680478,0.057959871289035,-0.139085487022936,0.537404010674867,1.13621416276078,0.317477898152186
"69",-5.125,38.875,0.358676719495499,0.53297258301237,0.152414140930885,-0.652970735846449,-0.341493912731377,-0.145703181875352,0.38372670936319,-0.697531426119021,-0.658680448412565,-0.60534914276349,-0.601836452733133
"70",-5.125,40.875,-0.146531908687579,0.330093188838551,-0.482854642643228,-0.79381586436057,-0.295777752227336,0.27514876782055,-0.170123691849227,-0.429230518918643,-0.533294092267398,-0.697985488802016,-0.699252532288599
"71",-5.875,40.375,-0.0568150926201561,0.382057778947217,-0.207130344216971,-0.612021624625453,-0.21005236259593,0.132221418740275,-0.149850953910883,-0.641819943216424,0.137373244800446,-0.642403681178901,0.241825134438088
"72",-5.875,40.625,-0.115645791680753,0.366258099007571,-0.251246231965173,-0.639431110362096,-0.338415008450682,0.00887053156796588,-0.180377257739159,-0.542518304235222,0.10022012243255,-0.636227924776332,0.241825134438088
"73",-50.375,-0.125,1.68236744835946,-1.26727422512787,0.6354831117737,3.26633804841545,-0.26572036910691,-0.920580128737565,1.01221666946588,0.0196196026266276,1.06827600987305,1.54998984173286,-0.31838445044334
"74",-54.125,-14.625,1.16686344784077,-1.02684587601216,1.08546516680537,1.21508478753515,-0.378766704740494,-0.523470902986122,1.67145346087226,-0.613847650545662,0.0823623856519353,1.24737777800701,-0.41452505367633
"75",-55.125,-4.875,1.54632145678177,-1.29159386899401,0.412697878645282,1.43658975811157,-0.380007519814742,-1.2189518263427,1.48389207946679,-1.31315496731468,1.7948055420387,1.69203223899193,-0.686101555224851
"76",-55.375,-0.375,1.50293381622456,-1.24302647969148,0.139179374606424,1.48950987966934,-0.380130988627786,-1.10622427540335,1.30391888746004,-1.25487935758393,1.70401265684481,1.10533538074794,-0.171707062178592
"77",-55.375,-3.375,1.5963275509833,-1.28388276240231,0.518576009240964,1.12385743289968,-0.372021408379158,-1.09319468184792,1.39041911872504,0.882436904901113,0.608840191212724,2.01317157192549,-0.602555319350807
"78",-55.625,-0.375,1.54632145678177,-1.2457406454149,0.114915636344913,1.61392582847988,-0.380025152869845,-1.10648445183299,1.33676097788762,-1.20452923077656,1.69284453404391,1.12386264995565,-0.171707062178592
"79",-55.625,-0.625,1.55073375921132,-1.24297255586916,0.077417131758941,1.63976669906893,-0.380045897065846,-1.10653161697635,1.32591636303741,-1.07492427473537,1.68331410933049,1.13003840635821,-0.701436855525743
"80",-55.625,-15.625,1.41101084894235,-1.03464685564106,0.759007597468666,0.651374038710754,-0.37385889063989,-0.059150228488196,1.49018704535133,-0.754874626094081,0.681167849612487,1.4635292520969,-0.642474664155632
"81",-55.625,-15.875,1.47057693174122,-1.01739123249879,0.785477130117588,0.594903893397941,-0.36922818529613,-0.392247556691108,1.54595224758124,-0.633428255415194,0.678832862022939,1.38942017526608,-0.642474664155632
"82",-55.625,-3.375,1.59485678350678,-1.28208530165832,0.511958626078733,1.34189493841303,-0.377734242005886,-1.20311153624985,1.38028271582618,0.903882329282029,1.72173093152377,1.94523825149724,-0.492001139936775
"83",-55.625,-3.625,1.60294600462762,-1.2878012268242,0.434755822519376,1.29855162512469,-0.375783185877162,-1.19327559210018,1.3994719741494,-0.17631437268718,1.59198788835389,1.98846854631521,-0.405416643590992
"84",-55.875,47.875,-0.995900126375284,0.741999292930622,-1.11371183744252,0.731703646005149,-0.35081617801504,-1.02598989935529,-1.19383925233541,-0.235901385942601,-0.188032085468514,-0.784446078437972,0.116114450545621
"85",-55.875,48.125,-1.02825701085863,0.82459261411683,-1.14900454764108,0.627432018037193,-0.380130988627786,-1.16747631382393,-1.16308441975155,-0.318884299899319,-0.913396840432402,-0.802973347645678,0.116114450545621
"86",-56.125,47.875,-1.0356108482412,0.736031723260588,-1.12032922060475,0.685388219805606,-0.380113978715994,-1.12129536085035,-1.22891716219485,-0.223981966141811,-0.454569045012155,-0.784446078437972,0.116114450545621
"87",-56.125,48.125,-1.07605695384538,0.815821005686173,-1.14900454764108,0.602912086519787,-0.380123000741729,-1.21299483491014,-1.18604277458966,-0.307074582031864,-0.574203801081396,-0.802973347645678,0.116114450545621
"88",-56.625,-29.875,0.808731567309244,-0.188689931090993,-0.901955576251157,0.376618711808647,-0.372840800413072,-0.320513580666808,0.851243354790603,-0.513147396930923,0.0517803625355054,0.395123394452581,0.00648781167813904
"89",-56.875,-18.375,1.56470605023822,-0.861048096986791,0.525193392403194,0.271604055612891,-0.379634315629054,-1.01921149839151,1.48608310961342,0.171241363747021,-0.319518656339067,1.03740206031969,0.158146399171364
"90",-58.375,-12.125,1.36100475474082,-1.19728110375701,1.14502161526544,1.27485728052707,-0.378874794921397,-1.12219328522278,1.80520376856104,-0.319439270185905,1.42939481737303,1.37089290605838,-0.224726234971893
"91",-59.875,51.875,-1.63053629249173,1.42693968403433,-0.963717819098633,0.184174400808404,-0.380130988627786,-1.23088147573111,-1.53147204729953,-1.08914352350967,-0.771064296329879,-0.883258180879066,0.352538073758623
"92",-59.875,52.125,-1.63641936239779,1.46296079734383,-0.972540996648273,0.157507943299576,-0.380130988627786,-1.23088147573111,-1.53077621729082,-1.05977261620537,-0.860730985838137,-0.889433937281634,0.352538073758623
"93",-6.125,40.125,0.28293219445495,0.390775463555554,-0.0328725876115682,-0.681701160654725,-0.121915332534952,-0.0205855369558714,0.0745403144915148,-0.813150235824835,-0.0313023994217161,-0.630052168373764,-0.203754851639595
"94",-6.125,41.875,-0.180359560647435,0.295060678938243,-0.337272213074164,-0.611113479013711,-0.342266042457854,-0.412867397573146,-0.23840419436677,-0.00311926056738799,-0.4959388738096,-0.735040027217426,-0.355768068130598
"95",-6.375,43.375,-0.127411931492877,-0.194244084789913,-0.590938567626327,-0.130787009086891,-0.272443987285273,-0.0213402324845694,-0.597726262619101,1.03553689203587,0.898062635616017,-0.796797591243109,-0.318676944312359
"96",-6.625,38.875,0.464571977804615,0.332393938590857,0.220793766940598,-0.657594022597207,0.0555431785218848,0.685179036850245,0.335965635714387,-0.700095552947174,-0.622701899218256,-0.586821873555785,-0.879179023027574
"97",-6.625,39.125,0.430008942106501,0.352651321175589,0.192118439904267,-0.619204230827533,-0.102569767299285,0.237949856998344,0.280444192333615,-0.607786987133665,-0.43555708945189,-0.60534914276349,-0.879179023027574
"98",-6.875,38.875,0.471190431448935,0.29410802474393,0.200941617453907,-0.637036908294737,0.0634078533312909,0.852841890153832,0.333412261676097,-0.733895406591012,-0.52167892161775,-0.574470360750649,-0.879179023027574
"99",-6.875,39.125,0.452070454254233,0.30562974811289,0.192118439904267,-0.58601563665246,-0.212275086716844,0.26446998811566,0.279091121266597,-0.675386694421336,-0.407990887180288,-0.623876411971195,-0.879179023027574
"100",-60.125,51.875,-1.63053629249173,1.45084591192936,-0.943865669611942,0.165928929881311,-0.380130988627786,-1.23088147573111,-1.5182423245393,-1.08960972838752,-0.78119384269459,-0.883258180879066,0.352538073758623
"101",-60.125,52.125,-1.65406857211598,1.4956745828844,-0.972540996648273,0.156764915071776,-0.380130988627786,-1.23088147573111,-1.51730856113578,-1.07958632351383,-0.756168639383153,-0.883258180879066,0.352538073758623
"102",-61.875,-3.125,1.65883516873521,-1.32220462546411,-0.319625857974879,2.00475867630277,-0.379634156019906,-1.09627624155915,1.24225233304575,-0.238086519001775,1.57581088195244,1.49440803410975,-0.730304773539686
"103",-62.875,-29.125,0.888153011041082,-0.0354923518809763,0.648717878098161,-0.343375640929713,-0.371457596455339,-0.550153062576387,1.35015282009087,-0.592868431042593,-0.254468397666975,0.246905240790941,-0.879179023050074
"104",-63.125,-29.125,0.891094545994113,-0.0294169345663001,0.730332270432331,-0.376399117720831,-0.363769557153933,-0.758546170830793,1.35664353015642,-0.531329387166921,-0.205597444707477,0.246905240790941,-0.879179023050074
"105",-63.125,-30.375,0.721220902456572,-0.102645485276333,0.589161429638087,-0.21763875304753,-0.372050780616111,-0.798089499026625,1.05463274976471,1.01344047557584,-1.1736665019391,0.271608266401214,0.0856257123900022
"106",-63.125,0.625,1.66986592480908,-1.32817219513415,-0.145368101369484,1.48207959739134,-0.38004277852602,-1.23088147573111,1.5181163961634,1.01437288533154,0.638705427087598,1.09915962434537,-0.0798745628852199
"107",-63.625,-35.375,0.415301267341346,0.223413893682919,0.0950634868582219,-0.440382104003625,-0.342364705349201,0.248392504565221,0.7773495718528,-0.960704079663098,-0.224912747404465,-0.173046194583706,-0.617898224124263
"108",-63.875,-18.625,0.58811644583193,-0.883660153146145,1.01708554079565,-0.172644265919628,-0.364244747820606,-0.686192132176832,0.830334802571984,2.39597104082818,0.752520931820194,0.870656637450344,-0.879179023042315
"109",-68.375,-17.625,-0.553199115944118,-0.685220487009977,2.11998273450071,-0.854166268196341,-0.363179675528308,-0.770998265828528,0.426795159648463,-0.222235553155014,-1.50515227608106,-0.56829460434808,-0.399719049667691
"110",-68.375,-17.875,-0.712042003407798,-0.706358625359265,2.41114759363884,-0.878686199713747,-0.368544832455238,-0.715887927387711,0.298802334621745,-0.583544333485673,-1.46478907302008,-0.611524899166059,-0.129831976958273
"111",-68.375,-19.625,-0.649534385655882,-0.570165024787366,3.92211674901477,-1.09845743775864,-0.377799481059431,-0.964765813421829,0.259470774137736,-0.800096499245145,-1.77504405324348,-0.685633975996879,0.522804160744983
"112",-68.625,-20.875,-1.05326005795939,-0.576276391316922,4.44489001883097,-1.22584549948038,-0.377788328703407,-0.697984359389619,-0.15987680206465,-1.17912106493395,-1.9101876150712,-0.765918809230267,-0.425264156578628
"113",-68.875,-10.375,1.45292772202304,-1.19280542650448,0.494312270979453,1.03304287172411,-0.378937347861332,-0.711880059992279,1.48889653172779,-1.16979696737703,1.83392561560954,1.86495341826385,-0.114435013650171
"114",-68.875,-18.375,-0.888534100589647,-0.702008770358816,3.15008871342123,-0.920048104394623,-0.376066267083006,-0.801510900054256,0.0374398438707574,-0.787508967543302,-1.73040608168797,-0.580646117153217,-0.474969767576777
"115",-69.125,-32.875,-0.456863846232342,-0.104101428478959,-0.943865669611942,-0.996992805317926,-0.280784041066224,-0.258176913624749,0.0959510768231959,0.577072709911976,-1.57853443338535,-0.53124006593267,0.523152681965038
"116",-69.125,-33.125,-0.0884365933652043,0.0158790761821795,-0.727697819645733,-0.969665878273277,-0.289331832781595,-0.279936096018399,0.437859477157264,0.602247773315661,-1.34876307954024,-0.500361283919829,-0.480279256745102
"117",-69.125,-34.375,-0.311257866057316,0.0176585623187238,-0.954894641549013,-0.814868330814912,-0.365895973302071,-0.728774570768722,0.309084834976,0.246999656397,-1.58421019741837,-0.506537040322397,-0.637381952721553
"118",-69.375,-12.875,1.47425385043251,-1.12358521325354,0.183295262354627,2.16236321928838,-0.369501432280052,-0.877661206428538,1.44115359460193,0.066811471109515,1.58453870927371,2.25402607162565,-0.879179023035595
"119",-69.625,-17.125,-0.984869370301408,-0.847926633555683,2.37585488344028,-0.667666183018501,-0.364554249030702,-0.506562576551981,-0.157014261850486,-0.163027533668569,-1.45842465326198,-0.562118847945512,0.0464049642515172
"120",-69.625,-33.125,-1.86291755378118,-0.283182442402393,0.677393205134478,-0.800750794486706,-0.29308223666535,-0.574394433954602,-1.10567405472681,0.893159617091571,-2.29664232324542,-0.642403681178901,-0.481545647436987
"121",-69.875,-11.375,1.3874785693181,-1.1381266706724,0.245057505202106,1.18594156926698,-0.373370546324093,-1.06220348728562,1.49905128114812,-1.42830757214265,1.77176237627885,1.95758976430237,-0.879179023018384
"122",-69.875,-17.375,-1.27387517943672,-0.853966101655482,2.52143731300935,-0.771690134910523,-0.362051994081532,-0.658656424072257,-0.231463404648764,-0.413844637444488,-1.79792455679102,-0.500361283919829,0.367338048068065
"123",-7.125,38.125,0.442510465656883,0.188111764671016,0.395051523545997,-0.59972037952077,-0.328834096456706,-0.331637946107275,0.220492646330232,-0.522937699365691,-0.403828590970464,-0.617700655568627,0.340504688450014
"124",-7.125,41.875,-0.147267292425836,0.169220452251709,0.0421244215603792,-0.104615903729933,-0.313525623733525,-0.270069219449247,-0.390472590675282,0.652131695245182,-0.196719308203628,-0.735040027217426,0.913530463725206
"125",-7.375,40.125,0.239544553897742,0.23757788434554,0.32446610314887,-0.104863579805871,-0.211299375055231,0.549192174284898,-0.171825533857333,-0.509883962786004,-0.27202704566983,-0.722688514412289,-0.0400351522417626
"126",-7.375,41.375,0.0740832127897477,0.175457641033347,0.262703860301387,-0.0189199814569865,-0.235465881738933,0.0132511296269008,-0.176805106516049,0.0504943003849062,-0.464830763517034,-0.765918809230267,0.0603903852342871
"127",-7.625,40.375,-0.161974967191003,0.113319423113715,0.381816757221537,0.499548604163599,-0.00280481836824926,0.411128219566613,-0.468055350568891,-0.312679299457138,-0.183929245216213,-0.778270322035404,-0.0384434351666473
"128",-7.875,37.125,0.44324584939514,-0.173213794085265,0.77224236379313,-0.609214629098222,0.457217195271888,1.35761579986772,-0.0578926877577378,-0.412873800095936,-0.390194154378534,-0.555943091542944,-0.230211764254312
"129",-70.375,-12.875,1.39042010427113,-1.15935468205888,-0.107869596783509,3.94464026170506,-0.372010240238755,-0.891004062541765,1.22764870831822,2.41182200667497,1.50706021605385,2.35283817406675,2.75878696730641
"130",-70.375,-29.375,-1.20548449177875,-0.680169622319374,0.785477130117581,-1.19901392458759,-0.371289077994984,-0.902409337352613,-0.776967800420152,-0.623799613164048,-1.9477933123115,-0.710337001607152,0.0792430052566824
"131",-70.625,-36.625,-0.790728063401374,-0.118912505009416,0.955323297948159,-0.439143723623963,-0.374605069185862,-0.908653211622186,-0.239948692784954,2.057506299512,-1.76680152613804,-0.667106706789174,-0.553353830611585
"132",-70.625,-41.125,-0.614971349957773,-0.0746050976701318,0.875914700001399,-0.729585202001851,-0.377477445390938,-0.645279722200835,-0.368022034455662,1.0241631877663,-1.51972211124882,-0.555943091542944,-0.648094512631895
"133",-70.875,-27.875,0.390298220240582,-0.657539591552577,2.68246030329029,-1.28132494048946,-0.349674981816857,-0.545276398766725,0.222223194043594,-1.3730170677636,-1.90452930346016,-0.741215783619994,0.423268250526554
"134",-70.875,-30.375,-0.130353466445908,-0.575215889477967,2.47290983648633,-1.18885920547433,-0.363879047575401,-0.103223528392496,-0.0412455447113085,0.0858846652646636,-1.59169461884775,-0.617700655568627,-0.190057160888032
"135",-70.875,-31.125,-0.385531623621364,-0.52102244804676,2.05160310849099,-1.09193530109239,-0.351079869080562,-0.22670540863611,-0.126214698165522,0.551082751205278,-1.39481194044928,-0.592997629958354,0.523152681965038
"136",-70.875,-34.625,-0.0479904877610512,-0.160559670447596,1.77367301567731,-0.18139548726927,-0.201200048672806,0.0288778036374522,0.286559158953179,3.26824036727809,-0.210244910934306,-0.549767335140375,-0.581254538671309
"137",-71.875,-11.375,1.44336773342569,-1.25808920072609,0.0310954496233286,1.47052138051445,-0.375213541486862,-1.09827213884655,1.60409128934554,-1.04322234304184,1.85449379666559,1.95758976430237,2.29884812976532
"138",-71.875,-35.375,0.0939385737227071,-0.23452518006266,1.86411058556113,-0.158113936131542,-0.309935199238034,-0.0613553699344251,0.384224593209064,0.461920986378676,-0.0068741169433563,-0.506537040322397,-0.674089366790487
"139",-71.875,-46.875,-1.17386299103367,-0.276136396285963,-0.544616885490718,-0.774249454361834,-0.377793649977545,-1.05770158335359,-1.17629873682899,1.16122742185303,-1.72809906733973,-0.555943091542944,-0.242336253823025
"140",-72.125,4.625,1.66986592480908,-1.14641296470218,0.615630962287009,1.54292535337898,-0.366864297874336,-0.255914273186107,1.43237461733526,0.410171363643103,0.342235801199447,0.852129368242639,1.07188078988778
"141",-72.375,10.625,1.54558607304353,-1.25905982952785,0.38843414038376,0.463553014461267,-0.259841074527468,0.00933592450627761,1.33684478775609,2.71851015067268,1.64160186978659,1.17944445757876,3.19970383994115
"142",-72.375,10.875,1.5058753511776,-1.24536317865866,0.593573018412904,0.370426809910313,-0.146458643912909,0.0201758792062955,1.28189493823521,3.32566187510371,1.69181280934895,1.14238991916335,3.19970383994115
"143",-72.875,-13.875,-0.330377843252043,-1.11129058176467,1.26413451218559,-0.306306788231684,-0.345454954444576,-0.395802469639396,0.407889075714429,1.62370266067627,-0.381717429853699,-0.216276489401685,2.97612214582312
"144",-72.875,-38.375,-0.0847596746739272,-0.456673353412023,0.781065541342764,0.0950110134723842,-0.286829079378354,-0.320457177344276,-0.0820700546272951,-0.214524144792728,0.178736805940652,-0.49418552751726,-0.401564909791478
"145",-73.875,11.125,1.07567586429679,-1.28418833072878,0.805329279604272,1.72001374767138,0.345059800830434,-0.165679447065803,0.909815680159491,2.20768254578814,1.31230854863307,1.63645043136882,0.859778620410873
"146",-73.875,4.625,-0.0568150926201326,-1.32756105848119,-0.388005483984586,0.442583106698933,-0.139776364192254,0.528377646161111,0.0501854639861009,0.217162544214854,0.843924978164294,1.35854139325324,-0.217285502213786
"147",-74.125,40.375,-0.137707303828486,1.0060822254372,-1.2394421175249,0.22553630548928,2.60151454362679,3.28034516910384,-0.315134947720259,0.96064990894873,-0.0525733023085482,-0.0680583357400446,0.742439429879411
"148",-74.375,40.125,-0.146531908687579,1.01163637913612,-1.19312043538928,0.197796584984741,0.584020295748811,1.9339709662254,-0.218345333933133,1.16349746741821,0.288771896338081,-0.0804098485451813,-0.473774409818762
"149",-75.375,-10.125,1.16024499419645,-1.28931109384915,0.0178606832988644,1.48703311891002,-0.366843281942982,-1.01845291890999,1.50424817887443,2.67289673826874,1.49186408113995,2.04405035393833,1.72184772260635
"150",-75.625,-6.625,1.58603217864769,-1.29734574337477,-0.624025483437475,1.33091463237999,-0.360507582877005,-0.785374006273214,1.85939703300917,-1.13413229422181,1.60018880218744,2.23549880241795,0.261385991320131
"151",-75.875,-5.375,1.64706902892308,-1.3398736645775,-0.77622529616877,1.4145465873535,-0.371377946263814,-0.945578958180263,1.48502683506421,-0.968396460147556,1.57345931175798,2.0502261103409,4.92839413380426
"152",-75.875,-8.125,1.21025108839798,-1.28674072498525,-0.551234268652938,1.62234681506163,-0.372935152230533,-1.103117417537,1.72820732545773,0.21832805640947,1.24406445909757,1.75996555942019,-0.438745514007119
"153",-75.875,-8.375,1.09773737644455,-1.2852308579603,-0.458590904381713,1.47076905659042,-0.366683094311684,-1.04613247272923,1.67078764208128,0.67124609523687,1.23068120439649,1.72291102100478,4.78963006526275
"154",-75.875,0.625,1.48528460650638,-1.27550659533533,-0.749755763519852,3.33576990836879,-0.347304223482598,-0.787062471918467,1.21615631628579,-0.793802733394225,1.65044629792274,1.91435946948439,0.219733964675004
"155",-75.875,40.625,-0.361263960258842,1.10871723391886,-1.18429725783964,0.238415461437816,-0.124343853942432,1.00587654202953,-0.274608626755187,-0.915016001634187,0.489727638560692,-0.0742340921426129,0.742439429879411
"156",-76.125,0.625,1.46469386183516,-1.28251669223688,-0.831370155854026,3.6830117668274,-0.326114566485204,-0.700277277653544,1.22152216306065,-0.435058079891716,1.65217768023653,1.93906249509467,0.296090863750107
"157",-76.125,40.625,-0.396562379695213,1.10499649017881,-1.13797557570404,0.223637455573791,0.0995250290043815,1.46813442292122,-0.30764250344589,-0.952079289422947,0.460462561243909,-0.105112874155455,0.742439429879411
"158",-76.375,-1.875,1.49116767641244,-1.28672275037781,-1.02768585633353,2.71806577499093,-0.379684769392531,-1.13209139388625,1.35406113611359,-1.40546353312819,1.59612589872008,1.79084434143303,0.0401806020403556
"159",-76.375,-5.375,1.58823832986246,-1.3437022559622,-0.866662866052584,1.47159464351016,-0.375833900809804,-1.09554615788602,1.36007763393645,-0.805457855340374,1.5979434356434,1.93906249509467,1.41501399172551
"160",-76.625,-5.375,1.56544143397647,-1.33563165722169,-0.890926604314095,1.47621793026092,-0.372148528013479,-1.06824959727229,1.27669562518918,-0.543683816429838,1.71828933354758,1.97611703351008,0.110837470255767
"161",-76.625,0.625,1.42939544239879,-1.29757941327149,-0.926219314512657,3.47735806511072,-0.30158908868627,-0.234899532922686,1.25537224996125,0.0306805930764495,1.68833817584346,2.17991699479483,-0.0883426748906077
"162",-76.875,0.625,1.34776784745218,-1.32998763048557,-0.992393146134964,3.24132276474619,-0.294315708896703,-0.261650421261856,1.21879225007248,0.407374134376028,1.65274992639874,2.55046237894893,-0.0883426748906077
"163",-77.125,-6.625,0.745488565819078,-1.2818516317616,-0.432121371732799,0.0936900744007395,-0.37083869704899,-1.02484059367348,1.04576911789801,2.12347428972718,1.30653541621374,2.13051094357429,0.717402776434881
"164",-77.375,-2.875,1.52646609584881,-1.27527292543861,-1.15782772519072,2.0462856983676,-0.375072238065002,-1.03803762507783,1.38247657861644,-0.588672587141977,1.84541297375741,1.74143829021248,-0.349857495174223
"165",-77.375,-3.125,1.544115305567,-1.28215720008808,-1.15782772519072,1.92153951478915,-0.378811538192005,-1.16381472345137,1.39207294515755,-0.739489865125162,1.78416265245148,1.69203223899193,-0.349857495174223
"166",-77.375,-7.625,0.0123109787760963,-1.24653152814226,0.304613953662179,0.0920389005611836,-0.375705145969209,-0.959874599648491,0.694786910664154,3.8833977035959,0.264546779760561,1.04975357312483,0.388839111040915
"167",-77.625,-2.875,1.50808150239237,-1.271570156306,-1.10488865989288,1.99105393343445,-0.367459469759179,-0.806156016080327,1.36076235746632,0.172173773502715,1.72829044440803,1.60557164935598,-0.349857495174223
"168",-77.625,-3.125,1.52940763080184,-1.27741190372395,-1.10709445428029,1.88562648377881,-0.378811538053545,-1.06158123822529,1.37078044285166,-0.13365662636427,1.71701021674172,1.59322013655084,-0.349857495174223
"169",-77.625,-5.875,0.330732137441692,-1.29682447975901,-0.729903614033154,0.213235060384589,-0.33583107570959,-0.657992572634648,0.570303501494543,1.15633227063564,0.76604447536318,2.40224422528729,2.69305352598112
"170",-77.875,-0.625,0.287344496884508,-1.29373284727936,-0.749755763519852,1.84797972023699,-0.37010257786003,-0.612955215134727,0.541871003329634,1.87032504105681,1.16934922726964,2.6554502377926,-0.517236687402803
"171",-77.875,0.125,-0.317140935963366,-1.3180524911455,-1.0210684731713,0.26838426662577,-0.352490305799602,-0.762968251343937,-0.0727068023043568,1.28733584131038,0.402795178290224,0.88300815025548,-0.0440657034062812
"172",-77.875,0.625,-0.278165597835705,-1.32179120949299,-0.568880623752219,-0.0097559666474525,-0.02622101210637,0.0914601160608159,-0.0455079799492103,0.851900485402202,0.55027355358199,0.530990035309085,-0.667450411891778
"173",-78.125,-4.125,1.12641734223659,-1.27441014428149,-1.18650305222706,2.30873978016501,-0.373400516152094,-1.08474040421234,1.18471378796028,0.143269071076259,1.60976639760952,1.21649899599417,-0.26834016819819
"174",-78.375,0.375,-0.111233489251206,-1.38556511668965,-0.0461073539360253,0.28687741362877,-0.137119466636419,-0.15844249908384,0.230899827110332,1.01933350555423,0.637553044505841,1.45735349569434,0.00630375444658526
"175",-78.625,-1.125,-0.133295001398904,-1.26713042826834,-0.62623127782491,-0.508905818345204,0.74525357292244,0.661846885233318,0.16502074420263,1.52719825096215,0.291998839896096,0.228377971583236,0.109888066752882
"176",-78.625,-1.375,-0.24360256213759,-1.26626764711123,-0.771813707393967,-0.368225807215026,1.14948431789796,0.466461683234409,0.181354790739112,1.46938884610924,0.217946093188583,0.203674945972963,0.0789654152259991
"177",-78.875,-3.875,0.845500754222132,-1.29637511457301,-1.11371183744252,1.21607549183889,-0.302370576057193,-0.553571473677551,1.03673847045489,1.55796777289999,1.28639700827178,2.06257762314603,6.29296811669562
"178",-78.875,-4.875,0.741076263389543,-1.32533220715865,-0.630642866599702,0.539754687156773,-0.333614979920159,-0.731268675909036,1.07697398969977,1.98477833856801,1.28324087468526,1.36471714965581,1.5480949739885
"179",-78.875,-5.875,0.917568360571404,-1.31075480052491,-0.242423054415511,-0.310104488062677,-0.0496359298020659,-0.136504118655341,1.20639901682481,2.76660391871578,0.651428591740317,0.388947638050013,4.34848360450507
"180",-79.375,-0.125,1.36615244090862,-1.21946176933781,1.30604460554637,2.41400211243672,0.0680474372497495,0.398615479652372,1.09289790421382,1.06070746345053,1.68671458742794,0.740965752996408,0.209666481678346
"181",-8.875,39.375,0.321907532582623,-0.359862117740875,0.50975283169132,-0.311673103210243,-0.0206683843875892,1.31164350186773,-0.46749261493036,-0.249574644254167,0.195432454783261,-0.679458219594311,-0.0400351522417626
"182",-96.875,19.375,0.894771464685402,-0.812930072870258,1.03473189589493,0.672590962079511,0.641610939625525,0.342982054074476,0.840734972861553,2.16481713840924,0.862030988731879,0.568044573724495,-0.879179023062424
"183",-98.625,19.125,-0.242867178399344,-1.03712749526462,1.54427039938667,0.0461369282910648,-0.161432397832887,0.340592287832411,0.620599554219146,0.415998921003091,-0.237573184162071,-0.142167412570865,-0.486177357534564
"184",0.375,46.125,-0.139178071305001,0.122127124556108,-1.07621333285655,-0.210868940305351,-0.261233496745228,0.517632480822356,-0.5441195510292,-0.0413480174850842,0.506641630351013,-0.833852129658519,-0.804261735169897
"185",1.125,42.875,-0.518636080246002,0.174900571999568,-1.08944809918101,0.0236796431340324,-0.269807325836884,-0.239349327497784,-0.830147411919424,0.314599541716659,0.563496768968849,-0.747391540022562,1.93039353867156
"186",10.875,52.375,-0.468629986044475,0.383100306178729,-0.91077875380079,-0.538461830073247,0.876314429525096,1.17875932435789,-1.01123689149927,-1.2238766074484,0.359493782375696,-0.827676373255951,0.159470908921742
"187",11.625,51.375,-0.489220730715692,0.395898226675917,-0.599761745175964,-0.62151587420291,0.0887338112938222,1.1789953199847,-0.975055085798295,-1.38681538446001,0.251853689894461,-0.809149104048246,-0.879179023054902
"188",11.875,51.375,-0.445097706420227,0.419948251430464,-0.560057446202582,-0.662134750655986,1.53457980414638,1.91115436302708,-0.946336309630421,-1.36956583224338,0.116046378785052,-0.821500616853382,-0.879179023027574
"189",11.875,51.625,-0.443626938943711,0.431937458389717,-0.601967539563374,-0.674023202300788,0.819137449792188,1.71777457808581,-0.957455521191088,-1.32387774640554,0.152582380398504,-0.809149104048246,-0.879179023027574
"190",12.125,51.375,-0.431860799131587,0.449139013912814,-0.672552959960498,-0.663373131035653,1.14289595909651,2.40798850366742,-0.936671628054921,-1.35068442612316,0.212950596094556,-0.802973347645678,-0.879179023027574
"191",12.125,51.625,-0.423771578010752,0.454818989863813,-0.679170343122728,-0.671876676309366,0.443708315432373,2.01630656184241,-0.942857600118116,-1.31781717559349,0.22888538344556,-0.802973347645678,-0.879179023027574
"192",13.375,54.125,-0.529666836319869,0.386946872170862,-0.888720809926689,-0.584199345428946,0.634149578157482,1.043479178574,-1.26066718939754,-0.649452180649238,0.450193036501977,-0.784446078437972,-0.836237128560686
"193",13.375,55.625,-0.583349849212685,0.337067192728361,-0.857839688502947,-0.444757714678448,0.0546884923497376,1.32334515033177,-1.40740965604951,-0.758864390830139,0.225633761789307,-0.846203642463656,0.504481261816434
"194",13.625,52.375,-0.420830043057721,0.568436627288094,-0.796077445655464,-0.605994840111084,7.45457266260913,2.23465716826521,-0.945093505597021,-1.1210786054864,-0.0433663062098739,-0.815324860450814,0.923041853177055
"195",13.875,41.125,0.268224519689795,0.165391860867017,-0.0130204381248736,-0.136648676217312,0.523403646908404,2.33006026352858,-0.179295134432314,0.310103149517444,0.167300479419694,-0.741215783619994,-0.879179023016204
"196",13.875,48.875,-0.834851087696837,0.539353712450384,-0.811518006367335,0.056621221702709,-0.269757428562807,-0.246404727281983,-1.02246357942233,-0.74741541395826,0.239442290539722,-0.809149104048246,-0.422517654796777
"197",13.875,51.375,-0.445833090158485,0.533889431788663,-0.72328623087093,-0.531279223871179,0.0400474056105349,1.1667446627885,-0.97630632908417,-1.0683974062707,0.151230177145756,-0.815324860450814,1.82415229128523
"198",15.375,59.125,-0.783374226018794,0.640299107832697,-0.661523988023447,-0.502466240370928,-0.231961730147077,0.347669672472371,-1.2830175567208,-0.529930734945612,0.0316529875400482,-0.877082424476498,0.865644815608832
"199",16.375,48.125,-0.353174739138008,0.652683468561908,-0.648289221698986,-0.482817271680212,8.82425748193631,2.72820103303485,-0.640081049840677,-0.659535798971509,-0.167829397982644,-0.772094565632836,0.493587636923294
"200",17.125,49.625,-0.514223777816456,0.612636043185876,-0.0549305314856658,-0.553900305473095,0.503581327581162,1.74426695031917,-0.859568879962384,-1.01525012694523,0.0109928537458912,-0.790621834840541,-0.00977152331551815
"201",18.375,57.125,-0.617177501172541,0.414034749379606,-0.747549969132442,-0.643311368885048,-0.31810900216577,0.0793823914154937,-1.48666242781636,-0.159512133910886,0.0913767708580211,-0.901785450086771,1.1946365134783
"202",19.125,47.625,-0.231836422325478,0.796120835932075,-0.780636884943593,-0.58519004973268,6.93927877437439,2.37041427363172,-0.604160116326456,-0.291467098145657,-0.316937793375615,-0.796797591243109,-0.182380133205594
"203",19.375,43.875,-0.520842231460776,0.528083489788725,-1.08503651040619,-0.0433573542824024,-0.29341719206525,-0.0368609808190203,-0.733966244330324,-0.488904597244254,0.322463593190027,-0.815324860450814,-0.0222657324834502
"204",19.625,43.875,-0.446568473896742,0.547909625591762,-1.05415538898245,-0.0985891192155481,-0.117284274666927,0.1637644909066,-0.685197541778185,-0.434825157699255,0.427320474292105,-0.802973347645678,-0.0222657324834502
"205",20.375,50.125,-0.518636080246002,0.833076628828449,-0.0637537090353062,-0.441207690923403,0.210743796639581,1.30133545292565,-0.854848111056602,-0.932265691322982,-0.0460810236334181,-0.833852129658519,0.695797212192636
"206",20.375,50.625,-0.598792907716098,0.840302421019277,-0.14095651259466,-0.477533515393633,0.00952895050906238,1.11562676793811,-0.947684604319743,-1.02317540054262,-0.0358599578700034,-0.802973347645678,-0.524908718672995
"207",20.625,44.625,-0.136971920090228,0.707883344212891,-0.796077445655464,-0.411404003119418,0.779038439312316,1.76717964151842,-0.438045097407887,0.146998816568568,0.0206335621219612,-0.784446078437972,-0.176281998422116
"208",20.625,50.625,-0.614971349957768,0.863040443227573,-0.154191278919121,-0.477533515393633,0.00431082924726507,1.82163873761162,-0.948850710440957,-1.01828022117812,0.0388500083384406,-0.809149104048246,-0.524908718672995
"209",20.875,44.625,-0.130353466445908,0.689657092268862,-0.796077445655464,-0.440134427927691,0.635752423553793,1.64721685399708,-0.406693026254923,0.20271011001716,-0.220317862806613,-0.778270322035404,-0.176281998422116
"210",20.875,48.625,-0.567171406971014,0.770039824333682,-0.266686792677037,-0.469360204887831,-0.130534230979993,0.164252629229434,-0.75391192112521,-0.426200190417802,0.333251022952005,-0.815324860450814,-0.0416282427432259
"211",21.375,49.625,-0.681155886400966,0.819415927174147,-0.255657820739986,-0.329588339369422,0.148660251622489,0.608340505194353,-0.948431974590278,-0.712683078296976,0.382942283008035,-0.833852129658519,-0.593861237785009
"212",21.625,48.125,-0.329642459513759,0.851500457657457,-0.584321184464093,-0.505520911974106,0.026654215316112,1.24521445078677,-0.575207523222401,-0.16745652482205,-0.116562776947514,-0.833852129658519,-0.854640797629636
"213",22.625,44.625,-0.228894887372447,0.806312582147341,-0.665935576798267,-0.497099925392371,0.932425633217675,0.624827904933004,-0.442720195064988,0.0633150696085334,-0.0132709459064863,-0.697985488802016,-0.384550000356812
"214",23.375,43.125,-0.51937146398426,0.671197314224975,-0.749755763519852,-0.422879661304332,-0.175134774681294,0.0665914284421155,-0.605619610577784,-0.165591822036712,0.310309230292373,-0.741215783619994,-0.826123964740585
"215",25.625,65.125,-1.300348994014,1.23710985486186,-0.346095390623801,-0.705312946560373,-0.15330704023719,1.08643783514782,-1.60858058510374,-0.645655099787809,-0.41674232463355,-0.858555155268793,1.1981208408896
"216",26.375,44.125,-0.182565711862209,0.945849315906197,-0.681376137510138,-0.566614344037675,-0.174665907558408,0.773439319467454,-0.34900179991835,-0.472587587593429,-0.261431175539795,-0.735040027217426,-0.522289478925386
"217",27.375,42.375,0.0211355836351894,0.626745966229315,-0.774019501781363,-0.55406542285705,0.124395030693822,0.221035661205638,-0.42231060759736,0.180045387501422,0.0130484089084286,-0.525064309530102,-0.879179023027574
"218",27.875,42.875,-0.0391658829019465,0.602857856738587,-0.90195557625115,-0.584447021504879,-0.218909783314565,0.486623897541099,-0.605189953341551,-0.00543002602364993,0.143024159366828,-0.60534914276349,0.00720009950698541
"219",30.375,36.875,-0.0332828129958844,0.596746490209031,0.792094513279818,-0.516831452775064,-0.0808414242249699,0.0673366777899527,0.00497346119702743,-0.147181466527834,-0.775842877018007,-0.45713098910185,-0.631498966473837
"220",30.375,37.125,0.0718770615749744,0.599442681325011,0.591367224025498,-0.621185639434999,-0.267382522737631,0.151471602914027,0.162075110260416,-0.167230558173263,-0.747357492918598,-0.463306745504419,-0.507658938186672
"221",30.625,36.875,0.584439527140629,0.416263313108431,1.6170616141712,-0.118238087906264,2.16048071036252,1.28919658313163,0.325632787466157,-0.0497730176644806,-0.659665344391974,-0.438603719894145,-0.507658938186672
"222",30.625,37.125,0.349116730898148,0.506010671852564,1.21119544688774,-0.356667590338139,0.94793513694667,0.329193699057242,0.271348536995864,-0.0877419145473936,-0.393447751277803,-0.432427963491577,-0.507658938186672
"223",33.625,39.875,-0.249485632043664,0.776690141492715,-0.0637537090353062,-0.760379594109563,-0.125325680331286,0.583831738308483,-0.190425019165226,-0.689605804150035,-1.12553692616494,-0.592997629958354,-0.551134678597965
"224",35.125,38.125,-0.448774625111516,0.690699907094094,0.108298253182683,-0.76500288086032,-0.249813850496889,0.121593314476989,-0.234798112245128,-0.141582005323965,-1.19879378942259,-0.450955232699282,-0.404830194270911
"225",35.375,37.875,-0.626002106031635,0.72470757677661,0.150208346543475,-0.596995942685504,-0.309174741926735,-0.142630121886133,-0.420615062490078,0.354925985733956,-1.32962902854981,-0.500361283919829,-0.879179023048168
"226",35.375,38.625,-0.667918979112327,0.704827948541832,0.0333012440107388,-0.735529427824247,0.302496242238815,0.449604878269535,-0.210485618721738,-0.710119064173852,-1.13913039862462,-0.506537040322397,-0.62605196645369
"227",36.875,55.625,-0.955454020771109,1.37927116890065,-0.504912586517329,-0.452435673032383,0.599295821162928,1.872590193441,-1.21716433217565,-0.876554015528116,-0.278548035995734,-0.784446078437972,0.178063358778762
"228",4.625,43.625,0.164535412595452,0.28305364116841,-0.418886605408335,-0.441620484383292,-0.00957696661495845,1.22996043871879,-0.285952392900925,0.555933834352643,-0.298171186031792,-0.574470360750649,-0.593861237785009
"229",40.125,44.125,-0.529666836319869,0.567987118305238,-0.981364174197914,-0.0111594644110618,-0.28630339252213,-0.348290498205741,-0.754411078087696,0.812915265964876,0.497324242905202,-0.636227924776332,0.981680448217709
"230",40.625,44.125,-0.423036194272494,0.62043702281478,-0.840193333403666,-0.0922320999332578,-0.293066145693815,-0.292605839560023,-0.660305718393809,0.715794723846932,0.508336303381826,-0.636227924776332,1.18010494684377
"231",44.625,40.625,-1.05914312786545,0.752712015167928,0.0840345149211714,-0.57132018948041,-0.1903389944364,0.551022135769953,-0.818865124215369,0.997822512924639,-0.235319512074158,-0.586821873555785,1.20641856208387
"232",44.875,41.125,-0.425977729225525,0.751705437151295,0.117121430732323,-0.557863122688029,-0.141214895811703,-0.0112142181790021,-0.373299897069873,0.735815521867977,0.13216749915509,-0.525064309530102,0.766581278373001
"233",45.125,43.625,-0.260516388117531,1.27936830074985,-0.0174320268996939,-0.641577636353515,-0.180891544914825,0.588177784088619,-0.349299655888009,0.121124297070483,-0.474818570546078,-0.667106706789174,-0.115277520972344
"234",46.125,40.125,-0.820878796669939,0.757331633076834,0.0685939542093006,-0.540525797372692,-0.265397131573401,0.0071982848333362,-0.762686261564738,0.814604089463509,-0.136622668012374,-0.463306745504419,0.262790891581649
"235",46.625,40.125,-0.286254818956552,0.801099945989779,0.187706851129447,-0.598894792600994,-0.14647194995588,-0.0907067366989492,-0.52811823191252,0.463318860744524,0.0951424654284447,-0.488009771114692,-0.315697856287156
"236",5.875,52.125,-0.421565426795979,0.135464283276492,-1.09827127673065,-0.27534727874001,1.92782514582728,1.72114062097354,-1.08313510294864,0.4218266429334,0.174447418616132,-0.784446078437972,0.524978274654621
"237",59.875,57.375,-1.34741355326249,1.90197332843953,-0.0086088493500534,-0.534168778090402,-0.131343087164044,0.207010068479343,-1.27180501695631,-1.0392595613117,-0.125180494954267,-0.716512758009721,0.206960509069639
"238",6.375,46.625,-0.639974397058532,0.368954433920411,-1.2173841736508,0.30495776717192,-0.0129382030999518,1.10542306228397,-0.930381902828962,1.24910698503276,0.296222306754628,-0.790621834840541,1.68620425386729
"239",6.625,46.625,-0.482602277071372,0.40256666223925,-1.18870884661446,0.0018854693909658,2.25410453603605,1.61470286703319,-0.805319875781833,1.70785254619651,0.156956419133834,-0.778270322035404,0.178543810619701
"240",7.375,46.125,-1.31285051756438,0.217536053253222,-1.32546809863389,0.848524195153731,0.0559054469094754,0.272236775566542,-1.53477857758164,2.31788182285752,-0.879157539377573,-0.790621834840541,-0.795884465961215
"241",74.375,42.625,-1.38271197269886,1.51857351377849,-0.0086088493500534,-0.716706046053309,-0.0170545423741114,0.0489290188983754,-0.922183665477415,-0.273051772135199,-0.97409752679869,-0.370670399465893,-0.253275283502063
"242",74.875,46.875,-0.776755772374474,2.44369060949375,-0.807106417592515,-1.13049021024602,-0.37025641565256,0.136506996009457,-0.756070135838695,-0.973304064105155,-1.91783810633969,-0.728864270814857,-0.851363291444775
"243",8.625,45.625,-0.154621129808414,0.601096345209479,-0.831370155854026,0.111028060185613,0.786449160157693,2.72628325804642,-0.466953756756419,0.854464453371041,0.0787650450954679,-0.697985488802016,-0.793295234062323
"244",8.875,61.375,-1.69672082893492,0.60932871541694,-0.643877632924166,-0.249176173383049,-0.364798838580411,-0.642714046515941,-1.74079338934245,1.04187912720516,-1.32685686458284,-0.988246039722728,1.46406251955253
"245",83.125,51.125,-1.47757647493411,1.95319952167456,-0.343889596236391,-0.445913536366137,-0.360258813839827,-0.498916570143844,-1.0702865892708,-0.215009313445229,-0.386395083332101,-0.56829460434808,0.125307608538077
"246",9.125,50.625,-0.523783766413807,0.395916057486497,-1.13356398692921,-0.314645216121441,-0.00954263320197661,0.367036218858166,-0.970192835306925,-0.797765447932583,0.677182005403543,-0.864730911671361,-0.855129707047151
"247",9.625,53.875,-0.514959161554714,0.298350175896599,-0.939454080837121,-0.287070613000857,0.619047522374158,1.16534359401457,-1.13250224778649,-0.221069884257283,0.871052305530846,-0.802973347645678,-0.375086989783219
