,x,y,Temperature,Temperature_seasonality,rainseasonality,Precipitation,Humanpopdens,Human_footprint,PET,Ec.Het,EVI,Host_richness,Degree_of_generalism
1,-1.375,42.125,0.651691054,-0.243976676,-0.805721511,-0.569799113,-0.139027722,0.603102168,0.345200398,1.212553289,-0.362590396,-0.46347073,-0.252374092
2,-104.625,33.625,0.898781335,0.287447647,1.056794702,-0.925494848,-0.16397418,-0.323869725,1.631892934,-1.104088099,-1.098404148,0.054122997,1.309583772
3,-105.125,35.875,0.142975769,0.093787192,1.347638074,-0.753915637,-0.162935543,-0.15839699,0.770661185,-0.684380628,-0.845686526,0.115016377,-0.525926233
4,-105.375,35.875,-0.072864858,-0.025043894,0.835865601,-0.607107733,-0.156149331,-0.360020668,0.419239766,-0.6397444,-0.353871435,0.137851394,0.264118692
5,-106.375,35.375,0.476547649,0.341572402,0.36044855,-0.92731478,-0.149662646,0.193395407,1.021879474,-0.420159544,-1.147123232,0.183521429,-0.414565774
6,-106.625,33.875,0.707649735,0.254415497,1.193826675,-1.010121718,-0.164280462,-0.538912026,1.492955715,-0.735997878,-1.299658957,0.198744774,0.114028543
7,-106.625,35.625,0.271608063,0.249547973,0.20384058,-0.806390363,-0.158337882,-0.392010758,0.835628854,-0.477911631,-0.886912789,0.153074739,-0.047622817
8,-107.875,34.875,0.145155978,0.217979608,0.964507862,-0.922158304,-0.164269439,-0.395543555,0.857228782,-0.849175044,-1.113024503,0.084569687,0.588002483
9,-107.875,35.125,0.188760145,0.28861162,0.877814165,-0.960680213,-0.125883924,-0.134455082,0.879351626,-0.777249368,-1.054727286,0.076958015,0.221598804
10,-109.875,54.375,-0.739281881,1.448951842,1.017642709,-0.716809232,-0.162020713,-0.824870779,-0.575286052,-1.002757515,-0.282610998,-0.075275434,0.076707004
11,-113.125,51.375,-0.508179795,1.07097799,0.718409624,-0.822264221,-0.160557604,0.061009179,-0.257678115,-0.870964292,-0.421249886,-0.021993727,1.571035552
12,-113.375,49.625,-0.30106,0.513311361,0.338075983,-0.744007115,-0.150943952,-0.02580188,-0.173004764,-0.589396428,-0.322503355,0.008452963,1.121707202
13,-114.125,52.375,-0.617190213,0.89675236,1.08196384,-0.649876152,-0.10812702,0.622072586,-0.42917288,-1.091606879,-0.310522781,-0.0296054,0.736443763
14,-114.375,51.875,-0.599748546,0.782682984,0.905779874,-0.650280581,-0.159784768,-0.156812249,-0.432118938,-0.795019241,-0.000769379,0.016064635,0.713009973
15,-114.875,50.875,-0.927506536,0.406296368,-0.442167295,-0.451200166,-0.164309378,-0.685550485,-0.705380985,0.066819588,-0.558928489,0.016064635,2.14756393
16,-114.875,51.625,-0.734921464,0.622054678,0.371634834,-0.575461126,-0.163610288,-0.504139649,-0.537219541,-0.034510996,-0.05218584,0.016064635,1.641661668
17,-115.125,51.375,-0.868640911,0.493347457,-0.126154785,-0.510752408,-0.164263948,-0.663449498,-0.681200461,0.262076642,-0.353202517,-0.006770382,1.098530925
18,-115.125,51.625,-0.810502021,0.559341211,0.206637151,-0.543612304,-0.164312591,-0.716049923,-0.60326538,0.238595025,-0.203677899,0.016064635,0.538391674
19,-115.625,52.125,-0.881722161,0.509219819,0.458328531,-0.500843885,-0.16432167,-0.848174997,-0.647604013,0.501335286,-0.23321993,-0.044828745,1.790320802
20,-116.125,53.375,-0.663701325,0.730163101,1.129505545,-0.519649857,-0.164084159,-0.937653653,-0.446556372,-0.585588598,-0.150587823,-0.120945469,1.514470277
21,-117.125,50.875,-0.999453412,0.179374496,-0.724620955,0.011467168,-0.164262012,-0.885949924,-0.898444786,0.097705319,-1.098194679,-0.113333797,-0.076758545
22,-117.125,52.875,-1.029249593,0.348803145,0.284941136,-0.491137578,-0.164218611,-0.952773386,-0.873203535,1.122857741,-0.669423814,-0.128557142,2.14756393
23,-117.375,52.875,-1.105556886,0.312402527,0.075198319,-0.479308015,-0.164245915,-0.885008875,-0.932419408,1.067644208,-1.069509588,-0.143780487,1.311092914
24,-117.625,52.875,-1.045964524,0.323795356,-0.075816509,-0.498113986,-0.164310928,-0.948958724,-0.928495604,0.957005595,-1.167631044,-0.151392159,1.362098334
25,-118.625,36.625,-0.333763126,-0.332421006,1.33365522,-0.314806321,-0.164208116,-0.751601543,-0.164570508,1.335884668,-0.594641467,-0.014382055,0.624184697
26,-118.625,53.125,-1.059045774,0.220483914,-0.828094078,-0.34139756,-0.164317119,-0.947184274,-0.971549427,0.444852477,-1.387697546,-0.181838849,1.894612799
27,-119.125,38.625,-0.080858956,0.042537098,-0.20445877,-0.978070681,-0.16432086,-0.633475859,0.559584752,0.531797925,-1.200023485,0.115016377,-1.413604583
28,-119.375,50.375,-0.199316943,0.350460925,-0.951143197,-0.693756751,-0.060544087,0.467885837,-0.293579828,-0.789730588,-0.061636691,0.054122997,1.851738451
29,-120.125,38.625,-0.218938819,-0.218792528,1.400772921,0.445521116,-0.163802347,-0.492726238,0.06038217,1.347096612,-0.376526685,0.069346342,-1.310585257
30,-120.375,38.625,0.232364312,-0.197470655,1.635684876,0.666036294,-0.163910906,-0.469081447,0.49135142,0.94156273,0.415468458,0.038899652,-1.310585257
31,-120.375,52.375,-0.70585202,0.223552571,-1.015464328,0.00408633,-0.16428849,-0.905501806,-0.725168594,0.137687533,-0.566843372,-0.120945469,0.366979673
32,-120.375,55.875,-0.702218339,1.099812781,0.248585715,-0.644820783,-0.151104522,-0.422269282,-0.6444124,-1.237573691,-0.179322458,-0.265567246,0.671247388
33,-120.625,49.125,-0.584487087,0.206868954,-0.134544497,-0.477993619,-0.1641817,-0.794840683,-0.500141507,-0.162707935,-0.432298911,0.06173467,1.328094721
34,-120.875,46.625,-0.120829442,0.023913526,1.000863284,-0.390434635,-0.154297411,-0.07606512,-0.056434166,1.245131389,-0.6030676,-0.0296054,-1.413604583
35,-121.125,54.875,-0.795967299,0.567859379,-0.691062105,-0.3021679,-0.164321047,-0.848058679,-0.772179595,-0.368542295,-0.216464562,-0.197062194,0.368856802
36,-121.125,55.125,-0.746549242,0.672493518,-0.500895284,-0.403881916,-0.158702801,-0.69162442,-0.735723697,-0.55068349,-0.249002931,-0.204673866,0.876641108
37,-121.125,55.375,-0.735648201,0.763071799,-0.265983329,-0.494271906,-0.164230391,-0.768452689,-0.723618551,-0.810885199,-0.136730863,-0.250343901,0.218957054
38,-121.125,57.875,-0.976924593,1.637550777,0.438752535,-0.732784197,-0.16432167,-0.897181643,-0.737378535,-1.431138377,-0.175465905,-0.37213066,0.736443763
39,-121.375,55.625,-0.680416255,0.85072251,-0.039461087,-0.58223532,-0.16383536,-0.628712572,-0.680481845,-0.962775302,0.014374827,-0.250343901,0.177543764
40,-121.375,58.625,-1.037970427,1.866906411,0.494683953,-0.750073557,-0.164317915,-0.878123768,-0.714268464,-1.258516756,-0.27413969,-0.37213066,2.14756393
41,-124.625,58.875,-1.125178761,1.316876152,0.382821117,-0.665648902,-0.16431774,-0.922280049,-0.906294598,0.489065612,-0.545310042,-0.43302404,2.14756393
42,-126.625,55.125,-0.755270076,0.518954868,-0.758179806,-0.571012402,-0.164278866,-0.961077189,-0.691932305,-0.472834524,-0.288688417,-0.364518988,0.212800033
43,-127.125,55.625,-0.798874243,0.48770395,-0.679875821,-0.602153472,-0.16432167,-0.966149573,-0.761534632,-0.13584158,-0.460334636,-0.379742333,0.88850383
44,-128.375,60.375,-1.40642564,1.782183269,-0.405811874,-0.649471722,-0.164321447,-0.936207202,-0.961041793,-0.455910836,-0.510841294,-0.509140765,0.960507759
45,-129.125,57.875,-1.10483015,0.762242909,-0.302338751,-0.65917803,-0.164319043,-0.966149573,-0.941847783,-0.73261314,-0.59705785,-0.46347073,0.085570619
46,-129.375,57.625,-1.074307233,0.608333903,-0.302338751,-0.631272395,-0.164319005,-0.867754526,-0.979223925,-0.61097413,-0.897975943,-0.46347073,-0.172712256
47,-129.625,57.375,-1.170963137,0.380336238,-0.444963866,-0.531681634,-0.164319005,-0.965695121,-1.037826781,-0.17709307,-1.215594754,-0.478694075,1.851738451
48,-129.875,57.375,-1.168782928,0.330073757,-0.470133004,-0.510752408,-0.164319005,-0.958112739,-1.065731717,-0.034510996,-1.236349038,-0.486305747,0.975299609
49,-133.375,58.375,-0.931866953,0.077456294,-0.528860993,0.273840798,-0.164315958,-0.913234011,-1.126142539,2.405461771,-1.859046506,-0.37213066,-1.411875627
50,-134.625,59.125,-1.17968397,0.264273998,-0.657503254,-0.361214605,-0.164320178,-0.925157372,-1.170714641,1.942598895,-2.707047027,-0.364518988,-0.955784016
51,-145.125,65.125,-1.646975296,2.252745901,1.065184414,-1.053193458,-0.164319142,-0.924880077,-1.030548836,-0.929671642,-0.948221736,-0.577645817,0.097078032
52,-145.375,63.125,-1.598283976,1.642400666,2.035594513,-1.030140977,-0.164321473,-0.842763796,-1.097777305,0.252557068,-1.297824709,-0.554810799,0.82252468
53,-145.625,61.125,-1.258898207,0.601226612,-0.590385552,-0.145350366,-0.16430248,-0.755557679,-1.187011733,1.537911198,-1.535581817,-0.638539196,-1.408417714
54,-145.875,63.125,-1.543052031,1.656438888,2.066356793,-1.029837655,-0.16432167,-0.837559904,-1.070443225,0.205593833,-1.116847491,-0.554810799,0.543186472
55,-146.375,64.875,-1.398431543,2.173983712,0.788323896,-0.953299375,-0.164318178,-0.6822129,-1.012530758,-0.702785139,-0.481515871,-0.585257489,0.173965823
56,-146.625,65.125,-1.533604461,2.206275151,0.875017594,-0.975846319,-0.164291065,-0.78655327,-1.063740088,-0.674785029,-0.873958782,-0.570034144,-0.16107265
57,-146.875,63.125,-1.583749253,1.552051653,1.722378574,-0.979283969,-0.16432167,-0.869411778,-1.136131798,0.269692302,-1.208874228,-0.600480834,0.055776782
58,-147.875,63.375,-1.496540919,1.343735716,1.258147806,-0.889500623,-0.16432167,-0.894703547,-1.185555806,0.241133578,-1.278385824,-0.608092507,0.050136982
59,-148.375,61.125,-1.105556886,0.224610728,-0.632334116,-0.163246371,-0.164310641,-0.913620156,-1.26173993,1.710109727,-2.237723765,-0.608092507,0.173969965
60,-148.625,60.125,-0.830850632,-0.263217507,-0.383439307,0.546628488,-0.164285869,-0.908076779,-1.306374709,1.474293564,-2.365456501,-0.623315851,-1.41014667
61,-148.625,65.375,-1.392617654,2.153861084,1.163064396,-0.969375447,-0.164309533,-0.842738781,-0.950925142,-1.027581803,-0.588561601,-0.600480834,-0.255632961
62,-148.875,61.125,-1.197125637,0.182407881,-0.562419844,-0.259803911,-0.163696584,-0.699668787,-1.288258342,1.471274175,-2.186729478,-0.623315851,-0.889671143
63,-149.375,70.375,-2.20074822,2.244668632,1.216199243,-1.197069249,-0.163818996,0.106591541,-1.503003592,NA,NA,-0.973452784,-1.094740447
64,-149.875,67.125,-1.809764187,2.176170571,0.835865601,-0.963915649,-0.164319863,-0.93800953,-1.198088705,-1.25068955,NA,-0.722267593,0.225166279
65,-150.375,59.625,-0.698584658,-0.240555301,-0.162510206,0.089724274,-0.16432167,-0.772350762,-1.242995672,0.925944053,-1.483253504,-0.608092507,-1.408417714
66,-155.125,58.625,-0.724020423,0.093416836,-0.598775265,-0.124724462,-0.164320509,-0.966149573,-1.13496984,0.479374321,-0.614498402,-0.737490938,-1.158513274
67,-159.375,62.875,-1.213113832,1.447629145,1.090353552,-0.77383379,-0.16432167,-0.966149531,-1.165670477,-1.128204355,-0.533887037,-0.729879266,-0.144847217
68,-16.625,28.125,1.052122656,-1.060398081,1.960087099,-0.794763016,0.257433372,1.608378566,0.321734044,0.656352873,-0.994880163,-0.790772645,-0.56641999
69,-2.125,40.875,0.265067438,-0.15089409,-0.665892967,-0.57455116,-0.162529216,-0.371323727,0.178739561,-0.918773712,-0.338689917,-0.531975782,-0.708190912
70,-38.875,-12.125,1.824643153,-1.502972448,-0.640723829,0.117023264,0.463855597,1.357178726,1.28579531,0.559633434,0.645539056,1.249155573,-0.024032781
71,-4.125,37.375,0.888607029,-0.123452539,0.676461061,-0.498619523,-0.080580777,0.755545027,0.775401799,-0.741046553,-0.354068822,-0.455859057,-0.79334785
72,-4.125,40.375,0.733812236,-0.072978427,-0.263186758,-0.783843419,-0.014843822,1.663309867,0.464762918,-0.365369103,-0.307525431,-0.440635712,-0.399042963
73,-4.375,40.375,0.681487235,-0.09953818,-0.288355896,-0.810232444,-0.087151265,0.657447278,0.440472391,-0.438987147,-0.046889645,-0.455859057,-0.399042963
74,-4.625,40.375,0.483088274,-0.139889252,-0.319118176,-0.743703793,-0.110470211,0.134283121,0.355268399,-0.524874866,0.11169316,-0.478694075,0.198378163
75,-45.375,-22.125,1.251248354,-1.311569395,1.526618611,1.110403194,-0.102338022,0.362233383,1.567948305,-0.733459325,1.298935486,2.360459752,0.362560074
76,-5.125,38.875,0.970728211,-0.00887172,0.410786826,-0.612668639,-0.150281938,0.127222537,0.950766423,-0.850021228,-0.420515576,-0.440635712,-0.618781256
77,-5.125,40.875,0.471460496,-0.207928778,-0.39462559,-0.785157815,-0.133669847,0.551252198,0.378611343,-0.606531662,-0.285397513,-0.554810799,-0.3821662
78,-5.125,41.375,0.565936192,-0.210821075,-0.442167295,-0.829948381,-0.139518896,0.863922924,0.452114468,-0.811096745,-0.495779242,-0.524364109,-0.655879675
79,-55.625,-15.625,2.0106876,-1.546956527,1.179843821,0.98472673,-0.162042549,0.214429022,2.09379512,-0.90206157,1.023323387,2.109274561,-0.272347411
80,-55.625,-15.875,2.069553225,-1.530026007,1.213402672,0.915569288,-0.160359868,-0.121183412,2.151403354,-0.791846049,1.020807172,2.017934491,-0.272347411
81,-55.875,47.875,-0.367919723,0.196216836,-1.194444865,1.083104203,-0.153669412,-0.75971093,-0.678937875,-0.431080795,0.086661576,-0.661374214,-0.806458608
82,-55.875,48.125,-0.399896113,0.277254063,-1.239189999,0.955405593,-0.16432167,-0.90226566,-0.647166599,-0.506389798,-0.695001465,-0.684209231,-0.806458608
83,-56.125,47.875,-0.407163474,0.190361698,-1.202834577,1.026382968,-0.164315489,-0.85573601,-0.715175105,-0.420263633,-0.200562319,-0.661374214,-0.806458608
84,-56.125,48.125,-0.447133961,0.268647715,-1.239189999,0.925376703,-0.164318767,-0.948127876,-0.670883725,-0.495672193,-0.329482378,-0.684209231,-0.806458608
85,-59.875,51.875,-0.995092996,0.868252652,-1.004278044,0.412560113,-0.16432167,-0.966149573,-1.027729387,-1.205418683,-0.541621957,-0.783160973,-0.760726383
86,-59.875,52.125,-1.000906885,0.903595112,-1.015464328,0.379902431,-0.16432167,-0.966149573,-1.02701056,-1.178763874,-0.638248015,-0.790772645,-0.760726383
87,-6.125,40.125,0.895874391,-0.148389784,0.175874871,-0.647854004,-0.070492661,0.253284903,0.631361461,-0.954948096,0.255555643,-0.471082402,1.003281093
88,-60.125,51.875,-0.995092996,0.891708476,-0.979108906,0.390215383,-0.16432167,-0.966149573,-1.014062424,-1.205841776,-0.552537695,-0.783160973,-0.760726383
89,-60.125,52.125,-1.018348551,0.935692556,-1.015464328,0.378992465,-0.16432167,-0.966149573,-1.0130978,-1.196745293,-0.525570192,-0.783160973,-0.760726383
90,-68.875,-18.375,-0.26181625,-1.220585488,4.211326666,-0.939750987,-0.162844653,-0.533536965,0.593034825,-0.931678024,-1.575421866,-0.410189023,-0.322706053
91,-69.125,-33.125,0.52887265,-0.51622296,-0.705044959,-1.000516518,-0.131327563,-0.008023925,1.006688271,0.32955985,-1.164158115,-0.311237281,-1.413604583
92,-69.375,-33.125,-0.428238821,-0.704892439,0.142316021,-0.90769995,-0.142957689,-0.163327115,0.151647381,0.340348701,-1.441228506,-0.425412368,-1.413604583
93,-7.125,41.875,0.47073376,-0.365770603,0.270958282,0.058886526,-0.140118972,0.001917453,0.150979943,0.374830716,0.077300106,-0.600480834,0.627508095
94,-7.375,41.375,0.689481332,-0.359650925,0.550615371,0.163835978,-0.111754045,0.287377059,0.371709108,-0.171169779,-0.211620488,-0.638539196,-0.440972608
95,-7.625,40.125,0.715643833,-0.37686362,0.659681635,0.373229345,-0.081481156,0.272690505,0.272626651,-0.609493307,0.045784507,-0.630927524,-0.292923837
96,-7.625,40.375,0.456199037,-0.420618432,0.701630199,0.798790273,-0.027210926,0.688258385,0.070833084,-0.50075861,0.091082854,-0.653762541,-0.07598926
97,-7.875,38.125,1.057936545,-0.494460188,0.833069031,-0.525716299,-0.063199744,0.89549434,0.796049481,-0.610127946,-0.203751336,-0.516752437,0.124822942
98,-70.375,-12.875,1.990338988,-1.669314804,0.080791461,5.017899797,-0.161370796,-0.62370586,1.822579927,1.971792258,1.913316366,3.205355395,2.21980869
99,-70.375,-29.375,-0.575039518,-1.199157799,1.213402672,-1.281392797,-0.161108744,-0.635197252,-0.248288879,-0.783107824,-1.809681337,-0.570034144,-0.759641925
100,-70.625,-41.125,0.008529587,-0.605002373,1.328062078,-0.70649628,-0.16335744,-0.376126138,0.174172487,0.712458299,-1.34838592,-0.379742333,-0.950078344
101,-70.875,-34.375,0.803578903,-0.671542843,2.731940665,-0.46181644,-0.04389681,0.655689822,0.944544925,2.602199648,-0.057977512,-0.34168397,-0.938975533
102,-71.375,45.625,-0.421698196,0.990399297,-0.925974059,0.255843686,-0.152790413,-0.116037158,-0.373738268,-1.013546367,0.731322158,-0.136168814,1.721693589
103,-71.625,-43.625,-0.116469026,-0.824340783,0.125536595,0.20144792,-0.162715635,-0.671036904,-0.221143818,2.257591045,0.121828415,-0.394965678,-1.413604583
104,-71.625,45.625,-0.396989168,0.998935101,-0.970719194,0.297702138,-0.153981999,0.091347126,-0.329533943,-0.810462107,0.738028483,-0.120945469,1.721693589
105,-71.875,-11.375,2.042663989,-1.766189121,0.256975427,1.987914075,-0.162534794,-0.832538948,2.211463883,-1.163744101,2.287715573,2.718208358,0.412618279
106,-71.875,-39.125,0.19530077,-0.946663788,0.942135295,1.730798028,-0.138835489,-0.127422093,0.367756539,1.934137051,0.801275009,-0.425412368,-0.930162966
107,-72.125,-37.625,0.600092789,-0.766865196,1.411959205,0.771794605,-0.114818789,0.282190898,0.759348509,0.896926501,0.615045647,-0.311237281,-0.810607228
108,-72.125,4.625,2.266498714,-1.656616914,0.998066713,2.07658524,-0.159500891,0.016179279,2.034071999,0.15524586,0.658085548,1.355718988,-1.097396388
109,-72.375,-42.625,-0.020539858,-0.960331655,0.17028173,1.608559215,-0.161761058,-0.886351606,-0.23520548,0.574326861,0.858878278,-0.43302404,-1.163071208
110,-72.375,10.625,2.14368031,-1.767141463,0.710019911,0.754707459,-0.120611371,0.283432291,1.935384922,2.25011917,2.058300303,1.759137628,-0.146132154
111,-72.375,10.875,2.104436559,-1.753702863,0.970101004,0.640658344,-0.079411076,0.294354095,1.878618987,2.801124053,2.112408303,1.713467593,-0.146132154
112,-72.375,4.625,2.257777881,-1.658098335,1.031625564,2.316816356,-0.159445686,-0.083173679,2.029451725,0.288308359,0.559099514,1.469894074,-1.029831264
113,-72.625,-13.875,0.010709795,-1.57914215,1.920935107,-0.176289222,-0.144899154,-0.048437807,0.933245329,1.339692498,-0.221314311,0.023676307,-1.263718991
114,-72.875,-13.875,0.289776466,-1.622156252,1.820258555,-0.188118784,-0.15172128,-0.124765167,0.975727352,1.256554879,-0.122056416,0.038899652,0.227054367
115,-73.125,42.125,-0.040161733,0.655968625,-1.440543103,0.530653523,-0.147281808,0.246485966,0.030997892,-0.832462901,1.031918017,0.084569687,-0.147226226
116,-73.625,4.375,1.172760853,-1.810331924,0.363245121,4.404076942,-0.113238508,0.164810784,1.156866263,-0.056723337,1.290426827,2.847606789,-0.773491014
117,-73.875,11.125,1.679295929,-1.791796532,1.23857181,2.293460553,0.099194238,0.107095437,1.494242561,1.786530757,1.703449289,2.32240139,3.950035213
118,-73.875,40.875,0.485268482,0.524898185,-1.415373965,0.433489339,13.17461499,4.015428171,0.145293944,0.307599566,-0.317999719,0.282473171,0.065044621
119,-73.875,42.125,0.175678895,0.687360631,-1.317493984,0.260393518,-0.027952237,1.440478717,0.23859315,-1.041258906,0.666765905,0.09218136,0.04451556
120,-74.125,40.375,0.480181329,0.455324331,-1.353849405,0.463214906,0.919132563,3.579139826,0.228807485,0.654818461,0.232633825,0.221579791,0.53295679
121,-74.375,40.125,0.471460496,0.460773842,-1.295121417,0.429242829,0.186026411,2.222599604,0.328795982,0.838907529,0.600472108,0.206356446,0.191981658
122,-74.625,39.875,0.502710149,0.438570171,-1.250376283,0.384654478,-0.015493671,1.249581567,0.403067438,0.970819581,0.607999564,0.198744774,-0.438644381
123,-75.375,-10.125,1.762870583,-1.79682278,0.240196002,2.008135549,-0.159493255,-0.75211704,2.108320972,2.208723894,1.896940802,2.824771772,0.761422484
124,-75.625,-6.625,2.183650796,-1.804706054,-0.573606127,1.816941509,-0.157191023,-0.517278227,2.475207446,-1.246247081,2.013673012,3.060733618,-1.413604583
125,-75.875,-5.375,2.243969894,-1.84643273,-0.766569519,1.919363277,-0.161141037,-0.678692832,2.088464365,-1.095837801,1.984868945,2.832383444,0.719440556
126,-75.875,-8.375,1.701098012,-1.792819418,-0.36386331,1.988217397,-0.159435047,-0.780005593,2.280364541,0.392177497,1.61548654,2.428964804,2.161197453
127,-75.875,40.625,0.259253549,0.556025651,-1.283935133,0.478987656,-0.071375124,1.287497452,0.270673195,-1.047393743,0.817024781,0.213968119,0.782943432
128,-76.125,40.625,0.224370215,0.552375008,-1.225207145,0.460889436,0.009973141,1.753245686,0.236547554,-1.081029574,0.785488331,0.175909757,0.627834464
129,-76.375,-5.375,2.185831005,-1.850189189,-0.881228925,1.989228471,-0.162760217,-0.829792384,1.95938561,-0.947967074,2.011253374,2.69537334,0.707888344
130,-76.625,42.375,0.01361674,0.604789075,-0.95953291,0.034115219,-0.089608145,0.757949379,0.067884541,-0.603570017,0.885676258,0.099793032,-0.117077781
131,-77.125,-6.625,1.35299141,-1.789503858,-0.33030446,0.301746433,-0.160945087,-0.758552946,1.634689241,1.710109727,1.697228082,2.931335186,-0.028685037
132,-77.375,-2.875,2.124785171,-1.783049097,-1.250376283,2.693036887,-0.162483448,-0.771849624,1.982524837,-0.751229197,2.277929953,2.451799822,-1.413604583
133,-77.375,-3.125,2.142226838,-1.789803669,-1.250376283,2.540263648,-0.163842215,-0.898576422,1.992438362,-0.888099527,2.211925764,2.390906442,-1.413604583
134,-77.375,-7.625,0.628435498,-1.7548492,0.603750218,0.299724286,-0.162713431,-0.693096415,1.272107121,3.307282814,0.574366789,1.599292506,-0.517702309
135,-77.625,-2.875,2.106616768,-1.77941609,-1.183258581,2.625396055,-0.159717162,-0.538217155,1.960092964,-0.060742713,2.151717104,2.284343027,-1.413604583
136,-77.625,-3.125,2.127692115,-1.785147776,-1.186055152,2.496281941,-0.163842215,-0.795571007,1.970442146,-0.338291202,2.139561376,2.269119683,-1.413604583
137,-77.625,-5.875,0.943112238,-1.804194611,-0.70784153,0.448149908,-0.148224207,-0.388934979,1.143509552,0.83240494,1.114787607,3.266248775,1.348076618
138,-77.875,0.625,0.34137473,-1.828690956,-0.503691855,0.175058896,-0.035719776,0.366176575,0.507345587,0.556125727,0.882269893,0.95991202,-1.413604583
139,-78.125,-4.125,1.729440721,-1.782202571,-1.286731704,3.014457222,-0.161875987,-0.81890504,1.778226014,-0.08697443,2.02399396,1.804807663,-0.954178296
140,-78.875,-4.875,1.348630994,-1.83216524,-0.58199584,0.848029564,-0.147418934,-0.462764365,1.66692543,1.584239794,1.672125564,1.987487802,0.177835745
141,-78.875,-5.875,1.523047663,-1.817862478,-0.089799363,-0.192769723,-0.044228162,0.136491059,1.800627936,2.293765428,0.991275954,0.784843553,0.452142404
142,-86.375,41.875,0.251259451,0.752578404,-0.970719194,0.136638095,-0.027371888,1.585274445,0.154112695,0.574195218,0.428413598,0.229191464,-0.970274091
143,-94.125,48.875,-0.567045421,1.610885209,0.51705652,-0.370920912,-0.163573175,-0.635909219,-0.40947439,0.41713979,0.243698276,0.03128798,0.66347263
144,-95.625,47.875,-0.448587433,1.556035968,0.92535587,-0.502866033,-0.16256835,-0.595491415,-0.158188822,-0.511547512,-0.02907502,0.183521429,0.426494544
145,-98.625,19.125,0.376258064,-1.54939043,2.175423058,0.243509396,-0.084852158,0.61718986,1.195467883,0.160534509,0.033275407,0.130239722,-0.379302769
146,0.125,41.875,0.711283416,-0.215406283,-0.70784153,-0.701946448,-0.102826573,0.983956725,0.38853471,-0.00032346,-0.042772733,-0.501529092,-0.208430561
147,0.625,51.375,0.309398341,-0.572199491,-1.118937451,-0.425316679,1.322077134,3.288586849,-0.56659502,-0.102750647,0.630322351,-0.676597559,-0.55488952
148,1.125,42.875,0.103732019,-0.360197499,-1.163682585,0.216006573,-0.124232854,0.032869301,-0.30322607,0.068512119,0.896519411,-0.615704179,-0.982676738
149,13.375,55.625,0.03977924,-0.201086168,-0.870042641,-0.357675847,-0.006319318,1.607363158,-0.899566751,-0.905682378,0.532433586,-0.737490938,-0.124051755
150,13.625,50.625,-0.10629472,-0.022821622,-0.576402698,-0.358990243,0.256090162,1.991502803,-0.694256701,-1.052893983,0.359530021,-0.699432576,0.425363797
151,13.625,55.625,0.020884101,-0.202144325,-0.892415209,-0.369505409,-0.087814633,0.994928282,-0.914962524,-0.915297776,0.675905996,-0.752714283,0.47118354
152,13.875,48.875,-0.208764513,-0.002610814,-0.811314653,0.256349223,-0.124214722,0.025760628,-0.50189826,-0.895292154,0.547313846,-0.691820904,-0.112602872
153,15.375,59.125,-0.157892985,0.096432726,-0.621147832,-0.4283499,-0.110480726,0.624320683,-0.77106351,-0.697919545,0.323397234,-0.775549301,-1.413604583
154,15.625,50.625,-0.188415902,0.035341768,-0.285559325,-0.256972904,-0.008937972,1.533682153,-0.743876414,-1.406810453,0.370198348,-0.707044248,1.290728221
155,15.625,50.875,-0.170974235,0.088937303,-0.335897601,-0.272745654,0.16265368,1.222057153,-0.63963558,-1.404483548,0.447824276,-0.668985886,1.290728221
156,18.875,68.375,-1.025615913,0.161632722,-0.243610762,-0.658975815,-0.159457373,-0.583557485,-1.446510033,NA,NA,-1.011511147,1.290728221
157,19.125,52.625,0.083383408,0.35772708,-0.176493061,-0.575764448,0.186412232,1.403376301,-0.425930446,-1.394752603,0.128042722,-0.684209231,0.986881928
158,19.125,68.375,-1.093202372,0.225139948,-0.285559325,-0.623183805,-0.159557872,-0.651775739,-1.450133457,NA,NA,-1.011511147,1.290728221
159,19.375,43.875,0.101551811,-0.013668701,-1.158089443,0.133908196,-0.132812079,0.236886569,-0.203866128,-0.660687332,0.636778744,-0.699432576,-0.040665605
160,19.625,43.875,0.174952159,0.005783902,-1.118937451,0.066267364,-0.068809852,0.439026896,-0.153485626,-0.611608932,0.749773962,-0.684209231,-0.040665605
161,20.875,48.625,0.055767435,0.223729071,-0.120561643,-0.387805844,-0.073624549,0.43951872,-0.224471007,-0.603781566,0.648403427,-0.699432576,-0.677249089
162,22.625,44.625,0.39006605,0.259318435,-0.626740974,-0.421777921,0.312628059,0.903571644,0.097005563,-0.159534621,0.274986585,-0.554810799,-0.84362479
163,23.375,43.125,0.103005283,0.126748797,-0.733010668,-0.330882393,-0.089831254,0.341120112,-0.071277656,-0.367273165,0.623681036,-0.608092507,-1.345239232
164,26.625,39.875,0.725091402,-0.097122054,0.944931866,-0.292866021,-0.12223894,0.240510924,0.476654882,0.029792366,0.17775338,-0.448247385,-0.234109022
165,30.375,36.875,0.583377859,0.053700659,1.221792384,-0.445942582,-0.055567446,0.341870989,0.559495433,-0.350565321,-0.546771421,-0.257955573,-0.86831635
166,33.875,67.875,-1.097562789,0.514316611,-0.358270169,-0.510651301,-0.14109266,-0.391555743,-1.418331117,NA,NA,-0.912559405,1.290728221
167,33.875,68.125,-1.016168343,0.483735859,-0.333101031,-0.557767336,-0.132346301,-0.486350018,-1.406696721,NA,NA,-0.935394422,1.290728221
168,34.125,67.875,-1.008900982,0.488991375,-0.296745609,-0.572023475,-0.153910315,-0.58300459,-1.397653672,NA,NA,-0.920171077,1.290728221
169,34.125,68.125,-1.013261399,0.459750957,-0.291152467,-0.577887703,-0.16101902,-0.808870111,-1.410009368,NA,NA,-0.943006095,1.290728221
170,35.125,38.125,0.17277195,0.145883953,0.354855408,-0.749871342,-0.116967733,0.396537299,0.311799442,-0.345483675,-1.002549144,-0.250343901,0.155623917
171,35.375,37.875,-0.002371455,0.179250903,0.407990255,-0.544117841,-0.138537972,0.1303188,0.119841267,0.105109342,-1.143538998,-0.311237281,-0.86831635
172,4.375,51.125,0.325386536,-0.383547507,-1.283935133,-0.178311369,1.752506818,3.25312921,-0.470655677,-0.173034208,0.604301538,-0.714655921,-0.440972608
173,40.125,44.125,0.092830977,0.025483126,-1.026650611,0.173340071,-0.130227105,-0.076894448,-0.224986661,0.520745697,0.825210987,-0.478694075,-0.322922131
174,40.625,44.125,0.198207715,0.076944852,-0.847670074,0.074052631,-0.132684518,-0.020789334,-0.127771132,0.432606455,0.837077735,-0.478694075,-0.233373117
175,44.625,40.375,-0.077952011,0.363141178,0.270958282,-0.694868932,0.185505324,1.200759793,-0.008899929,0.752017348,-0.434819861,-0.265567246,-0.3821662
176,44.625,40.625,-0.43041903,0.206727726,0.324093129,-0.512673448,-0.095356081,0.829208593,-0.291570904,0.688553499,0.035703995,-0.417800695,-0.237444905
177,44.875,41.125,0.19530077,0.205740112,0.366041692,-0.496192946,-0.077505632,0.262726981,0.168720192,0.450775814,0.431713055,-0.34168397,-0.010183492
178,46.125,40.125,-0.194956527,0.211260308,0.304517132,-0.474960398,-0.122630301,0.281278511,-0.233535338,0.522278346,0.142061072,-0.265567246,-0.405688763
179,46.375,39.125,0.117540005,0.399012717,0.237399431,-0.668985445,-0.047952983,0.312038666,0.17581114,0.841501518,0.024395187,-0.181838849,0.083892234
180,6.375,46.625,-0.016179441,-0.169799696,-1.325883697,0.560480198,-0.030893141,1.387795614,-0.406773297,0.916600238,0.608500773,-0.668985886,-0.673684037
181,6.625,46.625,0.139342089,-0.136820737,-1.289528275,0.189315844,0.792892593,1.900920819,-0.277577987,1.332922936,0.458425936,-0.653762541,-0.96573347
182,7.375,46.125,-0.681142991,-0.318365288,-1.46291567,1.226171135,-0.005877107,0.548318218,-1.031145198,1.886539267,-0.658104723,-0.668985886,-0.964396705
183,8.625,45.625,0.463466399,0.057968561,-0.836483791,0.32297979,0.259583917,3.02089438,0.071971085,0.55845259,0.374165836,-0.554810799,-1.336764824
184,8.875,47.875,0.116813269,-0.129360585,-0.83368722,0.189314227,0.226882567,1.745388021,-0.331355241,-0.162707831,0.857714384,-0.699432576,-0.766175772
185,8.875,61.375,-1.060499246,0.06604583,-0.598775265,-0.118152483,-0.158750356,-0.37354109,-1.24396877,0.728535942,-1.140551676,-0.912559405,0.845375564
186,9.125,47.875,0.13716188,-0.103964806,-0.657503254,0.132290478,0.123102408,1.488095191,-0.34144088,0.192054944,0.894305904,-0.684209231,-0.766175772
187,9.125,48.875,0.234544521,-0.13692627,-0.632334116,-0.299235786,2.218990305,3.275944592,-0.293082224,-0.764344941,0.375280923,-0.775549301,-1.332976979
188,9.125,50.625,0.098644866,-0.143346041,-1.219614003,-0.198330629,-0.029659277,0.64383346,-0.447899975,-0.940986028,1.019028187,-0.760325956,-1.324880512
189,9.625,53.875,0.1073657,-0.239073739,-0.973515764,-0.164560766,0.198754415,1.448168586,-0.615573691,-0.417620849,1.22794549,-0.684209231,-0.975654761
190,99.125,49.125,-1.560493698,2.146806701,3.171002295,-1.033477521,-0.162005706,-0.206939871,-0.757389063,-1.478101669,-1.088977514,-0.296013936,-0.852634392
