"","x","y","annualtemperature","temperatureseasonality","rainseasonality","annualrainfall","humanpopdens","footpr","pet","Ec.Het","EVI","id.","Host_richness","Generalism_degree"
"1",-0.375,53.875,95.8125,4465.8125,11.8125,689.125000000001,602.45166015625,28.6558341165272,634.045253590777,0.0384661157024793,0.364019694447052,208079,51,670.118336660191
"2",-0.625,51.875,95.8749999999999,5074.1875,10.5,653.000000000001,377.153900146484,35.0472243303337,696.809196568884,0.043676268861454,0.392822687746958,219598,50,116.15074286871
"3",-0.625,53.875,91.8125,4446.5625,11,682.312500000001,53.171947479248,25.8105871602918,632.922045719717,0.0469438145628622,0.367452209815384,208078,52,256.612032364949
"4",-0.875,53.875,93.8749999999999,4442.0625,10.8125,627.187500000003,83.8546142578125,25.3382284979439,640.514958430786,0.0555345515647973,0.389171672111845,208077,51,256.612032364949
"5",-1.375,50.625,102.5,4558.43750000001,23.75,832.312500000001,179.252487182617,25.4623810407926,710.481607573815,0.0467009602194787,0.405435993499568,226795,46,210.230344069217
"6",-1.875,39.875,113.5625,6445.25,27.1875,511.374999999998,3.22738790512085,6.30711262277682,1073.4270986042,0.0285261393080323,0.223529081893502,288713,77,152.200929556257
"7",-100.875,23.375,173.4375,3133.9375,53.7500000000001,397.687500000002,6.70880317687988,3.96680080450366,1681.42889692241,0.0390489254686786,0.211752782997792,383357,151,214.449646202401
"8",-104.125,21.875,202.9375,2696.9375,109.9375,824.937499999999,4.33729934692383,3.05054209775217,1707.24434158298,0.0643499466544734,0.306340606766754,391984,203,116.1507428776
"9",-104.375,35.875,112,7885.25,70.6249999999999,385.9375,0.0481112711131573,2.62679936483254,1316.97703920581,0.0259594573997866,0.166897780509316,311343,174,274.072559152694
"10",-104.625,33.625,151.3125,7883.37500000001,64.3124999999999,315.3125,0.20583313703537,5.1322410767659,1548.47447732185,0.0215089163237311,0.14155615218624,324302,161,180.796578872002
"11",-105.125,35.875,86.3125000000003,7197.06250000001,70.8125000000002,421.374999999999,0.821061909198761,6.4544777459729,1212.602566407,0.0336046334400244,0.173398354556413,311340,169,175.690422613716
"12",-105.375,35.875,67.7500000000005,6775.93750000001,59.3750000000004,512.124999999997,4.84082365036011,4.84337111539255,1075.55166977291,0.0348910227099527,0.235366631910438,311339,172,203.389147968753
"13",-106.375,35.375,114.999999999999,8075.18749999999,48.7499999999999,314.187500000003,8.68316268920898,9.26553183265591,1310.57522828898,0.041219326322207,0.135417589619465,314215,178,180.110032380152
"14",-106.625,33.875,134.875,7766.3125,67.3749999999999,263,0.0244090724736452,3.41391077005952,1494.29032839928,0.0321170553269319,0.116198219860962,322854,180,184.388635625046
"15",-106.625,35.625,97.3749999999999,7749.06249999999,45.25,388.937500000002,3.54445195198059,4.58774912455252,1237.93931834341,0.0395549458923944,0.168203880995862,312774,174,165.241227904592
"16",-107.875,34.875,86.4999999999998,7637.18749999999,62.25,317.375000000001,0.0309382546693087,4.55951973962449,1246.36307786245,0.0288553574150282,0.139714000120875,317089,165,192.675907021564
"17",-107.875,35.125,90.25,7887.5,60.3125,293.5625,22.768310546875,6.64578943735904,1254.99076916625,0.0309282121627801,0.147059399198042,315649,164,217.294708927309
"18",-108.875,33.875,72.0625000000003,6702.25,64.75,446.999999999999,0.299400299787521,1.64320962117182,1241.96798340072,0.0454625819234873,0.19829489789845,322845,170,171.214813052768
"19",-113.125,51.375,30.3125000000001,10660.125,56.75,379.124999999999,2.22961616516113,8.20767825376491,811.56035435274,0.0282274043590916,0.226877005101415,222028,151,179.507815987597
"20",-115.125,51.625,4.31250000000019,8846.93750000001,45.3125000000001,551.375,0.00537792174145579,1.99846172963168,676.784720390544,0.0602042371589697,0.254290887809474,220580,156,146.691983939634
"21",-118.625,36.625,45.3124999999979,5686.62499999998,70.4999999999996,692.812500000001,0.0672629848122597,1.71438076151928,847.871405164615,0.0918274653254077,0.205029815487709,306966,152,195.51775316666
"22",-119.125,46.625,108.8125,7939,40.8749999999999,201.125,4.99072980880737,7.53103860206401,1094.96174846954,0.0437799115988416,0.291293439237049,249364,143,117.5253144886
"23",-119.125,46.875,102.8125,8070.99999999999,41.4375,198.500000000001,28.2207527160645,9.29842979194311,1074.88645162096,0.0435116598079561,0.24811173837952,247924,142,117.5253144886
"24",-119.375,50.375,56.8750000000005,8106.68750000001,19.4375,458.5625,61.4718742370605,11.4588920439174,797.559039347774,0.030568510897729,0.272187957525603,227763,161,241.955155232682
"25",-133.375,58.375,-6.12500000000074,7139.1875,28.8749999999998,1056.68749999999,0.00338306510820985,0.42283036621787,472.867771423395,0.1226520347508,0.0457158712288198,181627,105,116.15074287413
"26",-134.625,59.125,-27.4375000000002,7801.25,26,664.124999999999,0.000883606844581664,0.327554817247911,455.48508996673,0.109312604785856,-0.0611314630997396,177302,106,116.15074287413
"27",-145.125,65.125,-67.6250000000004,14848.1875,64.5000000000004,236.375,0.00149752642028034,0.329770590426361,510.148375294237,0.0265354938271605,0.160479006561218,142700,78,188.585748187862
"28",-145.375,63.125,-63.4374999999999,12685.1875,86.1874999999997,250.625,0.000116547256766353,0.985934023285592,483.929933452689,0.060606614845298,0.11642933355617,154219,81,347.058156784877
"29",-146.375,64.875,-46.2500000000002,14569.0625,58.3125000000003,298.124999999999,0.00206834194250405,2.2688419423531,517.175248367986,0.0330742264898643,0.219283543046913,144135,77,231.938815399144
"30",-146.625,65.125,-57.8750000000002,14683.5,60.2500000000003,284.1875,0.0181287527084351,1.4350933257865,497.204113532566,0.0338811728395062,0.16983607468137,142694,79,273.960452695715
"31",-146.875,63.125,-62.1874999999998,12365,79.1875,282.062499999999,0,0.772999012894488,468.972058517076,0.0611004420057918,0.127637017412823,154213,75,334.217773479174
"32",-147.875,63.375,-54.6874999999998,11626.75,68.8125,337.562499999999,0,0.570901033170501,449.697181552271,0.0602773967383021,0.11887861623783,152769,74,324.552038330664
"33",-148.625,65.375,-45.75,14497.75,66.6875000000001,288.1875,0.00718886125832796,0.986133907085824,541.200832714815,0.0237137818090199,0.205795873422174,141246,75,286.464331432096
"34",-148.875,61.125,-28.9375000000007,7511.12499999999,28.125,726.812499999998,0.37026458978653,2.12935784765954,409.644202875676,0.09572930955647,0.00442809931410415,165725,72,208.887240824263
"35",-149.875,67.125,-81.6249999999993,14576.8125,59.375,291.5625,0.00106992945075035,0.224857570371621,444.809474299733,0.0172839506172839,NA,131161,59,338.04369602233
"36",-155.125,58.625,11.7500000000001,7195.74999999999,27.3124999999999,810.312500000002,0.000687623745761812,0,469.425210688422,0.067143351800554,0.202527858826216,180100,57,151.3532779075
"37",-159.375,62.875,-30.3125,11994.9375,65.0625000000001,409.0625,0,3.35547422926113e-07,457.452264147724,0.0208139003200732,0.212684821221047,155603,58,250.964270105617
"38",-2.125,40.875,96.8124999999998,6329.9375,25.8125,532.250000000001,1.06174635887146,4.75305219681559,981.758955344367,0.0268495656149977,0.237279489971115,282952,84,231.00902392006
"39",-2.375,52.125,94.3125000000003,4513.6875,12.5624999999999,699.999999999996,150.099761962891,21.9799557739804,661.552763989588,0.0516506630086877,0.451635741832434,218151,51,332.801219712945
"40",-2.375,52.375,91.3125000000003,4561.125,11.8124999999999,694.937499999997,173.740737915039,22.5057370290781,651.086761392817,0.0542234415485444,0.436542264913444,216711,51,332.801219712945
"41",-2.625,52.125,93.3125,4517.75,13.4374999999999,733.874999999998,184.395889282227,20.9247037771617,648.963920211564,0.048553574150282,0.455709706642664,218150,41,332.801219712945
"42",-2.625,52.375,86.1875,4596.5,13.25,775.124999999999,56.1011657714844,17.6876265754651,634.116149036747,0.0510897729004725,0.47474870790029,216710,42,332.801219712945
"43",-3.875,40.875,87.3750000000016,6179.12500000002,27.6250000000002,589.437499999993,36.8682594299316,12.7144737767853,932.993952740566,0.0376954732510288,0.299436196888566,282945,93,300.762588367555
"44",-36.625,-5.375,267.625,966.875000000006,109.625,589.187499999998,23.0737285614014,10.8343447029648,1629.71167290192,0.03625,0.286727144892212,549214,231,162.949740296898
"45",-38.125,-11.125,237.0625,1543.0625,39.7500000000001,786.75,47.0082969665527,11.3140202527623,1607.4313850599,0.0571428571428571,0.356749124679481,582328,286,222.753981678047
"46",-38.875,-12.125,230.9375,1538.3125,26.3750000000004,959.750000000015,372.096099853516,18.5649307987107,1413.49980817595,0.0694563711911357,0.361291491761222,588085,318,176.133952312557
"47",-39.625,-18.125,241.75,1478.5,28.25,1452.93750000001,18.5008144378662,6.85796513888719,1410.94367940287,0.0420505517977928,0.475360329587213,622642,382,194.192472181943
"48",-39.875,-5.375,241.875,782.187500000003,94.8749999999994,748.187500000009,10.0508432388306,7.5673291271401,1575.58259214484,0.0341228471269623,0.328700571320952,549201,242,368.447699255428
"49",-4.125,37.375,150.4375,6427.1875,55.8124999999999,579.187499999998,49.6032905578613,13.7574793571823,1214.45135909155,0.0319715555555556,0.235341761261225,303104,94,229.746728262364
"50",-4.125,40.375,137.125,6606.06250000001,34.8125,402.875,88.5420837402344,21.0111212310957,1093.30525105563,0.042798353909465,0.241206188380603,285824,96,288.10839692851
"51",-4.375,40.375,132.625,6511.93750000001,34.25,386.562500000001,45.711311340332,12.973613414301,1083.8321846322,0.0406767261088249,0.274046072590865,285823,94,263.543017776723
"52",-4.625,40.375,115.562500000001,6368.93750000001,33.5625,427.687499999998,31.8985080718994,8.79318554737653,1050.60346572141,0.0382014936747447,0.294027369309333,285822,91,209.182314549671
"53",-4.625,41.375,121.8125,6165.1875,30.0625,405.9375,34.5094299316406,16.4773095322096,1067.47059168606,0.0263069654016156,0.241230063082184,280062,86,318.473379970742
"54",-4.625,41.625,121.4375,6060.5,29.1875,423,304.622985839844,22.4716810471971,1069.91692183898,0.0246486816034141,0.230393188001471,278622,80,345.86730497244
"55",-4.875,41.375,122.5625,6148.125,30.6249999999999,388.875,49.2217483520508,15.8812865339065,1081.64297330974,0.0284407864654778,0.224149924892116,280061,88,318.473379970742
"56",-40.875,-14.125,231.562499999999,1385.4375,80.2500000000001,598.124999999998,9.23417091369629,9.13118626381865,1556.06511386934,0.0733973479652492,0.272859183896798,599597,335,143.695197750195
"57",-40.875,-15.625,212.5625,1544.0625,52.8124999999991,885.250000000007,21.1452560424805,8.31442869253386,1490.46176098741,0.050650815424478,0.426282616594108,608237,336,166.916724586873
"58",-41.125,-15.625,214.5,1550.0625,68.8749999999993,827.375,26.5989189147949,7.81938805663315,1514.73564050099,0.0499436061575979,0.402129025082104,608236,311,166.916724586873
"59",-42.125,-13.375,212.812499999999,1158.9375,79.8749999999995,875.625000000002,24.732723236084,8.53314804632899,1644.66276904337,0.0329461972260326,0.311198999785119,595272,307,190.004622976562
"60",-44.125,-16.875,213.4375,1575.875,86.6249999999999,1274.1875,5.22380018234253,9.98122171081508,1679.00818331665,0.022002743484225,0.332577180815861,615424,326,215.225465759652
"61",-44.375,-14.875,231.25,1297.25,91.375,1003.625,7.22496032714844,9.33142084679574,1754.59281110165,0.0261057765584515,0.350689776358195,603903,324,141.882238139847
"62",-44.875,-17.375,234.0625,1890.1875,88.375,1104.3125,103.027435302734,14.0726542657315,1780.3934544992,0.0266544734034446,0.315709392045392,618301,348,259.331568984326
"63",-45.125,-2.375,270.625,415.249999999998,77.5625000000001,2053.99999999999,12.0895233154297,8.79727678007419,1606.66655871691,0.0580314097881666,0.448488941590768,531900,359,210.126286033596
"64",-45.375,-2.375,270.8125,436.062499999997,72.5000000000003,2383.62499999998,13.0370569229126,6.09509519534077,1614.6032749522,0.0615614727153189,0.43056786895613,531899,364,210.126286033596
"65",-45.375,-22.125,181.625,2216.625,74.8125,1573.8125,36.7155494689941,10.6146590084313,1523.53670092637,0.0321902149062643,0.44361887825653,645659,464,265.046858269161
"66",-45.375,-22.375,177.124999999998,2284.68749999999,72.9375000000001,1669.25000000001,149.293045043945,13.9749175113368,1448.73863867164,0.031578125,0.440114230586913,647099,494,133.4410377183
"67",-46.375,-14.375,244.6875,887.125000000006,81.5000000000001,1304.25,18.7582378387451,7.58723196589084,1676.12704434196,0.0329401005944216,0.365238371217856,601015,314,163.516530985826
"68",-49.875,-28.625,149.250000000001,2643.06250000001,14.4375000000002,1680.74999999999,2.48881816864014,6.10752281704577,1151.59712699674,0.0434367346938775,0.389371966914041,683081,378,361.37009564261
"69",-5.125,38.875,157.5,6833.25,49.875,508.687500000001,8.31632995605469,8.7367668043333,1282.84183769935,0.0288309708885841,0.226969527604524,294460,96,172.983878904804
"70",-5.125,40.875,114.5625,6127.8125,31.875,402.062500000001,18.1563777923584,12.1250444398707,1059.70698422755,0.0358481938728852,0.243994286967791,282940,81,153.021341978007
"71",-5.875,40.375,122.187499999998,6308.5,39.6874999999998,539.687500000008,36.6081008911133,10.9743368317789,1067.87445038708,0.0302880658436214,0.335056427837121,285817,90,345.86730497244
"72",-5.875,40.625,117.1875,6253.5625,38.4374999999998,518.937499999997,8.97904014587402,9.98123925285208,1055.57603493618,0.0328852309099223,0.330011836165798,284377,91,345.86730497244
"73",-50.375,-0.125,270,573.562500000001,63.5625,3475.74999999998,24.6259956359863,2.49823510394826,1536.04742326726,0.0475875555555556,0.461452919873403,518919,445,231.068961865498
"74",-54.125,-14.625,226.1875,1409.5625,76.3125000000001,1922.875,0.29365149140358,5.69536014863779,1801.64027023762,0.0310196616369456,0.327587141160621,602424,396,211.367795990613
"75",-55.125,-4.875,258.4375,488.999999999999,57.2500000000001,2090.5625,0.0265757013112307,0.0960455672161163,1726.07567505946,0.0127297668038409,0.560099940455984,546260,468,155.716244774922
"76",-55.375,-0.375,254.75,657.875,49.5,2130.625,0,1.00361470176023,1653.56820419843,0.0142539247065996,0.547772227379028,520339,373,261.126143317705
"77",-55.375,-3.375,262.6875,515.812499999998,60.25,1853.8125,1.74552404880524,1.10851591577601,1688.41735549694,0.0701539399481786,0.399071457519541,537619,520,172.836568507319
"78",-55.625,-0.375,258.4375,648.4375,48.8125,2224.8125,0.0227803234010935,1.00152002219779,1666.79960209798,0.0155707971345831,0.54625583748566,520338,376,261.126143317705
"79",-55.625,-0.625,258.8125,658.0625,47.75,2244.375,0.0183152966201305,1.00114029578678,1662.43053142427,0.0189605243103185,0.544961811625399,521778,377,152.573729700028
"80",-55.625,-15.625,246.9375,1382.4375,67.0625,1496.125,1.35002028942108,9.43360434176973,1728.61178641224,0.0273311995122695,0.408891991566634,608178,431,164.65628247655
"81",-55.625,-15.875,252,1442.4375,67.8125,1453.375,2.3467435836792,6.75183886955864,1751.07843119783,0.0305075445816187,0.408574950677574,609618,419,164.65628247655
"82",-55.625,-3.375,262.5625,522.0625,60.0625,2018.87499999999,0.515881061553955,0.223575689628119,1684.33360874761,0.0707148300563938,0.550177986442577,537618,509,195.491369429665
"83",-55.625,-3.625,263.25,502.1875,57.8749999999999,1986.06249999999,0.93583071231842,0.302764842989015,1692.06456341481,0.0424630391708581,0.532561683066889,539058,516,213.234294555355
"84",-55.875,47.875,42.3750000000001,7560.06249999999,14,1556.9375,6.30978488922119,1.64958139423102,647.273191481631,0.0409045824241222,0.29087341132981,242417,67,320.106627877366
"85",-55.875,48.125,39.6250000000001,7847.25,13,1478,0,0.510474745864825,659.663676434114,0.0387342222222222,0.192384542337094,240977,64,320.106627877366
"86",-56.125,47.875,39.0000000000001,7539.3125,13.8125,1521.875,0.00366125116124749,0.882277443372261,633.141028248653,0.0412163265306122,0.254683448265617,242416,67,320.106627877366
"87",-56.125,48.125,35.5625000000001,7816.75,13,1459.4375,0.00171933032106608,0.144005285260986,650.414230859025,0.0390430971512053,0.238439631983055,240976,64,320.106627877366
"88",-56.625,-29.875,195.75,4323.9375,19.9999999999998,1288.125,1.56915628910065,7.32936886994699,1471.19460939494,0.0336534064929127,0.323434762860415,690254,258,297.641898886637
"89",-56.875,-18.375,260,1986.0625,60.4375,1208.625,0.106904998421669,1.70415427765684,1726.95839571769,0.0515531169029111,0.273020374545005,624013,362,328.71982941838
"90",-58.375,-12.125,242.6875,816.937500000001,78,1968.125,0.270385921001434,0.875048257261317,1855.52549852781,0.0387197073616827,0.510485055332538,588007,416,250.261435976327
"91",-59.875,51.875,-11.5625,9941.68749999999,18.25,1142.4375,0,0,511.247932554898,0.0185886297820454,0.211710228060839,219361,51,368.55463903008
"92",-59.875,52.125,-12.0625,10066.9375,18,1122.25,0,0,511.52826805108,0.0193568053650358,0.199535428037051,217921,50,368.55463903008
"93",-6.125,40.125,151.0625,6338.8125,44.6249999999999,486.937499999999,55.5789108276367,9.7440885439572,1158.27704409418,0.0258070416095107,0.31215391801379,287256,92,254.558899147575
"94",-6.125,41.875,111.6875,6006,35.9999999999999,540.374999999997,8.1501350402832,6.58582859977272,1032.19818421426,0.046992836457857,0.249066318923724,277176,75,223.408297918184
"95",-6.375,43.375,116.1875,4304.625,28.8124999999999,903.999999999998,23.1787891387939,9.73801249278677,887.43476637949,0.0741581632653061,0.438341619519633,268535,65,231.00902392006
"96",-6.625,38.875,166.5,6135.81250000001,51.8125,505.1875,93.7754745483398,15.4261967606585,1263.59989051117,0.0287639079408627,0.231854637604558,294454,99,116.1507428749
"97",-6.625,39.125,163.5625,6206.25,51,534.249999999999,59.7428932189941,11.8255561335998,1241.23145111636,0.0311781740588325,0.257264861254953,293014,96,116.1507428749
"98",-6.875,38.875,167.0625,6002.6875,51.25,520.749999999999,95.4682846069336,16.7760498302936,1262.57118900505,0.0278798963572626,0.245571376304725,294453,101,116.1507428749
"99",-6.875,39.125,165.4375,6042.75000000001,51,559.374999999998,36.1296768188477,12.0390696202814,1240.68632681273,0.0294101508916324,0.261007756213076,293013,93,116.1507428749
"100",-60.125,51.875,-11.5625,10024.8125,18.8125,1128.625,0,0,516.577913797331,0.0185764365188233,0.210334854418761,219360,51,368.55463903008
"101",-60.125,52.125,-13.5625,10180.6875,18,1121.6875,0,0,516.954107729424,0.0188385916780979,0.213732736592646,217920,51,368.55463903008
"102",-61.875,-3.125,268,382.5625,36.5,2520.6875,0.106939353048801,1.08370628887589,1628.72402686603,0.0408474317939339,0.53036519495072,536153,436,146.65810589354
"103",-62.875,-29.125,202.5,4856.625,63.9375,743.062500000001,1.86688017845154,5.48054217126389,1672.19489790565,0.0315683584819387,0.281852794869338,685909,234,116.150742870289
"104",-63.125,-29.125,202.75,4877.75,66.2499999999999,718.062500000001,3.52167081832886,3.80276995562194,1674.80987053406,0.0331778692272519,0.288488414880703,685908,234,116.150742870289
"105",-63.125,-30.375,188.3125,4623.125,62.25,838.25,1.7392019033432,3.48440675293875,1553.13598335787,0.0735802469135802,0.157045542999874,693108,238,313.858865043342
"106",-63.125,0.625,268.9375,361.812500000001,41.4374999999999,2125,0.0189865380525589,0,1739.86394328957,0.0736046334400244,0.403126511591838,514548,372,279.944491033908
"107",-63.625,-35.375,162.3125,5756.875,48.25,669.625,8.12889862060547,11.9096298541379,1441.42433498111,0.0219478737997256,0.285865813901182,721906,166,169.692495121261
"108",-63.875,-18.625,177.000000000001,1907.43750000001,74.375,872.312500000003,3.41938972473145,4.38529207816211,1462.77098683297,0.109739368998628,0.418580199213463,625425,335,116.150742871879
"109",-68.375,-17.625,79.9999999999999,2597.4375,105.625,356.374999999999,3.6486382484436,3.70251818055734,1300.19322414346,0.0412620027434842,0.112036933525815,619647,102,214.401847485085
"110",-68.375,-17.875,66.4999999999995,2523.9375,113.875,337.812499999999,2.49382996559143,4.14621133051386,1248.62756634984,0.0318122237463801,0.117517384831444,621087,95,269.707200355085
"111",-68.375,-19.625,71.8125000000001,2997.5,156.6875,171.4375,0.501838862895966,2.14249630474636,1232.78169539587,0.0261484529797287,0.0753914586784958,631167,83,403.445624834033
"112",-68.625,-20.875,37.4999999999998,2976.25,171.5,74.9999999999999,0.504239320755005,4.29035289642104,1063.83524385437,0.0162353299801859,0.0570418814968439,638366,70,209.167135286281
"113",-68.875,-10.375,250.5,832.500000000001,59.5625,1785.0625,0.256921887397766,4.17847865747279,1728.09186520669,0.0164791952446273,0.565411601623055,577885,496,272.862351434877
"114",-68.875,-18.375,51.5000000000005,2539.0625,134.8125,306.499999999999,0.874899685382843,3.45686106474008,1143.33003302842,0.0264776710867246,0.0814523312292297,623965,100,198.981444181204
"115",-69.125,-32.875,88.1875000000008,4618.06250000001,18.8125,248.250000000001,21.3836574554443,7.83124116723626,1166.90299670727,0.0621673525377229,0.102073221300087,707484,108,403.517043923745
"116",-69.125,-33.125,119.500000000001,5035.25000000002,24.9375000000005,268.9375,19.5438117980957,7.6560580627615,1304.65080846711,0.0628257887517147,0.133271209087979,708924,113,197.893421812938
"117",-69.125,-34.375,100.5625,5041.43750000001,18.4999999999994,386.124999999998,3.0639762878418,4.0424610078729,1252.7701727375,0.0535345221764975,0.101302575116279,716124,112,165.699882676068
"118",-69.375,-12.875,252.3125,1073.1875,50.75,2640,2.28792929649353,2.84377520351563,1708.8572248479,0.0488218259411675,0.531550245417747,592283,559,116.150742873256
"119",-69.625,-17.125,43.3125000000009,2031.68750000001,112.875,497.562499999998,3.35277199745178,5.83148902805147,1064.98850200828,0.0428105471726871,0.118381535590742,616762,103,305.821735684576
"120",-69.625,-33.125,-31.3125000000004,3995.375,64.7499999999996,396.8125,18.7365665435791,5.28537497159923,682.793123229701,0.0704343850022862,0.00456967787167047,708922,90,197.633912591608
"121",-69.875,-11.375,244.9375,1022.625,52.4999999999999,1900.8125,1.45513260364532,1.35802591925804,1732.18300338947,0.00971803078798963,0.556971176178194,583641,511,116.150742876783
"122",-69.875,-17.375,18.7499999999997,2010.6875,117,418.812499999999,3.89136290550232,4.60698197176206,1034.99448461111,0.036250600865246,0.0722847804163386,618201,113,371.587454916493
"123",-7.125,38.125,164.625,5634.12500000001,56.75,549.000000000001,11.0412569046021,7.23980664109498,1217.0782151458,0.0333973479652492,0.261572906150832,298772,94,366.08875352459
"124",-7.125,41.875,114.5,5568.4375,46.75,923.812499999996,14.3362865447998,7.73549625292795,970.932977483864,0.0641304679164761,0.289693874088699,277172,75,483.513394827516
"125",-7.375,40.125,147.375,5806.12500000001,54.7499999999999,923.624999999992,36.3396911621094,14.3313669862212,1059.02134733665,0.0337387593354671,0.279468709661161,287251,77,288.10839692851
"126",-7.375,41.375,133.3125,5590.12500000001,52.9999999999999,988.687499999991,31.1380386352539,10.0165074331328,1057.01518066579,0.0483950617283951,0.253290128501249,280051,70,308.687633019793
"127",-7.625,40.375,113.249999999999,5374.06250000001,56.375,1381.18750000001,81.2165222167969,13.2198145498268,939.6764906728,0.0388965096784027,0.291430488432525,285810,68,288.434572145517
"128",-7.875,37.125,164.6875,4377.75,67.4375000000001,541.812499999997,180.232681274414,20.8399828844761,1104.9225308772,0.0362759924385633,0.263424168195345,304529,104,249.137339406613
"129",-70.375,-12.875,245.1875,948.812500000001,42.5,3989.25000000001,1.74792790412903,2.73635191369766,1622.84052898176,0.110153939948179,0.521030339237768,592279,575,861.643999756862
"130",-70.375,-29.375,24.5625,2615,67.8124999999998,95.3125000000002,1.90315246582031,2.64452808444683,815.222063841502,0.030759375,0.0519358399315026,687319,79,312.550918476171
"131",-70.625,-36.625,59.8124999999998,4566.5625,72.6249999999998,670.562499999996,1.18941116333008,2.59425867364337,1031.57593779632,0.100887059899406,0.0765106158565927,729078,86,182.918954703644
"132",-70.625,-41.125,74.7499999999996,4720.62500000001,70.3749999999999,450.687499999996,0.571154534816742,4.71467775366575,979.977841514763,0.0738606919676878,0.110058664555254,754998,104,163.504661170885
"133",-70.875,-27.875,160.1875,2693.6875,121.5625,33,6.55541849136353,5.51980417524,1217.7754169707,0.0111641153435386,0.0578101580186437,678677,74,383.048691470004
"134",-70.875,-30.375,115.9375,2979.93750000001,115.625,103,3.49810385704041,9.0787703520544,1111.62931996006,0.0493206720233747,0.100286352317198,693077,94,257.365834703674
"135",-70.875,-31.125,94.2499999999987,3168.375,103.6875,176.375,6.25302743911743,8.08461814834983,1077.39700819478,0.0614876033057851,0.127018768232122,697397,98,403.517043923745
"136",-70.875,-34.625,122.937499999999,4421.75,95.8124999999998,865.687500000006,38.5134925842285,10.1423177331826,1243.69504449402,0.132552964487121,0.287857389332205,717557,105,177.201531897598
"137",-71.875,-11.375,249.6875,605.500000000001,46.4375,2116.25,1.05844223499298,1.06763732650892,1774.50144675703,0.0197896662094193,0.568204316427001,583633,511,767.39317309272
"138",-71.875,-35.375,135,4164.56250000001,98.3749999999999,883.312499999998,15.1090974807739,9.4158507553818,1283.04242478704,0.0591556395715186,0.315470751229443,721873,112,158.177786609564
"139",-71.875,-46.875,27.2499999999993,4019.875,30.1249999999998,416.874999999999,0.503093957901001,1.39427073271615,654.339901822142,0.0774455113549764,0.0817655739562209,788113,104,246.652784784434
"140",-72.125,4.625,268.9375,993.8125,63,2171.0625,2.85555195808411,7.84945767781926,1705.3203567663,0.0578021643042219,0.362872338853777,491472,332,515.962598776347
"141",-72.375,10.625,258.375000000001,602.125,56.5624999999998,1353.9375,25.8914680480957,9.98498612983758,1666.83336735784,0.118175154320988,0.539298190298724,456911,385,951.996838752068
"142",-72.375,10.875,255,649.749999999999,62.3749999999999,1283.4375,50.2961540222168,10.0722585687721,1644.69521128844,0.134054783950617,0.546115751552861,455471,379,951.996838752068
"143",-72.875,-13.875,98.9374999999978,1115.93750000001,81.3750000000001,771.125,7.46374654769897,6.72321827733454,1292.57635457162,0.0895412284712696,0.264575124325348,598029,159,906.180400178947
"144",-72.875,-38.375,119.8125,3392.125,67.6874999999999,1074.9375,20.0825099945068,7.32982297290753,1095.18197060684,0.0414636892475136,0.340672706166515,739149,114,214.023593186092
"145",-73.875,11.125,218.437499999998,514.749999999999,68.3749999999998,2305.12500000002,156.091674804688,8.5759379602819,1494.79218594283,0.104814814814815,0.494587268593023,454025,459,472.498548387973
"146",-73.875,4.625,122.1875,363.937500000001,34.5625000000002,1338.06250000002,51.7344627380371,14.1637892901049,1148.46497934356,0.052754153330285,0.430990894776189,491465,414,251.78619352276
"147",-74.125,40.375,115.3125,8478.31249999999,10.4375,1173.75,641.776000976562,36.3198705876959,1001.28495318864,0.0721995464852608,0.309265788760967,285544,183,448.453360626016
"148",-74.375,40.125,114.5625,8497.625,11.75,1152.75,207.526062011719,25.4802163958267,1040.27948355768,0.0775048828125,0.355613095161971,286983,181,199.226397309004
"149",-75.375,-10.125,225.625,496.937499999998,46.0624999999999,2128.75000000001,2.8600754737854,1.71026159851843,1734.27672582811,0.116982167352538,0.518967032287039,576419,525,649.154048840855
"150",-75.625,-6.625,261.8125,469.000000000001,27.875,2010.5625,4.22378540039062,3.58677914245091,1877.35884214428,0.0174119798811157,0.53367519006133,556258,556,349.875722572588
"151",-75.875,-5.375,267,321.125000000002,23.5625000000001,2073.875,1.88402426242828,2.29696961194683,1726.53284458286,0.0217466849565615,0.530045902502025,549057,526,1306.24065541676
"152",-75.875,-8.125,229.875,505.874999999999,29.9375000000001,2231.18750000001,1.54884779453278,1.02862800402235,1824.50522660583,0.0527846364883402,0.485321195010328,564897,479,206.404530830039
"153",-75.875,-8.375,220.312500000001,511.124999999997,32.5625000000001,2116.43750000003,2.89455461502075,1.48741360355214,1801.37202563937,0.064630391708581,0.483504038042153,566337,473,1277.80507419635
"154",-75.875,0.625,253.25,544.937499999999,24.3125,3528.31249999999,7.0657057762146,3.5731853112038,1618.21048230023,0.0263130620332266,0.540499072638341,514497,504,341.340374776069
"155",-75.875,40.625,96.3125000000001,8835.1875,12,1183.5,55.0561904907227,18.0081312992932,1017.61216839061,0.0231428135954885,0.382898545183708,284097,182,448.453360626016
"156",-76.125,0.625,251.5,520.5625,22,3791.18749999999,11.6266145706177,4.27189261916823,1620.3722708107,0.0356957780826094,0.540734156966209,514496,508,356.98745710948
"157",-76.125,40.625,93.3125000000002,8822.25,13.3124999999999,1172.3125,103.242225646973,21.7297679480196,1004.30350377856,0.0221734491693339,0.378924979682779,284096,177,448.453360626016
"158",-76.375,-1.875,253.75,505.937500000001,16.4375,3060.6875,0.0960452184081078,0.795358617608214,1673.76947746927,0.0103155006858711,0.533123535511549,528895,484,304.546237213963
"159",-76.375,-5.375,262,307.8125,21.0000000000001,2117.0625,0.924914717674255,1.08958419007974,1676.19339980855,0.0260082304526749,0.533370317774825,549055,508,586.277573919604
"160",-76.625,-5.375,260.0625,335.875000000001,20.3125000000001,2120.5625,1.71816253662109,1.30934870803296,1642.60051576752,0.0328547477518671,0.549710691760993,549054,514,319.025267239791
"161",-76.625,0.625,248.5,468.187500000005,19.3125000000001,3635.5,16.9055328369141,8.01864728120028,1634.00976960828,0.0478768480414571,0.545643971359823,514494,547,278.209202574557
"162",-76.875,0.625,241.5625,355.500000000004,17.4375,3456.81249999999,18.4710712432861,7.80327596889945,1619.27244541873,0.0577290047248895,0.540811855637002,514493,607,278.209202574557
"163",-77.125,-6.625,190.375,522.875,33.3124999999999,1073.9375,2.00009346008301,1.65883445042068,1549.56500969156,0.102612406645328,0.493803401885089,556252,539,443.322840888509
"164",-77.375,-2.875,256.75,545.75,12.75,2552.125,1.08885669708252,1.55258519484485,1685.21747061928,0.0316780978509374,0.566971336782444,534651,476,224.619494585496
"165",-77.375,-3.125,258.25,521.8125,12.75,2457.6875,0.284001439809799,0.539954197673967,1689.08364790709,0.0277335771985978,0.558654865890276,536091,468,224.619494585496
"166",-77.375,-7.625,128.0625,645.6875,54.1874999999999,1072.6875,0.952628195285797,2.18187545043122,1408.16154909842,0.148641975308642,0.35232384748815,562011,364,375.993460224031
"167",-77.625,-2.875,255.1875,558.624999999999,14.25,2510.3125,2.72744584083557,3.41946325119309,1676.46926073448,0.0515775034293553,0.551068626635242,534650,454,224.619494585496
"168",-77.625,-3.125,257,538.312499999998,14.1875,2430.5,0.284001469612122,1.36303564435579,1680.5053398086,0.0435787227556775,0.54953701532213,536090,452,224.619494585496
"169",-77.625,-5.875,155.124999999999,470.8125,24.8750000000002,1164.4375,9.53521156311035,4.61232663745981,1358.00976225503,0.0773174820911446,0.420416404376738,551930,583,848.173880082886
"170",-77.875,-0.625,151.437500000001,481.562499999998,24.3125,2402.00000000004,2.1585373878479,4.9749222516442,1346.55489773209,0.0959914647157445,0.475176480052916,521689,624,190.32009226005
"171",-77.875,0.125,100.062500000001,397,16.6249999999999,1206.18750000001,5.94944190979004,3.76716780024151,1098.95423100518,0.0807437890565463,0.371094994442924,517369,337,287.2824549811
"172",-77.875,0.625,103.375000000001,384.000000000002,29.4375000000001,995.62499999999,76.1763687133789,10.6461677206129,1109.91207310033,0.0693552812071331,0.391119372914542,514489,280,159.538243558002
"173",-78.125,-4.125,222.75,548.749999999999,11.9374999999999,2750.8125,1.44868183135986,1.17658127666589,1605.54293897926,0.0508215211095869,0.534975620685144,541848,391,241.32405360038
"174",-78.375,0.375,117.5625,162.249999999999,44.25,1220.18749999999,52.306339263916,8.63420260421322,1221.27105269424,0.073734375,0.402970042923699,515927,430,297.604181814689
"175",-78.625,-1.125,115.687500000003,574.06250000001,27.8124999999993,617.749999999994,242.230270385742,15.2383496862426,1194.72973489563,0.0870172229843012,0.35605124440917,524566,231,318.830715143553
"176",-78.625,-1.375,106.312500000001,577.062500000006,23.6874999999996,724.250000000004,329.23779296875,13.6653040802374,1201.31038388052,0.0855052583447645,0.345996480624307,526006,227,312.494034630472
"177",-78.875,-3.875,198.875,472.375000000005,13.9999999999999,1923.62500000001,16.7373237609863,5.45302055495318,1545.92674890929,0.0878219783569578,0.491069040988803,540405,528,1585.86963091157
"178",-78.875,-4.875,190.000000000001,371.687500000001,27.6875000000001,1411.625,10.0122089385986,4.02238097575303,1562.13680612224,0.0989849108367627,0.490640506206545,546165,415,613.548575121893
"179",-78.875,-5.875,205.000000000001,422.375000000004,38.6875000000004,768.249999999989,71.1364898681641,8.81082843146555,1614.27946847278,0.119433013260174,0.404854042586526,551925,257,1187.40518792309
"180",-79.375,-0.125,243.125,739.812499999999,82.5624999999998,2830.50000000001,96.4669189453125,13.1190745227428,1568.5522214113,0.0748164819944598,0.54542352311546,518803,314,339.277342656548
"181",-8.875,39.375,154.375000000001,3728.75000000002,59.9999999999999,767.062499999998,77.3715286254883,20.4698600674613,939.903205204327,0.0405469678953627,0.342939614725768,291565,84,288.10839692851
"182",-96.875,19.375,203.0625,2153.375,74.875,1512.187,219.922,12.67117,1466.961,0.1036937,0.4334493,406413,286,116.150742867759
"183",-98.625,19.125,106.375,1373.812,89.3125,1037.938,47.07317,12.65193,1378.273,0.05795458,0.2841468,407846,171,196.684780946411
"184",0.375,46.125,115.1875,5404.688,15.0625,843.375,25.59176,14.07728,909.0318,0.04599299,0.3851951,252722,59,131.5028195766
"185",1.125,42.875,82.9375,5588.188,14.6875,1020.937,23.74631,7.982822,793.7971,0.05530255,0.3929148,271445,73,691.889330050365
"186",10.875,52.375,87.1875,6312.125,19.75,595.375,270.4401,19.40001,720.8399,0.01506478,0.3652156,216764,60,328.991248417404
"187",11.625,51.375,85.4375,6356.625,28.5625,532.5,100.9195,19.40191,735.4168,0.01080323,0.3506004,222527,63,116.1507428693
"188",11.875,51.375,89.1875,6440.25,29.6875,501.75,412.1266,25.29652,746.987,0.01125438,0.3321607,222528,61,116.1507428749
"189",11.875,51.625,89.3125,6481.938,28.5,492.75,258.1332,23.73962,742.5073,0.01244932,0.3371215,221088,63,116.1507428749
"190",12.125,51.375,90.3125,6541.75,26.5,500.8125,327.8197,29.29653,750.8807,0.01174821,0.3453182,222529,64,116.1507428749
"191",12.125,51.625,91,6561.5,26.3125,494.375,177.325,26.1431,748.3885,0.01260783,0.3474818,221089,64,116.1507428749
"192",13.375,54.125,82,6325.5,20.375,560.75,218.316,18.31087,620.3496,0.03008845,0.3775306,206694,67,124.950410834375
"193",13.375,55.625,77.4375,6152.062,21.25,666.3125,93.59151,20.56407,561.2301,0.02722685,0.3470403,198054,57,399.690890008569
"194",13.625,52.375,91.25,6956.563,23,544.25,1686.359,27.90104,747.4877,0.01775339,0.3105159,216775,62,485.462472064294
"195",13.875,41.125,149.8125,5555.125,45.1875,899.5625,194.4788,28.66913,1056.012,0.05518495,0.3391199,281576,74,116.15074287723
"196",13.875,48.875,56.0625,6855.438,22.5625,1045.875,23.75705,7.926019,716.3169,0.02752629,0.3489152,236936,63,209.729949387299
"197",13.875,51.375,89.125,6836.438,25.0625,600.8125,90.44013,19.30328,734.9127,0.01913123,0.3369379,222536,62,670.118336660191
"198",15.375,59.125,60.4375,7206.438,26.8125,622.625,31.89228,12.70891,611.3451,0.03321445,0.3207019,177902,52,473.700651149585
"199",16.375,48.125,97,7249.5,27.1875,637.5,1981.173,31.87456,870.3709,0.02982472,0.2936165,241266,69,397.458564604094
"200",17.125,49.625,83.3125,7110.25,44,583.6875,190.2122,23.95291,781.9438,0.02052126,0.3178967,232629,66,294.310030300905
"201",18.375,57.125,74.5625,6419.688,24.375,516,13.34975,10.54893,529.3008,0.04290249,0.3288111,189434,48,541.117744377914
"202",19.125,47.625,107.3125,7748.25,23.4375,560,1575.446,28.99402,884.8427,0.0394513,0.2733708,244157,65,258.93901388824
"203",19.375,43.875,82.75,6816.25,14.8125,970.1875,18.66447,9.613055,832.5465,0.03428746,0.3601877,265758,62,291.749712609779
"204",19.625,43.875,89.0625,6885.188,15.6875,928.375,56.57571,11.22829,852.1944,0.03570187,0.374425,265759,64,291.749712609779
"205",20.375,50.125,82.9375,7876.75,43.75,669,127.1812,20.38687,783.8457,0.02269166,0.3101473,229762,59,438.895421144477
"206",20.375,50.625,76.125,7901.875,41.5625,641.5,83.87127,18.89173,746.4438,0.02031398,0.3115351,226882,64,188.74793694202
"207",20.625,44.625,115.375,7441.437,23,691.5625,249.5022,24.13738,951.767,0.05091907,0.3192057,261443,67,260.18864579044
"208",20.625,50.625,74.75,7980.938,41.1875,641.5,82.74811,24.57583,745.974,0.02044201,0.3216791,226883,63,188.74793694202
"209",20.875,44.625,115.9375,7378.062,23,669.8125,218.661,23.17156,964.3981,0.05237616,0.2864897,261444,68,260.18864579044
"210",20.875,48.625,78.8125,7657.563,38,647.6875,53.72376,11.23222,824.5108,0.03592745,0.3616524,238404,62,287.781940268498
"211",21.375,49.625,69.125,7829.25,38.3125,753.5,113.8182,14.80757,746.1427,0.02843469,0.3683994,232646,59,174.618162727635
"212",21.625,48.125,99,7940.812,29,620.3125,87.55735,19.93504,896.5071,0.04269471,0.3005774,241287,59,121.179124563629
"213",22.625,44.625,107.5625,7783.688,26.6875,626.6875,282.5176,14.94031,949.8835,0.04873038,0.3146022,261451,81,217.510294349243
"214",23.375,43.125,82.875,7313.875,24.3125,682.875,44.12384,10.44595,884.2547,0.04274348,0.3585374,270094,74,127.022803884134
"215",25.625,65.125,16.5,9281.625,35.75,469.0625,48.82209,18.65673,480.1825,0.03018776,0.2598195,143383,55,541.831753963709
"216",26.375,44.125,111.5,8268.875,26.25,574.0625,44.22476,16.13678,987.6407,0.03471422,0.2809074,264346,75,189.28467246269
"217",27.375,42.375,128.8125,7159.312,23.625,583.5625,108.5953,11.68938,958.1061,0.05178338,0.3181758,274430,109,116.1507428749
"218",27.875,42.875,123.6875,7076.25,20,560.5625,34.70161,13.82763,884.4278,0.0469324,0.3358237,271552,96,297.787861156426
"219",30.375,36.875,124.1875,7055,68,611.75,64.41975,10.45195,1130.25,0.04322499,0.2110614,306122,120,166.90542626544
"220",30.375,37.125,133.125,7064.375,62.3125,532.75,24.26823,11.12932,1193.543,0.04270062,0.2149291,304682,119,192.28276796282
"221",30.625,36.875,176.6875,6427.437,91.375,913.5,546.8469,20.28914,1259.437,0.04577264,0.2268358,306123,123,192.28276796282
"222",30.625,37.125,156.6875,6739.5,79.875,733,285.8559,12.56016,1237.567,0.04477959,0.2629824,304683,124,192.28276796282
"223",33.625,39.875,105.8125,7680.687,43.75,427.375,54.84486,14.61025,1051.528,0.02903826,0.1635805,288855,98,183.37370410662
"224",35.125,38.125,88.875,7381.688,48.625,423.875,28.04975,10.88877,1033.651,0.04337144,0.1536338,298941,121,213.354469954131
"225",35.375,37.875,73.8125,7499.937,49.8125,551.0625,15.27278,8.761508,958.7892,0.05635726,0.1358692,300382,113,116.15074287068
"226",35.375,38.625,70.25,7430.813,46.5,446.1875,146.9302,13.52959,1043.446,0.02850175,0.1617348,296062,112,168.02162740532
"227",36.875,55.625,45.8125,9775.938,31.25,660.5,210.814,24.98604,637.876,0.02414876,0.2785833,198148,67,332.801219712945
"228",4.625,43.625,141,5964.25,33.6875,668.6875,79.75887,19.81223,1013.042,0.06161448,0.2759189,267139,101,174.618162727635
"229",40.125,44.125,82,6955,17.75,994.5625,20.19566,7.105737,824.3097,0.06833565,0.38393,264401,91,497.47871336836
"230",40.625,44.125,91.0625,7137.375,21.75,933.1875,18.74003,7.554054,862.2228,0.06579553,0.3854252,264403,91,538.139930685659
"231",44.625,40.625,37,7597.312,47.9375,570.5,40.85125,14.3461,798.3425,0.07317177,0.2844528,284579,99,543.532125878742
"232",44.875,41.125,90.8125,7593.812,48.875,580.6875,51.42483,9.819537,977.8515,0.06631916,0.3343496,281700,109,453.400516621552
"233",45.125,43.625,104.875,9428.563,45.0625,517.3125,42.88474,14.64524,987.5207,0.05024234,0.251934,267301,86,272.689704541195
"234",46.125,40.125,57.25,7613.375,47.5,593.8125,24.69557,9.967776,820.9758,0.06837982,0.2978537,287465,119,350.163615223134
"235",46.625,40.125,102.6875,7765.563,50.875,549.625,50.29329,9.179543,915.4784,0.0591922,0.3293224,287467,115,231.619499675014
"236",5.875,52.125,91.1875,5451.063,14.4375,794.5625,496.7696,23.76672,691.8736,0.058107,0.3400903,218184,67,403.891145013066
"237",59.875,57.375,12.5,11593.44,45.3125,598.625,53.54966,11.57646,615.8624,0.01989331,0.2994073,188160,78,338.722833807797
"238",6.375,46.625,72.625,6262.938,11.0625,1233.875,79.03539,18.80958,753.4147,0.07974394,0.3566247,249866,66,641.849976821641
"239",6.625,46.625,86,6379.812,11.875,1004.438,566.9987,22.90979,803.7996,0.09174211,0.3377154,249867,68,332.899674071404
"240",7.375,46.125,15.4375,5736.437,8,1645.375,93.85345,12.1016,509.9158,0.107697,0.1970335,252750,66,133.219492498433
"241",74.375,42.625,9.5,10260.31,45.3125,460.4375,78.14938,10.30375,756.7176,0.03993294,0.1841427,273178,134,244.411155015431
"242",74.875,46.875,61,13477.06,22.6875,147.1875,2.125425,11.00884,823.6413,0.02161833,0.05600311,248700,76,121.85075227172
"243",8.625,45.625,113.875,7070.125,22,1087.063,251.0973,31.85912,940.1203,0.06942234,0.3270987,255635,81,133.7500788003
"244",8.875,61.375,-17.1875,7098.75,27.3125,814.375,3.300126,4.735334,426.9167,0.07432404,0.1362456,164916,34,596.328615312564
"245",83.125,51.125,1.4375,11771.56,35.8125,665.4375,4.277331,5.893047,697.05,0.041451,0.26394,224253,102,321.990493012729
"246",9.125,50.625,82.5,6356.687,13.4375,764.8125,79.76626,12.86483,737.3757,0.02620942,0.4083508,226837,54,121.078937075633
"247",9.625,53.875,83.25,6017.438,18.9375,785.6875,215.0654,19.292,671.9846,0.04129249,0.4346742,208119,64,219.449457769451
