"","x","y","aet","Ec.Het","Humanpopdens","Human_footprint","Prec.seas.","rad","shannon_diversity","trange","Temperature","precipitation","Host_richness","Degree_of_generalism"
"1",-0.625,51.875,-0.611003390892846,0.0673856227022793,0.325455846460855,2.70886844355997,-1.33399118333741,-1.11133726495197,1.0620528874954,-0.536158247614891,-0.442321289515499,-0.53819646066698,-0.908187156410206,0.803139316718765
"2",-1.625,47.375,0.102405382052056,0.244141153156193,0.217548175901036,1.29258559051281,-0.875044473980788,-0.993136764131193,0.987282629058879,-0.436398596139115,-0.203598766905865,-0.382623193556213,-0.772659195501837,1.88425469914685
"3",-1.875,39.875,0.351173416792918,-0.668968061272049,-0.225024382595963,-0.601846757484148,-0.611240534822013,-0.634802614274509,0.431154425908125,0.712673434048232,-0.18028087187207,-0.849438497201052,-0.733936920956588,-1.36501921827623
"4",-100.875,23.375,-0.520337270488512,-0.422558981810785,-0.219899176937899,-0.871438816995342,0.653131862834057,0.0781330380445175,-0.293801493532429,0.00100863120593268,0.400881151043314,-0.96681083929996,-0.256362201565193,-1.04280698614418
"5",-100.875,23.625,0.153364902415602,-0.0142230045090158,-0.216522290163865,-0.840285512511771,0.582752810445138,0.0681793116596096,-0.205763581601492,0.00445818559632005,0.303792439894852,-1.01952811581632,-0.243454776716777,-0.773920109227659
"6",-103.125,40.625,-0.741275254157391,-0.117487043047024,-0.190148798477782,-0.172449272145727,1.06801078498517,-0.514113681857501,-0.796360111918266,1.88633656784077,-0.456272373947452,-0.949333916107039,-0.204732502171528,0.207108173368306
"7",-104.625,33.625,-1.7580902400415,-1.14570592314553,-0.229472599308048,-0.737186004934565,0.811865793901377,-0.349877196506521,-0.892546663157719,1.51954471798088,0.219035300736937,-1.08838528315018,-0.191825077323112,-0.518086529597149
"8",-105.375,35.875,0.114065506493653,-0.0803229713825942,-0.222649144549097,-0.770462360702428,0.502779564458689,-0.37102886507445,-0.126990475578614,1.04382020138293,-0.805029737513599,-0.791182086557976,-0.120834240656824,-0.902704794154894
"9",-106.375,35.375,-1.50586594127272,-0.057926048920808,-0.216992600803265,-0.261051857938775,0.0853313556475163,-0.359830922891429,-0.532870081014368,1.4927652963029,-0.203265207313606,-1.08198662821069,-0.0821119661115756,-0.746230837247329
"10",-106.625,35.625,-0.927234150620867,0.432300796249496,-0.224557613101351,-0.799908717839064,-0.110125955401408,-0.369784649276337,0.107004746709105,1.47080872801187,-0.366045842480615,-0.950002432294745,-0.107926815808408,-0.596543350853814
"11",-107.875,34.875,-0.737158520645977,-0.327632835814589,-0.229730072826918,-0.803160600666273,0.729846194213327,-0.316283369957457,-0.794011272853426,1.42532939915392,-0.507611864176217,-1.1032836439048,-0.16601022762628,-0.76259806666376
"12",-107.875,35.125,-1.36694640417769,-0.114005014882695,-0.196256987881595,-0.562832905640639,0.697478965344261,-0.328725527938592,-0.435345942698785,1.50339231081121,-0.480072674473284,-1.13928801572848,-0.172463940050488,-0.744844316911401
"13",-108.875,33.875,0.248896661934089,-0.170074175300596,-0.2293348533299,-1.13910474465286,0.867065963907462,-0.26029365904235,0.452541785602729,1.35115660189885,-0.665245340527813,-0.916767627534437,-0.13374166550524,-0.987476439315746
"14",-113.375,49.625,-0.41272341880305,-0.789122811816677,-0.218109929734764,-0.462819398275474,0.376635228196201,-0.791573804836808,-0.538606342654115,1.40332157688436,-0.968808001425714,-0.891746021651673,-0.230547351868361,-0.393962844792709
"15",-114.375,51.875,-0.4542219691935,-0.919614195782563,-0.225819332571344,-0.58341231355954,0.871754570136794,-0.827656062982099,-0.113179695931686,1.49892784422129,-1.2918231081841,-0.836927694259667,-0.224093639444153,0.0736136857885038
"16",-117.125,43.375,-1.38618361144733,-0.32732356365783,-0.229631260852643,-0.916130370797926,-0.644843630670728,-0.668396440823573,-1.76940307256524,1.42337822849505,-0.593922956413652,-1.09640747740267,-0.320899325807273,0.010071512490323
"17",-117.375,52.875,-1.44116083945653,1.25741055393733,-0.229709559081709,-1.25370547072083,-0.348882890409161,-0.808992826010397,0.561633711696965,0.959338185142578,-1.81415003787369,-0.505248162844257,-0.359621600352522,0.0736136857885038
"18",-118.625,36.625,-0.0788191718947112,2.13451135706516,-0.229676596956353,-1.13090618982711,1.06445092941108,-0.509136818665047,1.14852944209139,0.611386343622692,-1.175227280898,-0.491782336777579,-0.249908489140985,0.109954440311015
"19",-126.625,55.125,-1.11481733996659,0.0909690159831442,-0.229738293030962,-1.32372511725792,-0.776678846530938,-0.943368132206653,-0.579132752544846,1.127468180349,-1.41727426894521,-0.729869601913954,-0.546779260654555,0.0327170198067312
"20",-145.375,63.125,-1.64266783278369,1.54560430446272,-0.229775447359081,-1.21481956178781,1.41051916801277,-1.07152235941234,0.568749383382507,1.63695697223549,-2.26230442038346,-1.12735022666227,-0.708122071259756,0.698169731349452
"21",-146.375,64.875,-1.39537703652714,0.0492174625448969,-0.229772574002016,-1.06703507227033,0.834873292204512,-1.03170745387271,0.0326467855650555,2.40331706982344,-2.07370587420342,-1.1180865023469,-0.733936920956588,-0.119435852875521
"22",-146.625,65.125,-1.41174707638918,0.175474290632986,-0.229748930483015,-1.16307868684633,0.725990445919451,-1.03170745387271,0.212423842478613,2.24061347879592,-2.15671357899815,-1.10586220634311,-0.721029496108172,0.227531414050189
"23",-148.625,65.375,-1.29702902895474,-0.155795512376233,-0.229765035770429,-1.21479653642175,0.617932286888439,NA,0.2724940257515,2.63837581892124,-2.08939655927561,-1.1480742284812,-0.746844345805004,0.287376427320034
"24",-148.875,61.125,-1.82502520342928,3.77556319157083,-0.229230529647803,-1.08310293262175,-0.50976285468663,-1.15612903368406,0.0901496995493726,-0.171871207841694,-1.914222916283,-0.443171659699996,-0.766205483077629,0.193763192870332
"25",-149.875,67.125,-1.50731092350747,NA,-0.229774043826485,-1.30249171196781,0.51543132239329,-1.11133726495197,-0.271484208173055,2.28482360689554,-2.33629605371707,-1.10013206759133,-0.850103744592333,-0.266779704472512
"26",-150.875,60.625,-1.58539988538568,-0.30879245200109,-0.214754250518504,-0.832939458495593,-0.160417658668722,-1.15612903368406,0.361750295437026,0.64547133429472,-1.3892648704771,-0.420728616255537,-0.785566620350253,-0.408623564028693
"27",-159.375,62.875,-1.88537877970252,-0.280879973887756,-0.22977561893547,-1.32839412575569,0.441503389693418,-1.13124471772179,0.565764803069061,1.82886477260289,-1.89718522876725,-0.935963592352893,-0.856557457016541,0.184270593064988
"28",-2.125,38.875,-0.629941905507616,-0.586970127464125,-0.185651827495554,-0.267201635172893,-0.273059411040949,-0.602453003523558,0.0606741273943458,0.989389571128648,0.0562625789696908,-0.941311721854552,-0.6629460842903,1.88425469914685
"29",-2.125,39.125,-0.692824453162548,-0.772482273688404,-0.161160168031383,0.130129817226293,-0.261447741584898,-0.609918298312239,-1.22472501007143,0.893920198319327,0.123083877871474,-0.95773811960965,-0.669399796714508,1.88425469914685
"30",-2.375,37.125,-1.13638734740719,-0.278146640584456,-0.218821312694443,-0.596108031672123,0.0312843829006522,-0.529044271434863,-0.0184504364434685,0.635281907797426,0.174981716118023,-1.0355725043213,-0.585501535199803,0.894047633232998
"31",-2.375,52.125,-0.737740350496454,-0.177342998536167,-0.00880452263253681,1.20358533545823,-1.19454735930691,-1.13124471772179,0.995517178239317,-0.629965372561422,-0.497555478032654,-0.296575609967029,-0.901733443985998,0.0131596120552418
"32",-2.375,52.375,-0.755142475965528,0.244751216999266,0.0259988128658162,1.26415267048383,-1.14984808313327,-1.12751207032745,1.0103374936801,-0.680995994806881,-0.533738327060106,-0.175669682304507,-0.901733443985998,0.0131596120552418
"33",-2.625,52.125,-0.788044065020679,-0.359223913319054,0.0416849168815129,1.08202565542277,-1.15663019042002,-1.13124471772179,0.725469935741815,-0.582176043054521,-0.504390095001975,-0.442694148137349,-0.966270568228078,0.0131596120552418
"34",-2.625,52.375,-0.742919543150759,-0.306273975938997,-0.147185640495249,0.709130768323276,-1.1139626864602,-1.13000050192368,0.866952849685702,-0.644405985486697,-0.56753321522718,-0.171085571303077,-0.95981685580387,0.0131596120552418
"35",-3.375,39.375,-1.44749322232364,-0.624088086570477,-0.180033564897253,0.0362256536909537,-0.145104044180178,-0.618627808899034,-0.113039195713913,0.900684315695827,0.166761202454096,-0.974164517364745,-0.63067752216926,0.32214752656241
"36",-3.375,39.875,-1.35730580366163,-1.11014731054337,-0.202560392675709,0.141099329435458,-0.198462062079521,-0.63853526166885,-0.580999306910262,0.824162360377869,0.0922433788092772,-0.937396127040835,-0.591955247624011,0.0112753066352718
"37",-3.875,39.625,-0.988195005757551,-0.195720973048081,-0.192457033811253,0.101057734970306,-0.259683912096917,-0.628581535283942,0.589312268892993,0.744361636434207,0.103077657227453,-0.938542154791194,-0.598408960048219,0.0781237800998823
"38",-3.875,40.875,0.345274051685104,-0.160084181109051,-0.175499585459634,0.13624877463652,-0.27167081588958,-0.694524972583956,0.193938817077215,0.149165972929236,-0.566962253641824,-0.392173424809213,-0.63067752216926,-0.249383165038703
"39",-36.625,-5.375,0.537206443689954,0.45109556255178,-0.195807363227845,-0.0803325679916682,2.52443203411151,0.997608512850383,-1.07159005421921,-1.50354634264303,1.62920245771818,-0.619086919379583,0.259934792371451,-0.879589018212882
"40",-38.125,-11.125,0.611913191364271,-0.154725583842637,-0.160571812212571,-0.02507637581621,-0.177858660573282,1.16682186139382,-1.45237150567442,-1.2654876846252,1.25209962620749,-0.318159132598714,0.614888975702894,-0.0752821397150388
"41",-38.125,-12.625,1.39523411012342,1.37960203273772,-0.157180866156584,1.02738111314852,0.120137215063019,1.38207119446745,0.784945107299163,-1.68053674555495,1.38770294832406,1.07865769045966,0.750416936611263,0.444046281006098
"42",-38.875,-12.125,1.12905432773238,0.202953893306724,0.318009947406766,0.810191769578049,-0.80317574464107,1.20539255113533,-0.728628274116276,-1.37346536147787,1.22154216718725,-0.0889535825275851,0.821407773277551,-0.862471208426843
"43",-39.625,-18.125,1.59277455318784,0.330515800790186,-0.20253943151338,-0.538391339344116,-0.670067304772749,1.32732569935046,1.0306398623258,-1.30231235165688,1.31155597979523,0.698558486591735,1.23444536842687,-0.334863381886641
"44",-39.875,-5.375,0.878657245881728,-0.14714006803869,-0.214979154102951,-0.45667620373415,2.03664871135831,0.964014686301318,0.215372323666062,-1.50026610105202,1.32964770894945,-0.423116174068759,0.33092562903774,-1.1244976229969
"45",-4.125,37.375,0.0637722958357803,-0.739271161313032,-0.156751562458196,0.25639772877028,0.388278355710514,-0.530288487232976,0.486894173631904,0.706300617073973,0.217244435265163,-0.778575781304064,-0.624223809745052,0.532638760865038
"46",-4.625,40.375,0.42161074572398,-0.0333920479052989,-0.182815862258319,-0.315463757190628,-0.480220185505535,-0.658442714438665,0.711778823787868,0.22425790053382,-0.209469668146228,-0.898049174278635,-0.643584947017676,-0.266465460216362
"47",-4.875,37.375,-0.402611099721654,-1.06802984909131,-0.112696365825317,0.749895346382943,0.742073534796611,-0.538997997819771,-1.14054829538439,0.541425327714951,0.440022828222975,-0.715639757347032,-0.585501535199803,0.3170392574318
"48",-40.875,-14.125,0.344689515191168,-0.552802047001283,-0.2161814276885,-0.276527787765839,1.45927033323986,1.146914408624,-1.80554881846016,-1.2545666701528,1.18776045109532,-0.664832527081273,0.931120884489088,-1.13744425204515
"49",-40.875,-15.625,1.21827301573785,0.114931910316674,-0.198646386295725,-0.370614120516432,0.772030141541954,1.13322803484475,0.196637530530236,-1.16128068163423,0.865745065672166,-0.308608901345737,0.937574596913296,-0.833374690149209
"50",-41.125,-15.625,1.32640929780449,-0.241473906176806,-0.19061771357831,-0.42764029239595,1.22515521936406,1.12327430845984,0.212124605405887,-1.12115570548867,0.89601497306963,-0.348719872608197,0.776231786308095,-0.833374690149209
"51",-41.875,-18.125,1.1696648315818,-0.582171506262211,-0.222371576921775,-0.208731535173955,1.20056085133075,1.07350567653531,-1.02831932563548,-0.829404457561832,1.1394885384255,0.0913547835283437,1.13763968206375,-0.998566721068592
"52",-42.125,-13.375,1.07133693405338,-0.424332725208633,-0.193365055077376,-0.345418758568747,1.59254171930597,1.2203231407127,-0.33812066360064,-0.950450817027815,0.977228620920624,-0.212820081878527,0.750416936611263,-0.559168485480893
"53",-42.125,-16.625,1.03576272082202,-0.645350746109427,-0.21289602031266,-0.32272212455184,1.72927564196058,1.0822151871221,-0.134571325328649,-0.760712733658056,1.11577772967451,-0.264391330644532,0.653611250248142,-0.818576283783487
"54",-42.125,-18.125,1.23529311674743,-0.490954506029641,-0.224660833839167,-0.246477102755747,1.36508724394561,1.0635519501504,-0.845645609660789,-0.803537244599967,1.1537957331004,0.0943153552167622,1.0989174075185,-1.21979842368224
"55",-42.625,-20.375,0.548982059030049,-0.647582169896915,-0.178074104772628,0.121796608696172,1.194730481187,1.11829744526739,-0.933809448332958,-0.632904251184523,0.870122387052959,0.377384209554587,1.64102925115197,-1.10511267763624
"56",-44.125,-16.875,0.619679336391488,-0.637928479361652,-0.222085341229066,-0.178608012979933,1.66465703214459,1.17801980357684,-0.3660364761335,-0.814929731802925,0.939430945112873,0.295634230029223,0.873037472671216,-0.301484482507628
"57",-44.375,-14.875,1.3417675614207,-1.06020661510001,-0.219139310234128,-0.253461779267232,1.9788836578855,1.16806607719193,-1.13722207590078,-0.836016468459299,1.15774826956456,-0.0682295807086767,0.860130047822799,-0.297867392464096
"58",-44.875,-17.375,0.606236770606805,-0.581491743552599,-0.0781025914075976,0.292704281502887,1.84171569816429,1.21659049331836,0.175947172504599,-0.638385024728756,1.17955224635844,-0.0108326908783611,1.01501914600379,-0.452053411848473
"59",-45.125,-2.375,1.37840110927176,1.20890358802959,-0.211977887707549,-0.314992467540004,1.35154094597499,1.09714577669946,0.645359015583547,-1.63817569728007,1.59539619630561,1.44280800813512,1.08600998267008,-1.07086516896279
"60",-45.375,-2.375,1.23141428197839,0.626003221826723,-0.21058296517542,-0.626270090448161,1.19128849283392,1.07848253972776,0.520712061212184,-1.64111250332367,1.59610509475933,1.99032276586749,1.11827854479112,-1.07086516896279
"61",-45.375,-22.125,0.593831997210967,-0.613776629545852,-0.175724399190471,-0.105639245725988,1.11873949817571,1.146914408624,-0.629929638247468,-0.490545517633773,0.578680780677072,0.83932889526041,1.76364978721193,-0.310396120436278
"62",-45.375,-22.375,0.525314278541756,-0.559032542635949,-0.0099921402520084,0.2814455015337,1.05058788198128,1.15064705601834,-0.10491393226014,-0.474230719298159,0.524114509212412,0.848783624200859,1.95726115993817,0.208638028352545
"63",-46.125,-14.125,0.200797244995855,-0.240944406802978,-0.229231873152309,-0.728031595113582,1.61616093427612,1.13696068223909,-0.305638219095697,-1.02124730406985,1.15732817030901,0.478521158523466,0.743963224187055,0.386525244739029
"64",-46.375,-14.375,1.12658764712877,0.427880616041429,-0.202160462683834,-0.454383497416009,1.55409699924943,1.14318176122966,0.0802334485045457,-0.987500430628024,1.28135049661109,0.398872229873754,0.795592923580719,-0.119768503547791
"65",-47.375,-24.375,0.947088735036116,-0.473721775649793,-0.193844909854855,-0.650933908526726,-0.158760552863705,1.3957575682467,-1.00119000863611,-1.08918728122999,0.927761850165834,1.31445290009535,1.82818691145401,-0.335717640942831
"66",-47.375,-24.625,0.986934719980564,-0.198217936932659,-0.218304650228232,-0.430688674552667,-0.318972461101744,1.47289894772973,-0.0987114114607646,-1.09544067721638,1.02562436270213,1.44834714226188,1.79591834933297,-0.19089940114495
"67",-47.625,-17.125,0.387565288666094,-0.554065902113236,-0.228659400713921,-0.373872549388836,1.574222191527,1.18175245097118,0.056522288109773,-0.833282944662691,0.966391325110801,0.731984295977106,1.11182483236691,0.713527701257375
"68",-47.625,-9.875,0.938118916121799,-0.337040062677349,-0.223712438468196,-1.06525690807932,1.32191499006549,1.28128971482026,-0.73397933701883,-0.81389093931634,1.42375137835562,0.715748902847068,0.743963224187055,1.21244911333595
"69",-49.125,-28.625,0.420465049613496,1.358847862631,-0.113501207068541,0.766048644671972,-0.922821154569991,1.44801463176746,1.153784968002,-0.75291729290224,0.7591336115037,0.579944614429934,1.15054710691216,-0.207063884031689
"70",-49.375,-28.625,0.560335294003718,0.720121488497766,0.33326120487954,0.717405580605205,-0.829203936380292,1.377094331275,1.27852790143434,-0.619537807983311,0.701481919250576,0.532957476665355,1.1828156690332,-0.880142949042292
"71",-49.875,-28.625,0.46027097142978,-0.349039133321792,-0.226111676554542,-0.624838491498858,-1.23254838518713,1.29746452019573,0.322176110880026,-0.872358693731176,0.186965678786385,0.923752939536589,1.20863051873003,-0.56558508592055
"72",-5.125,37.125,-0.399789841045727,-0.680256097472113,-0.177046555742538,0.364989071993467,0.84848093572589,-0.534021134627317,-1.04139717545072,0.360558001913098,0.339794252675895,-0.624148541943647,-0.520964410957723,0.894047633232998
"73",-5.125,37.375,-0.566782779478965,-1.02108328974661,-0.170946944550502,0.385906115831398,0.814549872091123,-0.538997997819771,-1.61649212839158,0.505966268976005,0.47421210978971,-0.73244816435225,-0.546779260654555,0.656694460582318
"74",-5.125,38.875,-0.227661605924283,-0.375970987357398,-0.217532637843597,-0.321962909916467,0.294439762537249,-0.593743492936764,0.293760299994679,0.578891712285575,0.250746215746932,-0.780390325242124,-0.611316384896636,0.52093423949699
"75",-5.125,40.875,-0.753078198807931,-1.02182427085229,-0.203046497894895,0.0683494995834024,-0.543590859291879,-0.694524972583956,-1.27432355618565,0.438072618529946,-0.235821775350394,-0.937014117790717,-0.708122071259756,2.74384806250409
"76",-5.125,41.375,-0.729564515114287,-0.760367126604662,-0.208147008551969,0.35615782023013,-0.552454094756377,-0.718165072748113,-0.957413314658078,0.416309230290242,-0.137264065929736,-0.919250687660209,-0.682307221562924,2.64457795875624
"77",-5.375,37.375,-0.537037740443349,-0.836619541681873,-0.165202204573128,0.566092773125898,0.805325827188668,-0.538997997819771,-1.29792763957561,0.436770582376922,0.499013763653473,-0.721847407661461,-0.540325548230347,0.233038117262715
"78",-5.625,36.625,1.11865632948125,0.975522435504299,-0.117227323935319,0.297463738756022,0.999905051747649,-0.529044271434863,1.18023105635749,-0.208937949551721,0.367145725801345,-0.508590743782791,-0.520964410957723,0.866360560373968
"79",-5.625,36.875,-0.0441432605262276,0.286077079537677,-0.133233486507867,0.390439757217065,0.92694352181601,-0.534021134627317,-0.510824184074922,0.0460764943755781,0.450890268936056,-0.608008651126138,-0.488695848836683,0.308016945275014
"80",-5.625,37.125,-0.550878599334222,-0.699932644021962,-0.111662970694762,0.878535042232024,0.864890861207819,-0.534021134627317,-1.59942148102078,0.199070676138625,0.497745864380887,-0.669512140395222,-0.514510698533515,0.210088410389879
"81",-5.875,36.625,0.0908883333093548,0.0937163460092943,-0.0858737268327835,0.872433369766457,0.949068137794446,-0.525311624040522,-1.18342151796362,-0.161864350831519,0.500663653105163,-0.625199067381468,-0.501603273685099,1.16081744727669
"82",-5.875,36.875,-0.284633756842489,-0.461057667512597,-0.121059827475683,0.739417705170417,0.888964998029755,-0.530288487232976,-1.6915947059037,0.0307201271894014,0.51674784485554,-0.666169559456682,-0.469334711564058,1.3391939357512
"83",-5.875,37.125,-0.241736958884038,-0.699279912811892,0.0239984918122956,1.0383552568399,0.874561619886244,-0.532776918829203,-1.42241846362869,0.115569341948379,0.549829555095152,-0.725094486287464,-0.520964410957723,0.447379452171132
"84",-5.875,37.375,-0.10562226645283,-0.455954544418449,1.37002476754556,2.12964041161673,0.790072585995899,-0.537753782021657,-0.175229903815082,0.380675840241816,0.586757076075536,-0.748301548232165,-0.520964410957723,0.210088410389879
"85",-50.375,-0.125,1.85296008028627,0.648236500479813,-0.193522175345196,-1.04061014261883,0.763308116766991,1.00631802343718,0.350362508516232,-1.69765166385758,1.6450143588844,2.0195464735016,1.64102925115197,-1.10560151494365
"86",-50.875,-28.125,0.7464833126165,-0.353650919159071,-0.227858065691914,-0.531502265960794,-1.2902134716818,1.40322286303538,0.317780848025482,-0.726432777127201,0.340682011372412,0.814975805565355,1.021472858428,-0.407446445544315
"87",-53.375,-19.375,0.539900080425644,-0.660866296829403,-0.229294770064689,-0.600492084927771,0.66061089699185,1.377094331275,-0.749103357758896,-0.846978315354832,1.16358518162865,0.695979924153435,1.05374142054904,0.713527701257375
"88",-53.375,-19.625,0.676559057686125,-0.74506941796939,-0.229430576468439,-0.583532345701301,0.609705682125219,1.36714060489009,-0.705114096669482,-0.871878728638719,1.19616835493618,0.642116619886723,1.05374142054904,-0.0159276211308493
"89",-53.625,-24.375,0.383378782712714,-1.03321698785946,-0.169194080337399,0.0482846241488414,-0.862172949022793,1.47663159512407,-0.475258865700228,-0.476697766725705,0.871168696625326,0.767988667800776,1.47323272812256,-1.42881702315821
"90",-54.125,-14.625,0.312341965899906,-0.473809644924187,-0.229343316504487,-0.672317541722848,1.33990873763216,1.3410120731297,-0.558510468252628,-0.615492276188925,1.12613998939116,1.36210855404761,1.32479734236578,-0.2992444880572
"91",-55.125,-4.875,1.61497743810814,-1.20667653046957,-0.229736495210176,-1.31733020188031,0.545953510436447,1.07848253972776,-1.94665571566487,-1.41888504175856,1.48444779287652,1.64364937138496,1.78946463690876,-1.2155017978057
"92",-55.375,-0.375,2.18990474897265,-1.33407996313239,-0.22977561893547,-1.21278283752849,0.0964852238812112,1.0822151871221,-1.94665571566487,-1.57209808270258,1.42734577364015,2.0776118795196,1.17636195660899,-0.15952922170425
"93",-55.375,-15.625,0.344695201082293,-0.171138474342237,-0.226668885462016,-0.24803529805728,0.991591355373495,1.39700178404481,0.8263674846371,-0.720628941883095,1.07360525665012,0.855277781452859,1.47968644054677,-0.762137691077981
"94",-55.375,-3.375,1.68323064033189,4.27953300016929,-0.227205925568581,-1.20069874960307,0.514135054072046,1.0635519501504,-0.472088702657104,-1.58232531096429,1.56817674131874,1.28685273177426,2.12505768296758,-1.19547791814577
"95",-55.625,-0.375,2.22714914918182,-1.25779150605574,-0.229742082619554,-1.21302413399904,0.0612470755883733,1.09963420829569,-1.94665571566487,-1.5725883064118,1.46299970872521,2.14092991272675,1.19572309388162,-0.15952922170425
"96",-55.625,-0.625,2.19451157490952,-1.2843022517305,-0.229748655860244,-1.21306787655738,0.0710189487863233,1.12203009266173,-1.94665571566487,-1.57430876899182,1.47014481964861,2.15573277116884,1.20217680630583,-0.824348838401213
"97",-55.625,-15.625,0.842625074904696,-0.0503964512188886,-0.22778817099096,-0.24169075805906,0.876397704747876,1.40695551042972,0.402804961492372,-0.799487984769493,1.29033128417378,0.69196882702719,1.55067727721306,-0.984364135091597
"98",-55.625,-15.875,0.826700128234811,0.00252406952930206,-0.226320833293933,-0.550616548037544,0.907439320022331,1.41690923681463,0.510289858158247,-0.790359406133074,1.34137184228095,0.659307036142057,1.47323272812256,-0.984364135091597
"99",-55.625,-3.375,1.71917053280742,-0.106036287820337,-0.229016158678886,-1.30263937818081,0.432499906445835,1.07350567653531,-1.92062361521231,-1.56175292597092,1.55239968522354,1.41262927737578,2.05406684630129,-1.09010042999429
"100",-55.625,-3.625,1.64210923407748,0.181520564299894,-0.228397924955475,-1.29351718911044,0.381776334988445,1.07350567653531,-1.43701551867853,-1.54186214589553,1.55167066598984,1.41797740687744,2.09924283327074,-1.0772002919076
"101",-55.625,-4.875,1.55734944958015,-1.37951752876615,-0.229642554032032,-1.22091925479029,0.345329421323959,1.09838999249757,-1.89190357085479,-1.43508709959052,1.49226623184806,1.96816622936064,1.78946463690876,-1.10484247459371
"102",-55.875,-15.625,0.580200123251368,0.332549792595935,-0.119668960991642,0.12106544436202,0.814434678571377,1.42188610000708,0.220995392500224,-0.790600372828686,1.40668350241657,0.61461195387819,1.59585326418252,-0.539911247053717
"103",-55.875,47.875,-1.01493063863167,0.968015431636502,-0.220486596313625,-1.13837074860583,-1.32653553471683,-0.821434983991532,0.943181736520416,0.745945791065706,-1.12393620130936,0.999581775685131,-0.798474045198669,-0.519587789390914
"104",-55.875,48.125,-1.05385646060834,1.14055629648646,-0.22977561893547,-1.26959006086638,-1.33358443718806,-0.828900278780213,0.543914073104557,0.889780201219132,-1.16883082220078,0.795779840746899,-0.817835182471293,-0.519587789390914
"105",-56.125,47.875,-1.11786200351668,0.00132649958611716,-0.229770228982332,-1.2267602747021,-1.37105327265303,-0.828900278780213,-0.0903596774526773,0.810762390922114,-1.14118293023787,0.88593402377487,-0.798474045198669,-0.519587789390914
"106",-56.125,48.125,-1.10507827712729,0.247540496733652,-0.229773087803502,-1.3118054854295,-1.35482072761613,-0.83138871037644,0.250022676931566,0.924595183067618,-1.18604216387069,0.722243060099083,-0.817835182471293,-0.519587789390914
"107",-56.375,-15.875,0.699986812604185,-0.480219025482441,-0.219273902517305,-0.486198187342811,0.73212745967959,1.46792208453728,-0.331130720595609,-0.778107385017484,1.40573653466202,0.488262394401488,1.59585326418252,0.748718130486965
"108",-56.625,-29.875,0.629232297575235,-0.424219298916329,-0.227465567400818,-0.484088018850417,-1.06523265843067,1.45299149495992,-0.910709178916036,-0.181688443380413,0.739338637289432,0.80055495637338,0.434185027825068,-0.337646969899178
"109",-56.875,-18.375,1.52201405233838,2.30900002051131,-0.22961823750866,-1.13208422887532,0.670468786711077,1.5251560112505,-0.477055690595026,-0.980042520523306,1.51137953666704,0.238905856386623,1.10537111994271,-0.276705002707665
"110",-57.875,-15.625,0.743243719916071,-0.368162329174704,-0.221058711092529,-0.308409531749198,0.951613800527821,1.5064927742788,0.303689966452241,-0.749392056772423,1.46189590913767,0.603629187937282,1.73783493751509,-1.37455025087598
"111",-57.875,-24.875,1.31603264173806,-0.903634869334775,-0.227698010615674,-0.673779880517394,-0.24508565291847,1.47538737932596,-1.71104210979752,-0.420434037668512,1.16801749787385,0.152094254297204,0.89239860994384,0.707958883244626
"112",-58.375,-12.125,1.58316933698413,-0.183263956999342,-0.229377567182374,-1.22759304045564,1.243869819221,1.36714060489009,-0.474027643213108,-0.765829997614448,1.36908681680825,1.44720111451151,1.45387159084994,-1.18788844246056
"113",-58.375,-25.125,1.41064852778468,-0.826555078359153,-0.214874080134441,-0.224344908418092,-0.24769812078835,1.47041051613351,-1.58466658887498,-0.30114926649522,1.1379078023683,0.071108293272062,0.718148374490222,0.707958883244626
"114",-58.625,-3.125,1.3794650413792,3.35039007064641,-0.225126675314469,-0.816785631291302,0.263592046694145,1.06977302914096,0.179878458773979,-1.61460305141921,1.65401502061334,1.75615109554486,2.43483587932956,-0.992850951518788
"115",-58.875,-13.125,0.954799641625384,0.00496511994574957,-0.229499254284768,-0.962651422852972,1.09830023014019,1.39078070505424,0.582672686759689,-0.604952544651169,1.30929561978611,1.49944087946522,1.5829458393341,-0.514622919603465
"116",-59.125,-13.125,1.28499947323367,-0.00907350384220934,-0.22965935323484,-1.04600491800418,1.08332681141399,1.40819972622783,0.220813453158604,-0.63780064855591,1.30384893770145,1.47671132908316,1.67975152569722,-0.514622919603465
"117",-59.375,-11.875,1.7963806728685,-1.00240690868062,-0.229747461137388,-1.21250701606442,1.21778397463029,1.37087325228443,-1.76440142181983,-0.797073742496334,1.30544172881861,1.30509367346742,1.56358470206148,-1.05214343622281
"118",-59.875,51.875,-1.41971828919217,-0.486846248125399,-0.22977561893547,-1.32839416440906,-1.0229795033738,-0.848807731550028,0.581846891941643,1.73013529741842,-1.78147633692295,0.203665503063189,-0.901733443985998,-0.104702262180472
"119",-59.875,52.125,-1.52411730986324,-0.777796878514323,-0.22977561893547,-1.32839416440906,-1.02253250446536,-0.851296163146255,-0.350342602516064,1.68496870646816,-1.82511417973353,0.171099214490585,-0.908187156410206,-0.104702262180472
"120",-6.125,40.125,0.694857448147766,0.0900867820414834,-0.147954484136188,-0.205924551450597,0.206854666751458,-0.668396440823573,0.88869088299146,0.216789823057974,0.19310567913895,-0.635608819447206,-0.637131234593468,1.88425469914685
"121",-6.125,41.875,0.399221293552888,-0.81876179102914,-0.217777303606272,-0.569740089577826,-0.11112937864831,-0.757979978287744,0.87736285499907,0.275134682633142,-0.257912636459268,-0.384915249056926,-0.746844345805004,2.83198848328563
"122",-6.375,41.875,0.587024677678111,-0.778728140175735,-0.221696320026963,-0.699276582138054,-0.0409704952728266,-0.757979978287744,0.998351288296247,0.263309912701267,-0.280941217307378,-0.317872625661125,-0.753298058229213,2.64457795875624
"123",-6.625,38.875,0.0921713208856095,0.46737019171245,-0.0917229721737952,0.448625515828943,0.425765825283851,-0.598720356129218,-0.225382551737107,0.534603060796691,0.396251529298108,-0.768070526925802,-0.591955247624011,-0.746104982688911
"124",-6.625,39.125,0.313261416952873,-0.728826931922924,-0.141824429418101,0.0338499656378086,0.361111728160526,-0.608674082514126,0.0824454499178711,0.48991126000768,0.35670072717438,-0.746200497356517,-0.611316384896636,-0.746104982688911
"125",-6.875,38.875,0.242067322028953,-0.122644759169676,-0.0892308823157674,0.604121748151275,0.33501029009547,-0.603697219321672,-0.537702658301176,0.449989533521402,0.37418537308347,-0.763199908986791,-0.579047822775595,-0.746104982688911
"126",-6.875,39.125,0.267359104550733,-0.885610424434726,-0.176586898371708,0.0584456372716126,0.261238638037507,-0.61365094570658,-0.0487475181339807,0.418726718301117,0.364850230587397,-0.739324330854385,-0.63067752216926,-0.746104982688911
"127",-60.125,51.875,-1.44234285400917,-0.425349586618668,-0.22977561893547,-1.32839416440906,-1.01140935107578,-0.841342436761348,0.873350332563219,1.7509779389573,-1.76581020669142,0.175778827804537,-0.901733443985998,-0.104702262180472
"128",-60.125,52.125,-1.53985755712665,-0.835013552590173,-0.22977561893547,-1.32839416440906,-1.00914603960682,-0.848807731550028,-0.21429653354698,1.70363959753517,-1.81727748227842,0.146077608607822,-0.901733443985998,-0.104702262180472
"129",-61.875,-3.125,1.39290490758708,-0.824772589476199,-0.2296181869331,-1.20355669268679,-0.28865238991437,1.12949538745041,-1.87780559959364,-1.73855889537769,1.59542062557273,2.5159674940306,1.5829458393341,-1.31114429358413
"130",-62.875,-29.125,0.54942414728659,-1.04247050619529,-0.227027269742214,-0.697063484257673,0.841865881011994,1.3957575682467,-0.382426440238952,0.207257821384523,0.789662913037311,-0.380522142680559,0.279295929644075,-1.32762209902454
"131",-62.875,-4.375,1.23941068121089,-0.213721566624945,-0.229370618225376,-1.21218139439175,-0.381825007112986,1.21907892491458,-1.94665571566487,-1.64454666327138,1.59589213654007,2.1617494168582,1.89272403569609,-0.929811297817402
"132",-63.125,-22.125,1.56791217331606,-0.986102144179247,-0.22281261353601,-0.991538683935308,1.47465357614384,1.48160845831653,-0.161099752222427,-0.169841500758428,1.25708647521081,-0.246627900514023,0.492268439642941,-0.614314930399787
"133",-63.125,-22.375,1.80198601604515,-1.10723585903158,-0.223128335252243,-0.943931372253767,1.47109540331879,1.48036424251841,-0.288879953926382,-0.151742758948741,1.23205473072609,-0.147209993170677,0.4599998775219,-0.614314930399787
"134",-63.125,-29.125,0.932511815552263,-0.712746634873808,-0.224591150610087,-0.890334339815205,0.879618953822578,1.40322286303538,-0.262949086634563,0.196215587081647,0.79621345273628,-0.430756359071145,0.279295929644075,-1.32762209902454
"135",-63.125,-30.375,-0.139081006216393,2.59443834510683,-0.227215232787963,-0.927008166927657,0.642308935243025,1.36714060489009,0.348548315110283,0.0948841252057213,0.667966966693654,-0.263054298269114,0.305110779340907,-0.163083881898808
"136",-63.125,0.375,0.802966840350947,2.26070374129134,-0.229750281961591,-1.32839416440906,-0.278138817035402,1.15686813500891,0.105506614350146,-1.61209818919214,1.63169567912616,1.88823079377334,1.1828156690332,-1.33694990374495
"137",-63.125,0.625,1.12306538180094,2.1616465461266,-0.229747667684425,-1.32839416440906,-0.207553450266738,1.15437970341268,-0.281615443783344,-1.59405790976641,1.62880530804729,1.74421330647866,1.16990824418479,-1.26598253825655
"138",-63.375,-8.625,0.858070655385993,1.50114351494182,-0.228568049602814,-0.998146918328856,0.759692534154189,1.30617403078253,-0.287051692269694,-1.13888005992694,1.47192200531108,1.87571999083196,2.07342798357391,-1.3092783148685
"139",-63.375,-8.875,0.812518094834793,2.64561957436844,-0.228806410607977,-0.95561086484576,0.78531911914005,1.30119716759007,0.871867261768584,-1.12691165632531,1.47461158928419,1.88517471977239,2.00889085933183,-0.346353126206009
"140",-63.625,-35.375,0.433104322228724,-1.04155170022484,-0.217808567046509,0.0435348313540331,0.309484043694845,1.47663159512407,-1.12273883164366,0.405818875677898,0.350954706780769,-0.26448683295706,-0.159556515202072,0.630983892792587
"141",-63.625,-8.625,0.981291712493482,1.25744394578971,-0.224697959876429,-0.538509677246563,0.714997719602641,1.31363932557121,0.582573885022303,-1.13189051368352,1.49898075517855,1.8378055727577,2.13796510781599,-1.42881702314199
"142",-63.625,-8.875,0.758839847273678,1.13691605454523,-0.212206965272948,-0.877567150330087,0.705087898378616,1.30866246237875,0.678144417219025,-1.08184405385749,1.48895172865362,1.83895160050805,2.07342798357391,-0.544699469970447
"143",-64.875,-1.375,1.33836262439164,-1.20420791852414,-0.229744695391299,-1.32613660633991,-0.94433963032472,1.07972675552587,-1.94582636196807,-1.66660207665886,1.58686671189013,2.55426392135499,1.15054710691216,0.558763164849395
"144",-68.875,-10.375,1.38650828543049,-1.16742997327995,-0.229397388414781,-0.84705460143991,0.550316439288126,1.24147480928063,-1.80061552056425,-1.18555890394575,1.38361193099062,1.05191704295137,1.97016858478658,-0.855433342469035
"145",-68.875,-15.375,-0.866210992932031,1.49299908313216,-0.207415945545877,-0.552234413453299,1.16289694552158,1.24645167247308,-0.808569756726538,-0.784434149014592,-0.402692629982857,-0.154468168922927,0.556805563885021,-0.446045899130444
"146",-69.125,-32.875,-1.78276794871787,-0.115498372726208,-0.198295420905148,-0.426274875603706,-1.00750550420543,1.44303776857501,-0.469303733281414,0.146210370284135,-0.576171126275505,-1.20890920156257,-0.533871835806139,-1.37420758928739
"147",-69.625,-17.125,-2.11853524187914,-0.45915221180799,-0.224839796957858,-0.656636184929696,2.73579434309852,1.39326913665047,-0.530622698323195,-0.256875983378843,-0.96535122748904,-0.903588308405351,-0.566140397927179,-0.201361576104993
"148",-69.625,-17.375,-2.36362175506154,-0.534883342967153,-0.22513123643812,-0.729569163205194,2.87355859428732,1.3957575682467,-0.417122569849477,-0.233877350793332,-0.956177577100351,-1.02936485400687,-0.566140397927179,-0.508225437868956
"149",-69.625,-33.125,-2.79627890620681,0.499404373797922,-0.202192366331038,-0.719545756115767,0.81014255605944,1.50898120587502,-1.1689260355405,-0.520010937165898,-2.20571186796395,-0.94427229354297,-0.650038659441884,-0.310646193641082
"150",-69.625,-34.125,-2.70987586363264,-0.174428896877349,-0.226144235501312,-1.08345172203841,0.961377484347151,1.53635395343352,-0.752842669379037,-0.240564561131846,-1.86052093622269,-0.832057076320654,-0.643584947017676,0.640854127786593
"151",-69.875,-11.375,1.58794021255235,-1.24530427833097,-0.227633428684874,-1.17195646162993,0.337908591585395,1.23774216188628,-1.89654568261871,-1.05512250146684,1.3539999310291,1.26832528314351,2.0669742711497,-0.572399572851321
"152",-69.875,-16.625,-1.94086130924537,-0.0345165052841886,-0.22441157009882,-0.715504346410747,2.47682446512557,1.40322286303538,-1.05496112011867,-0.370051063928495,-0.999599903074107,-0.647164599263293,-0.559686685502971,-0.0901139940067621
"153",-7.125,38.125,0.1875657605072,-0.652012155648861,-0.213521105198297,-0.494405133913052,0.53731466955517,-0.568859176974494,0.441261439091617,0.266986668730984,0.338561278261134,-0.726431518662881,-0.624223809745052,0.858448536779551
"154",-7.375,40.125,0.609548525462892,-0.73863512602919,-0.1762777233333,0.322506675511724,0.440720584193023,-0.684571246199049,1.0688238323171,-0.0117164594388744,0.161876364499673,-0.119132313286977,-0.733936920956588,0.713551906870618
"155",-7.375,40.625,0.469627283078596,-0.639790472655105,-0.138097694807758,0.0677106572886311,0.395414211900749,-0.708211346363205,0.395277292388979,-0.2262982143406,-0.0878334385947854,0.289044570464664,-0.779112907926045,-0.401709935030469
"156",-7.375,41.375,0.0631438608146912,-0.600138177957305,-0.183935396113156,-0.17454327632516,0.294196745531426,-0.757979978287744,-0.0474966536890624,-0.317306783420618,-0.0449579785931376,0.308049530658075,-0.779112907926045,2.49251330683436
"157",-7.625,40.125,0.952324797043494,-0.681288594749536,-0.15753671452925,-0.188062011967216,0.449228179998524,-0.687059677795275,0.707555089243009,-0.111356605198682,0.0267313087418383,0.199845410561989,-0.772659195501837,2.27952445096485
"158",-7.625,40.375,0.662604681683305,-0.414838043494324,-0.110211778743678,0.194461467503387,0.414133327134243,-0.698257619978297,0.858995429779732,-0.27058362009178,-0.236109493800111,0.635622462634708,-0.792020332774461,2.52785917944187
"159",-7.875,37.125,0.489496294177086,0.405860849430118,0.0355560021810951,1.07226623935997,1.02390539067598,-0.545219076810338,1.31760678074363,-0.199345960388635,0.415835170042483,-0.730538118101662,-0.559686685502971,1.48703617431738
"160",-70.125,-38.625,-1.97071658784515,-0.960457731564046,-0.228052748453885,-0.886407099707551,0.101715058290378,1.61598376451278,-0.0895521403136354,0.391448391543191,-0.282351369188806,-1.24462706644866,-0.579047822775595,-0.310646193641082
"161",-70.375,-12.875,1.1270131954219,0.36099064034242,-0.227202386705232,-1.01318029318625,-0.057536477030124,1.20663676693345,-0.881962517622084,-1.36041212544761,1.37101934011457,5.35343670159847,2.48001186629902,-0.772996447662951
"162",-70.375,-29.375,-2.66176291009828,-0.860570245339158,-0.226973871075884,-1.02375793255333,0.585886051745534,1.57616885897315,-0.59699520399411,-0.795944564687489,-1.24270378763124,-1.43419915681998,-0.721029496108172,-0.555667601544341
"163",-70.625,-32.875,-1.28964084893648,1.09848494759242,-0.130695953186861,-0.0571871094502152,2.10174325869179,1.63464700148449,0.964922179056822,0.021644353707359,0.0712335127701851,-0.973304996551974,-0.579047822775595,-0.613624188872495
"164",-70.625,-33.375,-1.26976924524068,0.9924668762754,5.21644070167461,1.75113609220706,2.08065693625959,1.64584494366751,0.667471557807169,0.0859400713200967,0.14812619773371,-0.927463886537749,-0.579047822775595,0.47015994833955
"165",-70.625,-41.125,-1.70873411123299,-1.30183827453549,-0.228934787197522,-0.785287183330728,0.581623470827733,1.65953131744676,-0.871957576503061,0.0981304364543863,-0.69363672577505,-0.834540136446429,-0.559686685502971,-0.484579099085155
"166",-70.875,-31.125,-2.17391653109506,-0.175892573074334,-0.220570152448616,-0.397087130076743,2.5066632887874,1.59234366434863,0.0196713773097556,-0.583134513309235,-0.442765284917298,-1.3063215603428,-0.598408960048219,-1.07059321216376
"167",-70.875,-34.625,0.0570668542715622,0.23766578393712,-0.17307753649017,-0.160050566589695,2.15847618869812,1.6085184697241,1.94704449768171,-0.0172077392666026,-0.000120713530029345,-0.363809237987874,-0.553232973078763,0.47015994833955
"168",-70.875,44.625,-0.411125441824535,-0.139925042787533,-0.228366707582762,-0.917600723872032,-1.24662582652919,-0.657198498640552,-0.379211593511436,1.66071618935645,-1.10886912078967,0.0969894199675919,-0.282177051262025,0.232071285347463
"169",-71.125,-36.125,-0.263147975963327,3.34843432278161,-0.177471175821534,-0.640763980529535,1.51793399339219,1.58238993796372,0.748987006118868,-0.0440282345168733,-0.814812552857564,-0.130592590790527,-0.591955247624011,-0.310646193641082
"170",-71.375,45.625,-0.520840009253605,-0.676896241085195,-0.21972008816455,-0.545879504801945,-1.19052410503279,-0.713188209555659,0.275011768835748,1.65202783181947,-1.12645772164421,0.267365545520453,-0.353167887928314,0.104239694343803
"171",-71.625,-36.375,0.580624680022947,0.207516916438882,-0.200006045498035,-0.361561858073244,1.54917024663785,1.56994777998259,1.56108222060714,-0.0237548614801688,-0.138927642444112,0.368406992176817,-0.514510698533515,-1.42881702313992
"172",-71.625,-43.625,0.159533595906769,1.39483790267352,-0.228375118284246,-1.05674774984408,-0.0393551309923653,1.65579867005242,1.04631213088964,-0.453724917550563,-0.829125804075833,-0.0492246205153031,-0.572594110351387,0.0631889336641412
"173",-71.625,45.625,-0.525337553770684,-0.947538529875662,-0.220759179171566,-0.354985642599142,-1.12772720893428,-0.723141935940567,0.654525626731274,1.67910479248879,-1.098134797097,0.226968067320419,-0.340260463079897,0.104239694343803
"174",-71.875,-11.375,1.60409482061182,-1.21267858343145,-0.228217420987777,-1.20540775576307,0.155960679560302,1.11705322946928,-1.94624226082699,-1.30434999711065,1.3694075597393,1.65071654251215,2.0669742711497,0.0442326704492646
"175",-71.875,-35.375,0.145536444125713,-0.436074996607198,-0.207532586762641,-0.243735880955012,2.21891393375896,1.48658532150898,1.08212903957558,-0.221030890414496,-0.0042261722740391,-0.29772163771737,-0.508056986109307,-0.79639393590581
"176",-71.875,-39.375,0.436672354830459,2.70133467514509,-0.204848714202986,-0.623804748307173,0.617608862524772,1.67446190702412,1.61865924490592,-0.364201019286139,-0.717560659572256,1.21665853206495,-0.617770097320844,-0.310646193641082
"177",-72.125,-37.625,0.493478685440652,-0.570583473419972,-0.186607926058581,-0.179317052154592,1.10771425740819,1.61971641190712,1.3280963601117,-0.205461034504926,-0.100237145104777,0.492942007715456,-0.501603273685099,-0.54873485663317
"178",-72.125,4.625,0.945074720367682,0.377836564864464,-0.225571785175335,-0.424176424468184,0.629078059229568,0.86447742245224,-0.873986899298412,-1.26272850776915,1.62625388579627,2.57842600642497,0.911759747216464,-0.713266607799201
"179",-72.375,10.625,2.12065362586412,0.501522106278502,-0.191659195533716,-0.178174370997555,0.691650530361894,0.557156120318209,0.674090298747705,-1.51858660886801,1.5212417217424,0.220569412380934,1.25380650569949,-1.07707001589523
"180",-72.375,10.875,2.50532315711671,1.2559760293576,-0.155731555515448,-0.168121028227174,0.667827291420412,0.560888767712549,0.674971033919906,-1.53694665211557,1.46765937382683,0.105966637345377,1.21508423115424,-1.07707001589523
"181",-72.375,4.625,1.02520119430588,0.229485310128226,-0.225523644700111,-0.51562920695624,0.594228354853221,0.855767911865445,-1.29203074132651,-1.27710575711618,1.62401286320584,2.73944290534994,1.00856543357958,-1.03580145996668
"182",-72.625,44.375,-0.345281649399857,-1.12594165672945,-0.180077065275927,-0.199771862829684,-1.11189225542456,-0.682082814602821,-0.205780510043827,1.57171999068841,-0.998562743596903,0.162313001737859,-0.230547351868361,-0.338561664418904
"183",-72.875,-13.875,-0.444963501346558,-0.179504723457094,-0.218787778344623,-0.553913495272184,1.51253171460182,1.33976785733159,-1.46535377608698,-0.645554090247937,-0.379733148129196,-0.0547637546419911,-0.204732502171528,0.153716610941161
"184",-72.875,-38.375,-0.0184324773943822,-0.481182883952157,-0.200210920151351,-0.484035708985808,0.896540771559594,1.64708915946562,0.754385891485817,-0.505368827801108,-0.198241612862762,-0.0174223504429056,-0.495149561260891,-0.183526000147009
"185",-72.875,-39.375,0.182710561755696,-0.749854788436213,-0.20170662614214,-0.559152696587303,0.647998580824806,1.63962386467694,-0.463428329116084,-0.714707178169049,-0.298322118618024,1.53449022816361,-0.520964410957723,-0.276816904261657
"186",-73.875,11.125,1.96862712297358,3.27528037531285,1.65409873432239e-05,-0.340489578243021,0.911494539516562,0.644251226186153,-0.990212076563957,-1.55421159780016,1.08344331709884,0.519014139036045,1.73138122509089,0.0695667729108051
"187",-73.875,4.625,-0.408486626272055,2.52452004641269,-0.153614132745415,0.30320257408679,-0.12113921125637,0.7039735844956,0.452987874446071,-1.53458196925909,-0.16348938465731,0.872372695395678,1.44096416600152,-1.428817023157
"188",-74.125,40.375,0.13420003866685,1.8535097177865,0.71502232519294,2.85547084261914,-1.42030299201198,-0.538997997819771,0.887127591134824,0.902034386159862,-0.206470243020127,0.253517710203656,-0.0498434039905353,-0.423527499812866
"189",-74.125,40.625,-0.607980261691756,2.1186998377811,6.15698012383686,3.103245114545,-1.40872522761175,-0.538997997819771,-0.370438206393786,0.974948827852461,-0.184623435222001,0.286657012651438,-0.0304822667179112,0.373631938736323
"190",-74.375,40.125,0.585775638054797,-0.0106738322623175,0.0757362675223998,1.6067976167582,-1.43012120157421,-0.532776918829203,1.21675514106365,0.985902684237109,-0.229030417332703,0.201946461437656,-0.0627508288389514,-0.0512923488460693
"191",-75.125,-11.875,-0.841834374717272,0.443773812711255,0.104463387462276,-0.157828957108854,0.672227895153157,1.16931029299004,-0.978995741322118,-0.938031464446701,-0.644197140558615,-0.109295575096403,0.731055799338639,1.65742822074356
"192",-75.375,44.375,-0.193989622257043,-0.844153644633714,-0.200035079445588,-0.424551524023813,-1.06277815862602,-0.713188209555659,0.549505623949394,1.67787151644175,-0.854562386777473,-0.117890783224074,-0.178917652474696,-1.25331949101251
"193",-75.375,44.625,-0.310937968055997,-0.385244911825246,-0.177846971695497,0.1318883502092,-1.09854839683661,-0.713188209555659,0.915499481522847,1.70300909017462,-0.842094524427936,-0.195247656373076,-0.185371364898904,-1.25331949101251
"194",-75.375,44.875,-0.52991322097156,-0.363312295120679,-0.19852545456911,0.137029396539259,-1.25992001831207,-0.718165072748113,1.06380155980975,1.76006736017981,-0.874480225408499,-0.151985108797155,-0.191825077323112,-1.26767989367044
"195",-75.625,-6.625,1.28525041963302,-0.484938407288562,-0.223557524527676,-0.915215386661139,-0.622350375797037,1.13322803484475,-1.82154413053754,-1.41851097374686,1.59196167925913,1.54480447791679,2.35739133023907,-0.808837487667782
"196",-75.625,44.375,-0.217008966935337,0.0224523800457007,-0.219289136915994,-0.48779360263282,-1.11880517541407,-0.713188209555659,0.987908760969785,1.60913338761338,-0.820947392454918,-0.135558711042057,-0.172463940050488,-1.35750686014295
"197",-75.625,44.625,-0.292172438051391,-0.0812717240143162,-0.107149691282418,0.669289436960643,-1.17203487668838,-0.713188209555659,1.12626455856974,1.61448121626261,-0.836733134431155,-0.191427563871894,-0.178917652474696,-1.16439582050605
"198",-75.875,-5.375,1.126282350756,-0.49916386644115,-0.227002030881193,-1.0637949072766,-0.832375516312779,1.07350567653531,-1.46904963638018,-1.51765377863766,1.65933443550062,1.80600330268533,2.16377995751282,-0.411205572618334
"199",-75.875,-8.125,1.03738558925233,0.11695927278394,-0.227495464785399,-1.20990143181514,-0.545156423549641,1.06852881334285,-1.93543441295126,-1.31765604221688,1.23850646535481,1.95995303048311,1.86045547357505,2.54203139334025
"200",-75.875,40.625,0.253814453584671,-0.722890867621736,-0.148724012910899,0.746051289917969,-1.3063844608243,-0.548951724204679,1.2356878697894,1.15422917040802,-0.418630376690775,0.204525023875956,-0.0562971164147434,-0.807913698964614
"201",-75.875,44.625,-0.297973208416808,0.0791893775116081,-0.201643647185693,-0.0358590776384441,-1.22250059022836,-0.713188209555659,0.790313800541026,1.59127262746341,-0.851762682515372,-0.149311044046325,-0.172463940050488,-1.26150762585242
"202",-76.125,40.625,0.222809942100813,-0.706656332016295,-0.0777863853242495,1.1747649670805,-1.26995713015166,-0.548951724204679,1.00883513676423,1.10457728279211,-0.437962558458804,0.193446755622519,-0.0885656785357836,-0.847815023427184
"203",-76.375,-1.875,0.81874268204308,-1.23402180743966,-0.229634224859099,-1.23677288282257,-1.1201811125533,0.954060959916411,-1.94463842375344,-1.57666318019644,1.46052108104805,3.57661617698468,1.89272403569609,-1.16479207240591
"204",-76.375,-5.375,1.3136238625192,-0.947743386239991,-0.22841399506293,-1.20287958815432,-0.95774720900929,1.03244655519756,-1.89740438626391,-1.51820395073123,1.61608727781688,1.74631435735431,2.04761313387708,-0.692638524092997
"205",-76.625,-5.375,1.420424748268,-0.586756260599922,-0.227246206134418,-1.17756382959403,-0.99578332020681,1.01005067083152,-1.83936173711354,-1.51819717248382,1.59751482594673,1.66418236857883,2.08633540842233,-0.894833780401134
"206",-77.125,-6.625,0.902167167400619,0.21310660652512,-0.226831158272753,-1.137304843322,-0.596066275324719,0.983922139071134,-1.8583197175079,-1.36468519779369,0.714015163255036,0.136622879667389,2.24767821902753,-0.279621643233569
"207",-77.375,-2.875,1.17101856974551,-1.03623921551652,-0.228172645986515,-1.14954421899054,-1.26438358957869,0.885629091020169,-1.9409527905714,-1.57177511224833,1.50605923687162,2.63840145869359,1.84109433630242,-1.42881702314914
"208",-77.375,-3.125,1.22072181995319,-0.950003431615254,-0.229357522939276,-1.26619417760074,-1.26905045796255,0.898071249001304,-1.94473878354379,-1.57133434367505,1.54191838360312,2.3854158328026,1.78946463690876,-1.42881702314914
"209",-77.375,-7.625,-0.22172283283765,2.31344484708656,-0.228373196347129,-1.07705317087001,0.255153789497303,1.03244655519756,-0.166387394940937,-1.25461967083355,-0.0303021228609685,0.172245242240941,1.11827854479112,-0.12438505693084
"210",-77.625,-2.875,1.13583548412577,-0.870473844738012,-0.225760378073827,-0.934489329335532,-1.20497000530944,0.848302617076764,-1.85338609817801,-1.56320163296995,1.49162106128654,2.55197186585428,1.69911266296985,-1.42881702314914
"211",-77.625,-3.125,1.18258839537439,-0.90596461357655,-0.229357522895402,-1.17137936644848,-1.21090615492697,0.865721638250353,-1.94045296088624,-1.56789846309531,1.52747819158803,2.32333932965834,1.68620523812143,-1.42881702314914
"212",-77.625,-5.875,-0.0309857286890579,1.6519119364021,-0.215738247223303,-0.797077512937325,-0.888821649792699,0.857012127663559,-0.718964133695986,-1.43279422053383,0.25375862436119,0.272713675022112,2.53164156569268,-0.556359898018487
"213",-77.875,-0.625,-0.603462685006897,2.06024783684334,-0.226597903216497,-0.75530833641074,-0.820745855465013,0.630564852406905,-0.957527748491465,-1.55756183131329,0.170000560990805,1.84897934332371,2.79624377508521,-1.40464803115142
"214",-77.875,-1.875,0.5017395938759,-0.596395110311864,-0.219902903756747,-0.913960919896064,-1.30322419504188,0.758719079612594,-1.38613505123872,-1.60384761519256,1.03467621854251,4.17675270892087,2.60908611478318,-1.38440866919462
"215",-78.125,-4.125,0.95963500192678,-0.062164959072914,-0.227642925263718,-1.19285796483423,-1.17353474595656,0.849546832874878,-1.91392442050619,-1.52159544682549,1.16192107562009,1.48769409502409,1.29252878024474,-0.390630251483568
"216",-78.625,-1.125,-0.976681347024029,1.7732031025852,0.126826468269215,0.426986484690204,-0.916017566524439,0.570842494097457,0.42984964534445,-1.33547960673413,-0.250354142878069,-0.562645052674579,0.259934792371451,-1.42881702314981
"217",-78.875,-4.875,0.657791247684174,0.670345481698808,-0.215036030033769,-0.865036263085448,-0.802384847922436,0.801022416748452,-1.52043964213789,-1.45961827436401,0.603573986265754,0.49819463490457,1.44741787842573,-0.546026621370248
"218",-78.875,-5.875,0.51363113532269,1.53184414304889,-0.125051214660952,-0.313431386307775,-0.244207818840853,0.86821006984658,-0.250781864460642,-1.350065261119,0.759109457863721,-0.411560394252711,0.42773131540086,-0.650842370784693
"219",-8.875,39.375,0.821077533172482,-0.290238751882163,-0.115872230419539,1.02962996448548,0.509241713377339,-0.659686930236779,0.976347705604724,-0.634030039869648,0.262304755204267,-0.453103900203083,-0.688760933987132,1.84542917288027
"220",-80.625,43.125,-0.555435878905644,-1.00170673983898,-0.147653249910515,0.858433598923191,-1.26307110843797,-0.708211346363205,-1.0657271281124,1.1669373154343,-0.733541030564059,-0.112542653722419,-0.1014731033842,-1.22801539728716
"221",-81.875,27.875,1.66149172333949,0.128113211544939,-0.0167212321367299,1.49658878804775,0.34667246071964,-0.239141990474421,0.0911043233607755,-0.209787042356308,1.09712875501099,0.365637425113443,-0.211186214595737,-0.025988188046407
"222",-81.875,28.125,1.85755116709665,0.160832986663514,0.154919176799589,1.28464620158241,0.238004875430018,-0.246607285263102,0.918772702781255,-0.164712453079612,1.07611601664715,0.341952851606094,-0.217639927019945,-0.025988188046407
"223",-82.125,27.875,1.75700272754181,-0.164113800389457,-0.00419422378539301,1.37966287992855,0.375931511900245,-0.236653558878194,-0.249818249739751,-0.22802381274654,1.09466989995322,0.376333684116761,-0.185371364898904,-0.025988188046407
"224",-82.125,28.125,1.99522887108252,-0.443931386215129,-0.0203334820169349,1.44633283161165,0.245521939715909,-0.239141990474421,-0.00996091887038659,-0.184087304245972,1.06532045658643,0.378721241930002,-0.191825077323112,-0.025988188046407
"225",-87.875,43.375,-0.165842692141406,2.94759782269049,0.0114014874991988,2.2864957092256,-0.490359898292952,-0.693280756785843,1.00725707566678,1.24331043608112,-0.6730219059367,-0.370112390614831,-0.1014731033842,-0.546424313827248
"226",-89.875,38.625,0.290949825391886,-0.703645234976664,0.152783491283435,1.77321055754909,-1.0823127433883,-0.56388231378204,-0.323328859610983,1.36858384098623,-0.0923238323761353,-0.103278929407043,-0.0175748418694951,-0.124767641689059
"227",-97.625,40.875,0.164807903747807,-1.38329663841099,-0.20333058973664,-0.146844985459918,0.238168317103909,-0.53526535042543,-1.90352962161633,1.78594988937381,-0.378939309374814,-0.473923404334538,-0.0756582536873675,-0.449462366010764
"228",-98.625,19.125,0.701495733971247,0.601793598806017,-0.16047630905743,0.129044273894068,1.66955196210227,0.237392660203044,1.68237892717547,-0.707731123245021,-0.265894333727807,0.0635636105822365,-0.127287953081032,-0.917899335543759
"229",-98.875,18.875,0.871827969341873,0.049399074904551,0.402324081831871,1.26870953571995,2.2452441322061,0.243613739193611,0.0743040911495443,-0.294219486144881,0.849891820437491,-0.155041182798103,0.0211474326757532,-0.025988188046407
"230",-98.875,19.125,0.333258561197927,1.02605987483581,0.451826142495104,1.44698425543223,1.87369168788376,0.246102170789838,0.822696319999831,-0.413341814011856,0.133651740915204,-0.184551397369741,-0.0240285542937031,-0.025988188046407
"231",-99.125,18.875,1.33304736517791,-0.241980879300946,1.28543945492714,1.5415797648267,2.39476859284732,0.246102170789838,1.28665744162674,-0.341017966230563,1.01319043150213,-0.0820774160254762,0.0856845569178337,-0.025988188046407
"232",-99.125,19.125,0.856044759394725,1.01338024643766,0.600924774258695,1.54763607736662,1.94477117520802,0.253567465578519,1.89709272599595,-0.615172890384759,-0.014598746247781,0.0993769777808479,0.0405085699483774,-0.025988188046407
"233",0.375,46.125,0.0696291369278183,-0.237018744028181,-0.192100413259132,0.293237180149329,-1.06496909786377,-0.882401558099092,-0.478004577487709,-0.225160459441749,-0.20991943358424,-0.32121520659966,-0.850103744592333,0.905802376467509
"234",0.375,48.375,-0.274107139928741,-0.152285858499665,-0.174799300122703,0.518699128979866,-1.27132709119468,-1.01677686429535,-0.0568174233218252,-0.388938858912785,-0.350398309373204,-0.525685657725601,-0.863011169440749,0.905802376467509
"235",0.625,48.875,-0.425294516425891,-0.661936691209147,-0.166257175801652,0.247942624865386,-1.24034057426522,-1.03668431706516,-0.0342639218352842,-0.489030123108257,-0.415577907850178,-0.470007809520829,-0.869464881864957,1.88425469914685
"236",1.125,42.875,0.537683668823161,2.22172087372984,-0.194817218570612,-0.408813504683794,-1.27864257850677,-0.703234483170751,0.986510721538818,-0.028359311914308,-0.595296656608068,0.156009849110904,-0.759751770653421,1.26761845059443
"237",10.875,52.375,-0.498409433657207,-0.618731874436416,0.168355885556375,0.906388365746167,-1.16090262476828,-1.05659176983498,0.672804286672377,-0.0973533456527895,-0.564007393069524,-0.659102388329493,-0.843650032168125,2.43538542292132
"238",11.625,51.375,-0.647259301712484,-0.717821136380081,-0.0812058542853853,0.906607191155809,-0.718472202318066,-1.01677686429535,-0.766986853114859,0.0372331756746128,-0.551101566474852,-0.731493141226957,-0.824288894895501,-0.612575458504062
"239",11.875,51.375,-0.690487117095553,-0.58537076373996,0.376941380625839,1.58563721758934,-0.634007680471935,-1.01553264849724,-0.221298473969708,0.0575509853371745,-0.495874486236129,-0.783923910805721,-0.837196319743917,-0.576463064250989
"240",11.875,51.625,-0.687999276767612,-0.699936619242481,0.150238208088614,1.40629024711773,-0.756932997302174,-1.02299794328592,-0.968589478995886,0.0304382433425656,-0.525177653259652,-0.766828996862915,-0.824288894895501,-0.576463064250989
"241",12.125,51.375,-0.719480278496025,-0.305753487065088,0.252827982626889,2.04641725765096,-0.737763971069565,-1.01304421690101,-0.51966106931916,0.0713798223279405,-0.490568997771906,-0.812479102252079,-0.817835182471293,-0.576463064250989
"242",12.125,51.625,-0.739528483084483,-0.44753900256914,0.0312753537636117,1.68315859540931,-0.862636303316966,-1.01553264849724,-0.655313277213126,0.0829619310023431,-0.515286520083036,-0.770171577801455,-0.817835182471293,-0.576463064250989
"243",13.375,54.125,-0.732740426255352,-0.164332080973723,0.091620745844353,0.780925427655307,-1.05306932775078,-1.10262775436518,0.718354909567827,-0.187415436761993,-0.631384660891816,-0.680685910961193,-0.798474045198669,-1.09574051500443
"244",13.375,55.625,-0.810951821606661,-0.23141866579536,-0.0919937909526701,1.04048256913171,-1.0005378294322,-1.13124471772179,0.0163577283461514,-0.256320623318967,-0.688889810182311,-0.527882210913777,-0.863011169440749,0.631662929937098
"245",13.625,55.625,-0.774658838455996,-0.277505417176117,-0.163059650871702,0.476745937333171,-1.01373416234751,-1.13124471772179,0.606463960512494,-0.230453488567656,-0.72231815054249,-0.501905581905723,-0.875918594289165,0.99374303221949
"246",13.875,41.125,0.496131036371467,0.715754486715772,0.0565285759184303,1.97414408181576,-0.0155698380415189,-0.684571246199049,1.06485506768088,0.0131879686530881,0.186725339188449,-0.202314827500273,-0.753298058229213,0.546244801071133
"247",13.875,48.875,-0.569962561203923,-0.17114642478328,-0.194801398719499,-0.415357004425146,-1.0918164097623,-0.91350695305193,0.835873702064186,0.012266322530969,-0.910500969420888,0.15429080748537,-0.824288894895501,-0.434685898853603
"248",14.125,40.875,-0.333326521154701,1.75024082902869,4.52081634102684,2.83610544071886,0.0935646353152165,-0.674617519814141,0.677980039061433,-0.0634031117534174,0.27165308428216,-0.171945092115843,-0.740390633380796,0.894047633232998
"249",14.125,41.125,0.393969744583393,1.2370610152855,0.133425901395505,1.95042397628052,-0.0636639832582462,-0.677105951410368,0.425494266383911,0.0573032403941444,0.20152232326095,-0.218359216005248,-0.740390633380796,0.894047633232998
"250",14.625,49.125,-0.477383047833977,-0.944776016626157,-0.143513020221196,0.548934885475793,-0.532639346303406,-0.911018521455703,1.45058240594647,0.259619508931078,-0.647284051909554,-0.582700538305793,-0.830742607319709,1.88425469914685
"251",14.875,49.375,-0.4075456212754,-1.19702999533125,-0.172944070185037,0.231828857374811,-0.349049898576136,-0.922216463638724,0.867890487574508,0.218676131103115,-0.706892156361884,-0.645159050700166,-0.830742607319709,1.53784662703478
"252",15.375,59.125,-0.745324084542018,0.657706400549942,-0.182825027326483,0.135607445790633,-0.771246787757018,-1.15612903368406,1.4454239900696,0.282630055589925,-0.902495535579735,-0.588430677057567,-0.89527973156179,0.0941359816139983
"253",15.625,50.625,-0.590045007542185,-0.612340514877878,-0.0942773305831701,0.972660583522237,-0.334742175366402,-0.998113627323647,1.72336781632056,0.113681482727393,-0.891288623797934,-0.632934754696375,-0.837196319743917,0.643375011316914
"254",15.625,50.875,-0.455767038836701,-0.542025754190048,0.0553546385109984,0.685814840351012,-0.431978874537487,-1.00806735370855,1.92824835933094,0.125162830146951,-0.856325522710009,-0.622333998005584,-0.804927757622877,0.643375011316914
"255",16.375,48.125,-0.4515563474506,1.03395068757601,2.68683121107154,2.34339354679667,-0.657900150513117,-0.862494105329277,0.723948277659681,0.353332546589457,-0.410881540821125,-0.69663479715364,-0.785566620350253,1.18466154174884
"256",16.375,50.125,-0.430481591661406,-0.888260571450731,-0.0934978729846149,0.937014382377921,0.0357246153730773,-0.967008232370809,1.11261798978571,0.159422478005735,-0.778539736961142,-0.696539294841107,-0.811381470047085,0.0974825002618841
"257",17.125,49.625,-0.397317118505865,-0.752694685978589,0.0502474716670112,1.43085967867967,-0.0343053413808505,-0.947100779600994,-0.219148372242618,0.294477024282083,-0.611211703971724,-0.718313822097861,-0.804927757622877,-1.00548135916754
"258",18.375,57.125,-0.844105826276613,-0.374568512621436,-0.210122628286668,-0.113210363122841,-0.945490018327921,-1.1872344286369,1.30485868605662,-0.118843049118008,-0.784725727149866,-0.739897344729559,-0.921094581258622,0.404232062616246
"259",18.875,68.375,-1.62267863199809,NA,-0.22553383606497,-0.976224373827376,-0.528155021132091,-1.17105962326142,0.794654324932911,0.637205796010452,-1.83251886476671,-0.849629501826102,-1.09534481671224,-0.256234166747646
"260",19.125,47.625,-0.263332984403094,0.738802754343173,2.08953491319277,2.01157044066226,-0.887300028656149,-0.827656062982099,1.13135384113291,0.476746965000534,-0.32383137984004,-0.76587397373762,-0.811381470047085,-0.537236206933613
"261",19.125,68.375,-1.62478939272333,NA,-0.225621473168387,-1.03901817570345,-0.486563822149411,-1.17105962326142,0.627615494315731,0.700662549084443,-1.86611079662441,-0.815630678565552,-1.09534481671224,-0.256234166747646
"262",19.375,43.875,0.183564658728472,-0.246403974670705,-0.202298505907198,-0.221018994058918,-1.21678941714475,-0.733095662325474,0.70017808332017,0.177298815089664,-0.656047445832319,-0.0220064614443278,-0.830742607319709,-0.757020463308716
"263",19.625,43.875,0.161821848745807,-0.127963604230753,-0.146487028681794,-0.0349520103095774,-1.14358963332191,-0.733095662325474,1.12737707032492,0.280398552260064,-0.587667671390194,-0.115885234660958,-0.817835182471293,-0.757020463308716
"264",2.375,48.625,-0.494962665504571,0.994146274439505,2.27780985345591,2.74725477536812,-1.50167194743878,-1.00682313791044,0.781302020214846,-0.224929790468167,-0.289914693497977,-0.625867583569182,-0.843650032168125,0.525386080210142
"265",2.375,48.875,-1.01718932077235,1.8974666408347,14.5429858651059,3.28204343209092,-1.43849096153689,-1.01677686429535,-1.25339399491109,-0.271331795220425,-0.236960100861776,-0.60839066037626,-0.843650032168125,2.45004665989896
"266",2.375,49.625,-0.801698730032458,-0.966851211240198,-0.148687942302556,0.934134254583964,-1.39213318194169,-1.04663804345007,-1.73338154863277,-0.326760131353873,-0.414901163476368,-0.548319705795123,-0.882372306713374,1.88425469914685
"267",2.875,47.375,-0.319319594600802,0.0542925713696271,-0.14178057524084,0.685152553320711,-1.40524412702945,-0.957054505985902,0.012314850045406,-0.0410811307512366,-0.343746056012494,-0.464086666143988,-0.798474045198669,1.88425469914685
"268",2.875,48.875,-0.379034747530613,-0.449909559074897,0.186567864387251,2.01982864971871,-1.48179535094749,-1.01677686429535,0.552207936090328,-0.231239465460744,-0.363163334028087,-0.614598310690686,-0.869464881864957,1.88425469914685
"269",20.375,50.125,-0.595148195080411,-0.33825701018713,-0.0425443508094701,1.02007045842932,-0.200538378062465,-0.947100779600994,0.154041259559277,0.483806496648512,-0.58192365654657,-0.51833197966082,-0.850103744592333,-0.0785160527894453
"270",20.375,50.625,-0.613061598780576,-0.855391328040449,-0.106303562305653,0.847837050885002,-0.36268448477923,-0.981938821948171,0.358508227363141,0.492427879886989,-0.645755148258168,-0.609250181189026,-0.817835182471293,-0.152551716918842
"271",20.375,54.375,-0.534533799352726,-0.841653026457569,-0.179111313065734,0.0636152361465532,-0.843728056441039,-1.13124471772179,1.17308725435912,0.0800950712580337,-0.759516348237708,-0.433621428447036,-0.817835182471293,-0.533654466914681
"272",20.625,44.625,0.24464565483215,0.160246509128906,0.137531919323027,1.45210991264776,-0.790800191262627,-0.764201057278311,0.80052788836566,0.455410840979638,-0.295963026072111,-0.547460184982357,-0.798474045198669,1.15112363650217
"273",20.625,50.625,-0.535985272140346,-0.929423184932947,-0.107957037195006,1.50261703462454,-0.395056350556735,-0.981938821948171,0.985334828801201,0.481901587528251,-0.666108111449627,-0.612688264440093,-0.824288894895501,-0.152551716918842
"274",20.875,44.625,0.0991223624402027,-0.183577999420715,0.0921286658351573,1.34085221009195,-0.812179685970347,-0.767933704672652,0.322485241506863,0.52389406859992,-0.261567938084632,-0.584419579931322,-0.792020332774461,1.15112363650217
"275",20.875,48.625,-0.222839700724724,-0.186109684865141,-0.150685562131944,-0.0344995800427567,-0.201792792675879,-0.847563515751915,0.887644506328695,0.460674749711848,-0.661412429861712,-0.626727104381952,-0.830742607319709,0.832339944686483
"276",21.125,44.875,0.121202352658269,-0.25537869754049,-0.185631658168158,0.365332175800674,-0.76551457329908,-0.772910567865106,1.28299638275451,0.519028160306816,-0.26906796244898,-0.582127524430611,-0.824288894895501,-0.251679667667455
"277",21.375,49.625,-0.360321206243671,-0.998654300505939,-0.0622168775985137,0.377362673707136,-0.166045940002512,-0.922216463638724,1.44445606796545,0.355292450759408,-0.735525389902871,-0.428464303570436,-0.850103744592333,0.491558351783473
"278",21.625,48.125,-0.263995723704546,-0.645731042206173,-0.10087705573369,0.968021621116454,-0.595410171477714,-0.832632926174553,-0.0817265508243209,0.606134388069095,-0.439015794975968,-0.730347113476601,-0.850103744592333,0.291143416614975
"279",22.625,44.625,0.242676464607656,0.666696759287163,0.186135893159832,0.392654362201598,-1.04859251418415,-0.701990267372637,1.77460440455982,0.756835710328105,-0.252383251731004,-0.627682127507245,-0.708122071259756,1.90059070758809
"280",22.625,51.625,-0.444063468843041,-0.955964142283685,-0.152629707832008,0.577839208876519,-0.377637177646539,-1.00682313791044,0.322446149527069,0.492371685608893,-0.681584019526212,-0.811046567564134,-0.824288894895501,-0.185287281931287
"281",22.625,53.375,-0.477309117249278,-0.655443831019924,-0.195714024983106,0.106146188680474,-0.410756894487635,-1.0764992226048,1.3937418170896,0.36195046249367,-0.772112874053605,-0.753267668483708,-0.811381470047085,0.915039119384375
"282",23.125,52.625,-0.504257788678336,-0.969494732888659,-0.180824422672507,0.158305838399631,-0.517203952202398,-1.04663804345007,1.31607489890825,0.361871873928926,-0.776019663668689,-0.704561489093596,-0.824288894895501,-0.734606215967093
"283",23.375,43.125,0.166675288857661,-0.313649335084564,-0.164818203941453,-0.125073766482097,-0.706525815382634,-0.653465851246211,1.13294511812051,0.417679531215796,-0.634563073194265,-0.560926011049035,-0.753298058229213,0.699594115165613
"284",23.375,46.375,-0.346153486958341,-0.39824176282122,-0.203512585414651,-0.231462912036606,-0.148529438758105,-0.77788743105756,0.864928350810615,0.213685424847028,-0.844768876375819,-0.457306001954389,-0.811381470047085,0.17584335793383
"285",23.375,46.625,-0.385285055183488,-0.436519161247091,-0.152727069833696,-0.0667874353587454,-0.159636554614561,-0.787841157442468,1.29089408801296,0.257304294245648,-0.848703547850398,-0.462749633768581,-0.804927757622877,0.17584335793383
"286",23.625,46.375,-0.228614578413855,-0.0652627159199732,-0.138191271726147,0.329142221016684,-0.0346383667625918,-0.77788743105756,1.21905495788989,0.444530828386575,-0.662156960374411,-0.605048079437733,-0.830742607319709,0.210088410389879
"287",23.625,46.625,-0.301536528416985,-0.147691563632731,0.0677600300019472,0.699675188941346,-0.0193095981841757,-0.787841157442468,1.39966342641363,0.500499104066991,-0.681482128157503,-0.628064136757368,-0.817835182471293,0.210088410389879
"288",26.375,44.125,-0.117847583669975,-0.714858007001454,-0.164669630998231,0.530481300573356,-0.750855926801944,-0.688303893593389,-0.65635927945766,0.882139604311474,-0.275144873203774,-0.733976201352724,-0.746844345805004,0.46593295214311
"289",27.875,42.875,0.377098730971973,0.12651508075942,-0.178689248198757,0.26447856637623,-1.26716309833567,-0.679594383006595,0.906910684795315,0.197363548456893,-0.196676021790634,-0.785738454743784,-0.611316384896636,-0.468498263897347
"290",28.125,37.375,1.12960331641046,-0.846579324197501,-0.163665303510333,-0.0380292000663463,1.35895869067366,-0.517846329251842,1.20203860211791,0.512101795150361,0.292529329193321,-0.338787632105102,-0.520964410957723,1.06263693981176
"291",28.125,45.125,-0.272619856335064,-0.302021550037211,-0.173307365175585,0.171041894971081,-0.769269295885191,-0.744293604508496,-0.638669769179537,0.831649169279736,-0.304473376162586,-0.88200478577365,-0.688760933987132,-0.0630624952009663
"292",30.375,36.875,0.0742833236185559,0.230734641790651,-0.134939334819826,-0.124382883354808,0.510978824550161,-0.573836040166948,0.579712216255365,0.693160267529318,-0.155521563038417,-0.727673048725765,-0.456427286715642,1.88425469914685
"293",30.375,37.125,0.140460158721393,-0.113063244910546,-0.194048863508674,-0.0463534399254816,0.443039505843149,-0.573836040166948,0.849974139075575,0.768786868504083,-0.03365873172513,-0.812574604564607,-0.46288099913985,1.88425469914685
"294",30.625,36.875,0.179297524960534,-0.300863694241579,0.575271389054202,1.00881240460088,1.1634098661233,-0.573836040166948,1.33775284244882,0.757084732710073,0.441161552668367,-0.512506338596504,-0.437066149443018,1.88425469914685
"295",30.625,37.125,0.536973893665912,-0.301938265012177,0.191050436328565,0.118472946345574,0.820344586652663,-0.573836040166948,0.858799218886768,0.779155970698241,0.223673155029129,-0.633221261633953,-0.43061243701881,1.88425469914685
"296",33.875,67.875,-1.62434329826503,NA,-0.209519368000389,-0.799489860433752,-0.417459358665061,-1.15115217049161,0.929826545012739,0.963946063805703,-1.86243582211314,-0.732066155102131,-1.01144655519753,0.00923685748584254
"297",33.875,68.125,-1.47531315101517,NA,-0.201892336705317,-0.886746439873551,-0.389126127955239,-1.15115217049161,0.0912847093642126,1.00789812317006,-1.82260430101796,-0.782013864555128,-1.03080769247016,0.00923685748584254
"298",34.125,67.875,-1.50769375434607,NA,-0.220696669138644,-0.975715451101262,-0.410611645200488,-1.15115217049161,0.814614722700895,0.986227153726845,-1.8056803087838,-0.782873385367896,-1.01790026762174,0.00923685748584254
"299",34.125,68.125,-1.4778227526544,NA,-0.226895629115008,-1.18362093743719,-0.390174798453845,-1.15115217049161,-0.0551910141852722,0.970337872907831,-1.81675284508978,-0.793856151308804,-1.03726140489437,0.00923685748584254
"300",35.125,38.125,-1.22659695735471,-0.252299442881182,-0.188481851162863,-0.074063262722835,0.114942680989059,-0.505404171270707,-0.563193602134752,0.968007328955149,-0.538555255568779,-0.937873638603479,-0.449973574291434,0.280170171579201
"301",36.875,55.625,-0.896731865949981,-0.966711283477754,0.0805766140731316,1.54987090753962,-0.489937967670759,-1.03170745387271,0.722787039378558,0.887266853147712,-1.07186880886209,-0.605907600250489,-0.798474045198669,-0.972400031432141
"302",39.125,55.875,-0.604702220239206,-0.90324556273811,-0.0127168161780912,0.552708647540824,-0.473468239158006,-1.01180000110289,0.224841450295422,1.38327206850362,-1.02339040433039,-0.629114662195191,-0.785566620350253,0.0591976318945175
"303",4.625,43.625,0.975964510208628,1.65520973708929,-0.112357685107907,0.953874719900841,-0.286926384885159,-0.757979978287744,1.62250896158365,0.103987181133618,0.186149162447812,-0.516708440347816,-0.579047822775595,0.905802376467509
"304",4.625,48.375,-0.297691522472591,-0.0837307954304941,-0.196882186488206,0.126086809983974,-1.43884861582042,-0.957054505985902,0.452565883146572,-0.0341223082177436,-0.355520571080734,-0.408790827189327,-0.798474045198669,0.905802376467509
"305",40.625,44.125,-0.00807087236478143,0.227244080796788,-0.202187267138702,-0.458205385638716,-1.13546759738802,-0.674617519814141,-0.481178626773823,0.564295655897938,-0.603531307042063,0.0912592812157988,-0.643584947017676,1.66568257783716
"306",43.875,40.375,-1.18086089381541,0.0294817845449443,-0.171006129999875,0.052990799205549,0.0172171058301774,-0.629825751082055,-1.38257026563004,1.46053702401902,-0.738220442898361,-0.961271705173246,-0.527418123381931,1.88425469914685
"307",44.125,40.375,-1.05809417083273,0.296314995365677,-0.190072392022573,-0.0137048755999591,-0.180154154617454,-0.612406729908466,-1.46691818381021,1.09979869657486,-1.09973603654812,-0.778289274366483,-0.456427286715642,1.88425469914685
"308",44.625,40.375,-0.748078938588695,-0.0285949979676871,0.0752818778194224,0.666210330618607,0.0110120342203618,-0.58876662974431,0.122051379656921,1.27840877474174,-0.814957347763966,-0.896043625715504,-0.46288099913985,2.73294264027502
"309",44.625,40.625,-0.436597600863455,0.201499306246619,-0.169635986004513,0.324203616106351,0.0133939467758608,-0.608674082514126,0.19439110367012,0.867395091270371,-1.21174524173359,-0.648979143201359,-0.591955247624011,2.61170150582814
"310",46.125,38.875,-1.27384122005848,0.598552864368625,-0.176800547791572,-0.16846060965605,0.0266821951826509,-0.530288487232976,-1.19930168907101,1.29386085860248,-0.320303824132828,-1.06766128133125,-0.36607531277673,1.70752533610928
"311",46.125,39.375,-0.507205024261465,0.670481004095368,-0.212953352531339,0.0397776502647864,-0.268113203980855,-0.534021134627317,-0.959982888558033,1.10722051251207,-0.889914945363545,-0.794906676746625,-0.411251299746186,2.45004665989896
"312",46.375,39.125,0.204535742542126,1.1759523843347,-0.128299344020572,-0.151843149541332,-0.0664204757479306,-0.538997997819771,0.174647390868797,0.90076109238288,-0.596295605461996,-0.858511216891362,-0.391890162473562,1.08282358767798
"313",46.875,50.875,-0.914444243965182,-0.9599197517198,-0.210837921984302,-0.0243528489674768,-0.96509371265803,-0.971985095563263,-0.542121014284458,2.62016282453733,-0.819039305669056,-1.01952811581632,-0.779112907926045,1.88425469914685
"314",47.125,50.875,-1.0974373540081,-1.11200347351339,-0.211150839987128,0.0264322963990327,-0.959743398092571,-0.971985095563263,-0.624198608116712,2.60056766729487,-0.820094453442719,-1.02105615281679,-0.792020332774461,1.88425469914685
"315",59.875,57.375,-0.795086082460739,-0.21830367081575,-0.150941875168743,0.00515568110323351,0.0796709057614332,-0.988159900938739,-0.924293398878032,1.57662869318587,-1.48269266273755,-0.720510375286047,-0.72748320853238,0.267246846055411
"316",6.375,46.625,-0.151575234809173,1.78068817758843,-0.113422764867493,0.838373947131243,-1.46061214657703,-0.862494105329277,1.75517905201538,-0.0803123884575333,-0.716937361473578,0.438219182635947,-0.804927757622877,1.32816544149182
"317",6.375,52.875,-0.503583576059449,0.474071353457189,-0.0704258696625374,0.43224312683714,-1.21580091660974,-1.11631412814443,0.731366051553114,-0.370153610990834,-0.513844845162742,-0.285497341713579,-0.824288894895501,0.662077883024791
"318",6.625,46.625,-0.0691493533402117,3.08114712011334,0.60493808572467,1.31069770362463,-1.36814355651551,-0.852540378944369,1.36432444540987,0.0589195134903247,-0.504034594040053,0.231265671384252,-0.792020332774461,1.37695987651138
"319",7.125,52.375,-0.575255722732866,-0.0217928844455045,0.0713853535823277,0.923148239124896,-1.19167893362371,-1.09640667537461,0.794766022093244,-0.316138200531116,-0.485019941971075,-0.394465480309889,-0.863011169440749,0.839510054013102
"320",7.375,46.125,-1.05000986353041,3.30260135521298,-0.0916081729560246,0.0656487289619415,-1.33518160908178,-0.832632926174553,1.24714390198129,-0.267176716519743,-1.40776155435516,0.252371682453286,-0.804927757622877,1.00776250476328
"321",7.375,46.875,-0.172723575153744,0.733135414949337,0.478584547388584,1.1962466995922,-1.1246542754894,-0.857517242136823,1.50520487297458,0.0295190608526661,-0.664133402686804,0.110168739096696,-0.759751770653421,1.53784662703478
"322",7.375,52.375,-0.63274589744027,-0.761002631859092,0.0398384701341697,0.977151274382983,-1.10178410353007,-1.09640667537461,1.04026105087987,-0.28255005539463,-0.475093557536095,-0.424835215694311,-0.875918594289165,0.839510054013102
"323",74.375,42.625,-1.1354874851836,1.83237765028686,-0.114727113557337,-0.141454055783731,0.0390066771280385,-0.623604672091488,0.122039285971285,1.68609618971515,-1.68288994822817,-0.784305920055836,-0.36607531277673,-1.19460531143079
"324",8.125,47.125,-0.174836381762336,1.25857714865367,0.116805791573004,1.2398381990723,-1.18245192053893,-0.86373832112739,1.17927236067494,0.0233786334840329,-0.587111111322032,0.480240200148999,-0.785566620350253,-0.279171533556671
"325",8.375,45.625,0.0800384841962739,0.251105474499596,0.0505715511728866,1.6776504852358,-0.784124263102553,-0.813969689202851,1.15917442546111,0.486489001098229,-0.290182682848336,-0.106717012658109,-0.740390633380796,-0.279171533556671
"326",8.375,47.625,-0.328129616552166,-0.458247981646138,0.0534791465844025,1.35116271062542,-1.32360974365176,-0.886134205493433,1.72768600277609,0.140787459509675,-0.587828173415929,0.0662376753330355,-0.798474045198669,-0.612575458504062
"327",8.625,45.375,-0.369402763132007,-0.480137665969047,0.248374702962254,2.07165111283451,-0.836463437229851,-0.823923415587759,-0.486718195693851,0.534331409496423,-0.183301099592623,-0.226763419507857,-0.740390633380796,-0.990310740734888
"328",8.625,45.625,0.0291475814473488,0.431004079314551,0.139880176015732,2.34161494174987,-0.853484812943535,-0.816458120799078,1.66860255366424,0.620373269923226,-0.245135447944245,0.0237391462573652,-0.708122071259756,-0.797956635322422
"329",8.875,61.375,-1.60960122621842,1.14962500490413,-0.224917300609876,-0.782907716915856,-0.748643850366649,-1.17105962326142,0.977829603943026,0.0915883848912974,-1.78157085503944,-0.365337274988357,-1.01144655519753,0.365929705179928
"330",83.125,51.125,-0.297633819206367,-0.646279887653274,-0.223478696938882,-0.649545005942739,-0.432074482728236,-0.927193326831178,1.2046822828368,1.60259154461174,-1.5009429051409,-0.626727104381949,-0.572594110351387,-0.658631253260187
"331",9.125,48.875,-0.57062763010812,-0.167564221061772,1.84852956193256,2.57638417104193,-0.889149173519979,-0.937147053216086,0.522507556237238,0.0217623082474833,-0.491766633888148,-0.485861193400739,-0.89527973156179,1.36753432924032
"332",9.375,45.375,-0.145698310871873,0.551962089419703,0.617018903514892,2.42093827117899,-0.913176127928818,-0.827656062982099,-0.598772055872921,0.481804202362024,-0.105219105353331,-0.215876155879481,-0.753298058229213,-0.763669571396393
"333",9.625,45.125,-0.216587208132048,0.336975803127359,0.263937932167031,2.11091307374461,-0.813098008859336,-0.832632926174553,-0.690481790133095,0.594765715977728,-0.113580993971329,-0.323220755162781,-0.740390633380796,-0.855101741865804
"334",9.625,45.375,0.0892229100291925,0.33162489128734,0.24038056211012,2.13206455260421,-0.926903896359481,-0.827656062982099,-1.05190448338032,0.476897220496598,-0.114991653586939,-0.211769556440705,-0.759751770653421,-0.279171533556671
"335",9.625,53.875,-0.551275315278921,0.108346029967179,0.0868353447757986,0.893946083908042,-1.11444105928946,-1.11631412814443,0.95787300715265,-0.235291931923635,-0.582789241766375,-0.305170818094682,-0.817835182471293,-0.9390720843649
"336",99.125,49.125,-1.62041365235052,-0.373336609171572,-0.227756043060723,-0.629553943462582,2.66760357494333,-0.75300311509529,-1.10370368949316,2.65914124057995,-2.29997789353225,-1.19439285005807,-0.488695848836683,-0.527759636972918
