"","x","y","aet","Ec.Het","Humanpopdens","Human_footprint","Prec.seas.","rad","shannon_diversity","trange","Temperature","precipitation","Host_richness"
"1",-0.375,53.875,449.175792163459,0.0385506249509233,602.45166015625,28.6558341194898,12.7714134454728,46.75,0.493031101380636,19.3583158254623,9.49776405096055,628.562500000001,51
"2",-0.625,51.875,532.920530322956,0.0411793767146778,377.153900146484,35.0472243299981,12.7374365925789,48,1.5611739324526,20.6766722202301,9.76854968070983,683.687500000001,50
"3",-0.625,53.875,441.823874150813,0.0345853456980643,53.171947479248,25.8105871601424,12.0997081995011,46.75,0.424356420481334,19.3812357187271,9.04681783914566,641.000000000001,52
"4",-0.875,53.875,463.762991438591,0.0356313228737999,83.8546142578125,25.3382285053264,11.6085497736931,46.75,0.684052307005782,19.8489135503769,9.18894612789153,591.687500000002,51
"5",-1.375,42.125,629.035317353074,0.0644911277339575,14.9826803207397,12.5393600181548,23.4777193069457,66.0625,1.19533128432048,27.7210782766342,13.8151087760925,457.375,93
"6",-1.375,50.625,559.73450715795,0.0629237134486041,179.252487182617,25.4623810266083,29.6903337240219,47.8125,1.35129609931292,18.4202018976212,10.356357395649,824.062500000002,46
"7",-1.625,47.375,702.682806898401,0.0451503141194174,303.855102539062,22.7525614147106,24.4420078992843,53.9375,1.52237676270634,21.5890001058579,11.7302612066269,785.5,71
"8",-1.875,39.875,761.879482799203,0.0246366729061887,3.22738790512085,6.30711262294756,31.1698304414749,71.9375,1.23381014879474,32.0975618362427,11.9218769073487,479.999999999997,77
"9",-100.875,23.375,554.4953799629,0.0301724263164918,6.70880317687988,3.96680080656361,63.4152667522432,107.75,0.857641355838518,25.5892026424408,16.6975982189179,403.187500000002,151
"10",-100.875,23.625,714.809100431907,0.0393459814624298,9.00263214111328,4.2372406953886,61.6203815937043,107.25,0.903322912713042,25.6207497119903,15.8997679948807,368.687500000002,153
"11",-103.125,40.625,501.921124484107,0.0370260821521111,26.9174404144287,10.0346853514809,73.9959721565247,78,0.596871198924931,42.831015586853,9.65390610694885,414.625000000001,159
"12",-104.125,21.875,987.101002748236,0.0247330758935379,4.33729934692383,3.05054209737208,114.93838262558,111.9375,0.552929161077429,27.2977038621903,21.4450316429138,815.874999999996,203
"13",-104.375,35.875,483.793830053013,0.0155400222431793,0.0481112711131573,2.62679936396598,69.7834997177124,83.5,0.0341454414229383,38.1633448600769,11.2087860107422,392.625,174
"14",-104.625,33.625,259.960507505478,0.0139264212772442,0.20583313703537,5.13224107590346,67.4634766578674,86.25,0.546961434885362,39.476608991623,15.2032729387283,323.625,161
"15",-105.125,35.875,494.962648677583,0.0373586641232284,0.821061909198761,6.45447775050827,65.7326505184175,84.8125,0.158484836751989,38.080891609192,9.00133872032169,451.187499999999,169
"16",-105.375,35.875,705.457442346445,0.0378609991807649,4.84082365036011,4.84337111159172,59.580814599991,85.1875,0.944197100253859,35.1259849071503,6.78797903656965,518.124999999998,172
"17",-106.375,35.375,319.979633692956,0.0383641618084132,8.68316268920898,9.26553184276996,48.9345843791961,85.75,0.733592238402207,39.2317042350769,11.7330022454261,327.812500000003,178
"18",-106.625,33.875,246.458084873254,0.0143252088572626,0.0244090724736452,3.41391077337836,69.3462738990783,86.9375,0.325321284686862,40.4525611400604,13.5697805285454,262.25,180
"19",-106.625,35.625,457.670469305333,0.0493774529416251,3.54445195198059,4.58774912598398,43.9498138427734,85.25,1.06561372430656,39.0309057235718,10.3953461050987,414.187500000002,174
"20",-107.875,34.875,502.900739649291,0.0323050090020579,0.0309382546693087,4.55951973443658,65.3717212677002,87.9375,0.598089976414949,38.6149854660034,9.23202186822889,313.875000000001,165
"21",-107.875,35.125,353.036834238316,0.0371043083657214,22.768310546875,6.6457894320404,64.5462560653687,87.3125,0.784196056386863,39.3288910388946,9.4583262205124,290.3125,164
"22",-108.875,33.875,737.541774315592,0.0358446752114771,0.299400299787521,1.64320962039867,68.8712530136108,90.75,1.24490773013051,37.93665599823,7.93666270375254,435.9375,170
"23",-109.875,54.375,557.859160354599,0.0504579925632243,1.36295425891876,1.12891106854593,64.579628944397,59.8125,1.79990377836096,44.3753118515015,1.22920379787684,426.8125,144
"24",-113.125,51.375,492.08416260093,0.0186943265603565,2.22961616516113,8.2076782531855,65.9714207649231,61.75,0.0812206164247524,42.7532823085785,3.50660680234433,388.1875,151
"25",-113.375,49.625,580.103100453586,0.0219373118617589,7.92419099807739,7.51400043762078,56.3637409210205,64.0625,0.730615777959247,38.4137182235718,5.44212484359742,452.3125,155
"26",-114.125,52.375,540.661976342443,0.0353701798506323,33.2864799499512,12.6909462082625,71.6071152687073,61.75,0.733420752535046,39.8429074287415,2.55190435051918,494.374999999999,150
"27",-114.375,51.875,570.228133035141,0.019005731071864,2.6873996257782,6.46714087831773,68.9908270835877,62.25,0.95136330742626,39.2880623340607,2.78773576021195,488.187499999999,156
"28",-114.875,50.875,458.550837113171,0.0585985427621559,0.00728105986490846,2.24217242479835,41.7230145931245,64,1.25829544490466,35.3848764896393,0.203011071658711,640,156
"29",-114.875,51.625,548.649471769049,0.0149561983215212,0.421381652355194,3.69176506485408,67.0368695259095,63.25,1.17567067181581,38.0083286762238,2.05738546699286,542.625,156
"30",-115.125,51.375,463.105370390063,0.054081885383326,0.0341911539435387,2.41877394372734,52.1977140903477,63.75,1.12274730081688,35.7215304374695,1.00849609356381,569.812499999997,153
"31",-115.125,51.625,509.418991660772,0.0290484848917851,0.00537792174145579,1.99846173035818,61.0306243896487,63.25,0.918517357656694,37.1012034416199,1.62132423371078,553.625,156
"32",-115.625,52.125,478.41818580515,0.0320444673068129,0,0.942694946118477,57.718853712082,63,0.686734493929375,38.1355154514313,0.964977882802492,609.9375,148
"33",-116.125,53.375,550.289645370383,0.0205291804793477,0.140687599778175,0.227701258552923,71.7671618461609,62.9375,1.04394513927878,40.7075634002686,2.00108996033668,570.4375,138
"34",-117.125,43.375,348.45916120583,0.0323119570187472,0.0980585888028145,3.57883622167789,30.3128467798234,70.25,0.0919737476652951,38.5971415042877,8.52275714278218,318.375000000001,141
"35",-117.125,50.875,438.916175780047,0.085012842221079,0.0353375487029552,0.640848275576061,31.2867290973662,64,1.58491407050276,32.0817031860352,-0.535610746126621,1367.625,139
"36",-117.125,52.875,377.278211586228,0.0686377302907333,0.0610457882285118,0.106884592444569,46.6205968856811,63.25,1.12325427521732,34.66912317276,-0.685007851687271,649.937500000001,137
"37",-117.375,52.875,335.376816636218,0.0679141244189148,0.0448726937174797,0.648367881108096,37.8607679605483,63.1875,1.30151390032608,34.3533749580383,-1.50450590625407,705.250000000001,135
"38",-117.625,52.875,325.792130626271,0.0519932532197831,0.00636288244277239,0.137366262519201,34.7256442308425,63.0625,1.24982024156585,34.5922646522522,-1.09889713302258,704.562500000002,134
"39",-118.625,36.625,659.558732712466,0.087618811327003,0.0672629848122597,1.71438076234835,73.9051847457882,78.25,1.60604532433873,31.1712651252747,3.74586646258809,714.062500000001,152
"40",-118.625,53.125,334.069580975373,0.0506217016270383,0.00269568897783756,0.151545292503931,22.9155963659287,62.8125,1.30274392212662,31.4992182254791,-1.57985413074493,851.499999999999,130
"41",-119.125,38.625,336.881394142043,0.0447998709228777,0.000479440466733649,2.65828315677104,35.9017568826674,75.25,1.03437817719056,38.0625939369201,7.61584389209744,256.9375,169
"42",-119.125,46.625,732.653886490485,0.0871957816548548,4.99072980880737,7.53103859693137,42.8277909755706,68.25,0.640068042041485,34.6099212169647,10.7926508784294,197.9375,143
"43",-119.125,46.875,669.487336702126,0.0717549606576745,28.2207527160645,9.29842979101812,44.7997696399687,67.75,0.789755125070499,35.2079544067382,10.3176842331886,200.000000000001,142
"44",-119.375,50.375,638.451359658998,0.044948023834019,61.4718742370605,11.4588920369648,21.970918059349,65,1.63892712248703,34.2365634441376,6.29029366374022,554.874999999996,161
"45",-120.125,38.625,788.798410866602,0.0677124949988567,0.307616770267487,3.7829657804849,75.5152735710142,75.0625,1.27478705544228,31.8307027816773,5.53255528211584,1026.93749999999,163
"46",-120.375,38.625,1177.26353589319,0.049033273081466,0.243312537670135,3.97190331735068,80.7490887641906,74.9375,1.05438817535157,30.7493433952332,9.06658273935312,1294.5,159
"47",-120.375,52.375,492.766308166642,0.0701727537722907,0.0196538176387548,0.484615801903719,18.7005736827851,62.8125,1.33984893530638,31.4065929651261,1.73348045349124,1040.5,138
"48",-120.375,55.875,521.609945105685,0.0251202120008382,7.82907819747925,4.34596349636926,51.9940643310547,58,1.33678715606814,40.1860163211823,1.84284044057131,479,119
"49",-120.625,49.125,528.605462703668,0.0415416687382794,0.0829098895192146,1.36887141267685,35.6537125110626,63.25,0.956323586603032,32.2608917951584,3.08838741481307,750.249999999995,162
"50",-120.875,46.625,521.38713536815,0.0563493599999584,5.93779468536377,7.11236387515214,72.0010704994201,66,1.04846741258136,33.622673034668,7.42947781085973,567.999999999994,150
"51",-121.125,54.875,486.002179377632,0.038664938890794,0.000368904380593449,0.94362439695278,29.7286022901536,60.75,0.928363506545249,31.7956870794296,1.79844918102027,744.562499999999,128
"52",-121.125,55.125,506.889445466399,0.0277581006611037,3.32829475402832,2.19363766448493,35.7757629156115,60.25,0.804824477793293,32.6706240177155,2.40699736773971,644.249999999996,127
"53",-121.125,55.375,513.375455919079,0.0244793333714374,0.0540683753788471,1.57972894764447,39.2465052604677,59.5,1.06283982371817,33.659969329834,2.40834110975266,595.124999999999,121
"54",-121.125,57.875,548.400783360834,0.0149700943549001,0,0.551099409116955,57.6317167282104,56.75,0.92361411073361,45.9266717433929,-0.0716022493434147,432.125,105
"55",-121.375,55.625,530.478770588214,0.0233613754572473,0.288062065839767,2.69634496966727,42.9113862514496,58.4375,1.44238217811868,35.5151398181915,2.61893357336522,532.9375,121
"56",-121.375,58.625,513.54679182542,0.0200014824817101,0.00222400994971395,0.703384442519405,60.8065278530121,56,0.819129702761079,48.3121719360352,-0.600917939096688,432.8125,105
"57",-124.625,58.875,347.994474269716,0.036159348327237,0.00232768640853465,0.350546536250242,63.5510845184327,54.25,0.897189625789291,40.3380470275879,-1.39505211636423,580.687500000001,97
"58",-126.625,55.125,413.033298473861,0.0417091942443991,0.0253544896841049,0.0405317064563192,26.9506379365921,56.4375,0.709587229488038,35.8909673690797,1.75683601386847,558.249999999997,106
"59",-127.125,55.625,402.512668140913,0.0562965761221619,0,0,26.3947778940201,56,0.653910202411472,33.6958606243134,1.340783149004,695.374999999999,104
"60",-128.375,60.375,336.610684268938,0.0269052331008993,0.000131798573420383,0.239259360307852,39.1491510868074,54,0.550902588136969,46.5050473213199,-3.58399677276604,492.562499999996,87
"61",-129.125,57.875,320.538258526404,0.0392092240131078,0.0015556876314804,0,35.1741411685942,54,1.05594592695125,36.6114699840545,-1.34031706303361,558.062500000003,93
"62",-129.375,57.625,290.896757384575,0.0504484120179848,0.00157870445400476,0.786241552175249,33.2758703231808,54,1.40874158525805,34.9404222965239,-1.05983074940752,610.937500000009,93
"63",-129.625,57.375,289.821427899831,0.0557921334400243,0.00157870433758944,0.0036313713497428,29.7922942638398,54,1.50429827112778,32.1103284358979,-2.27887049317357,821.124999999997,91
"64",-129.875,57.375,301.113085722812,0.06408496346784,0.00157870445400476,0.0642196255164436,29.0654038190842,53.8125,1.43283211921996,31.1991723775864,-2.23995450139049,874.375000000001,90
"65",-133.375,58.375,332.513652913061,0.111064910074684,0.00338306510820985,0.422830367232701,33.9372551441192,51,1.31918428639036,25.33318734169,-0.980141287669614,1521.4375,105
"66",-134.625,59.125,355.990357303168,0.0780147783779157,0.000883606844581664,0.327554818051529,36.8163411617278,49.8125,0.4853665639834,27.2756552696228,-2.9982284754515,1069.4375,106
"67",-145.125,65.125,311.864853798178,0.0246847082117219,0.00149752642028034,0.329770590833172,79.2170448303226,52,1.01009713613622,48.7430777549742,-5.89802658557892,249.625,78
"68",-145.375,63.125,287.426346680709,0.0743885998756918,0.000116547256766353,0.985934025792711,82.7310032844543,50,1.30520611602809,40.5503745079041,-5.18723180890083,298.125,81
"69",-145.625,61.125,253.240709334182,0.103313571311041,0.0113670481368899,1.68276860980972,28.5567659139633,46.5625,1.74983040799614,32.7460174560547,-2.92758400738241,816.4375,70
"70",-145.875,63.125,286.890672817867,0.0430414209041542,0,1.02751656257484,81.9720106124878,49.9375,0.872920889448604,40.072250366211,-4.35689330101012,294.499999999999,81
"71",-146.375,64.875,346.271499895428,0.0407712162087011,0.00206834194250405,2.2688419412674,68.0502395629887,52,1.02703048946405,47.5589363574982,-3.63741599023346,304.187499999999,77
"72",-146.625,65.125,342.376096110106,0.0436076647202202,0.0181287527084351,1.43509332683121,65.2733876705171,52,1.1203141177329,46.0709698200225,-4.31953500211239,312.1875,79
"73",-146.875,63.125,281.235585931045,0.0479865169217526,0,0.772999013732386,73.964638233185,49.75,0.805357243967245,37.7972967624665,-4.55377674102783,335.624999999999,75
"74",-147.875,63.375,268.529112359211,0.0457271272222639,0,0.570901034201331,63.3236954212191,49.75,0.981750894440609,39.0699379444123,-4.29824870824814,373.249999999999,74
"75",-148.375,61.125,248.281311124957,0.125514795270534,0.00653281947597861,0.419744812742674,33.259658575058,45.5625,1.14770843042571,23.5011330842971,-1.74984078668058,717,74
"76",-148.625,60.125,258.130282349462,0.146854704875449,0.0212060380727053,0.464040062198377,36.0239415168762,42.75,0.907919668757459,18.207208275795,0.0146569926291804,1148.875,72
"77",-148.625,65.375,369.674326290777,0.0361654554244097,0.00718886125832796,0.986133907556095,62.5175678730011,NA,1.15148363815265,49.7086095809936,-3.76635479927062,284.5625,75
"78",-148.875,61.125,244.032708187426,0.124486195877973,0.37026458978653,2.12935784996063,33.7578275203704,45.75,1.05686789221488,24.0081716775893,-2.32685863971715,745.875000000002,72
"79",-149.375,70.375,92.9800095298769,NA,0.297754883766174,8.57191150294581,68.6232833862304,48,0.770101131384014,43.7778122425079,-11.3245714306831,155.875,26
"80",-149.875,67.125,319.635786682537,NA,0.00106992945075035,0.224857570476975,59.903473854065,48,0.869221461705056,46.4752829074861,-5.79526090621943,315.937499999999,59
"81",-150.375,59.625,259.409246280998,0.123365121482501,0,1.54858076696576,37.7155599594115,43.0625,1.72401131030764,20.8652422428131,1.45193242654202,1125.25,74
"82",-150.875,60.625,301.053789310771,0.032728271485628,10.2036142349243,4.30101133110031,42.6672186851501,45.75,1.19779738265906,31.4829812049866,1.98700432479381,760.562499999999,69
"83",-155.125,58.625,219.655346954804,0.0836652151275746,0.000687623745761812,0,30.0996181964873,46,1.59892043841201,26.0422033071518,1.68154688086361,871.750000000002,57
"84",-159.375,62.875,229.67101136483,0.033355344953228,0,3.35547468149228e-07,58.0180811882019,47,1.3036574619046,42.3054211139679,-2.1868507862091,423.375,58
"85",-16.625,28.125,355.556778407972,0.058703856008467,249.823440551758,20.5721838022374,80.1548681259155,94.3125,1.54633348582133,17.2680689096451,17.0313782691956,323.312499999999,50
"86",-2.125,38.875,528.413933995735,0.0264788142051516,29.9721126556396,9.21214601102391,39.7945029735564,73.5625,1.04157345830253,34.628202676773,13.8656818270683,419.875,88
"87",-2.125,39.125,513.450444827107,0.0223111532636028,46.608642578125,12.6613555120634,40.090636730194,73.1875,0.374599054699334,33.755110502243,14.4147884249687,409.124999999999,87
"88",-2.125,40.875,694.343499699189,0.0261149036446425,1.06174635887146,4.75305219408006,34.2105503082274,69.9375,1.21824933789317,31.25210916996,10.3952113389969,558.812500000001,84
"89",-2.375,37.125,407.900513866027,0.0334167512098007,7.44096755981445,6.3569301429933,47.5562181472777,77.25,1.00051690455368,31.389796257019,14.8412609100342,358.187499999997,100
"90",-2.375,52.125,502.762287805492,0.0356813759811761,150.099761962891,21.9799557639987,16.2936886548994,47,1.5266495472201,19.8187817335129,9.3146606087685,841.812499999991,51
"91",-2.375,52.375,498.621289616352,0.0451640196330583,173.740737915039,22.5057370132844,17.4336594939231,47.1875,1.53433958742957,19.3520934581757,9.01732665300372,920.937499999998,51
"92",-2.625,52.125,490.792049392832,0.0315952932098767,184.395889282227,20.9247037803214,17.2606946229934,47,1.38652606863697,20.2558275461197,9.25849688053131,746.187500000001,41
"93",-2.625,52.375,501.529850570121,0.0327848508230452,56.1011657714844,17.6876265751158,18.348848938942,47.0625,1.45993943838126,19.686718583107,8.73961585760116,923.937500000003,42
"94",-3.375,39.375,333.86996702568,0.0256449331275723,33.7884483337402,11.8461793383739,43.0577635765076,72.75,0.951436210889646,33.8169701099396,14.7737085223198,398.375,93
"95",-3.375,39.875,355.33090511777,0.014725270538028,18.4865760803223,12.7565811618456,41.6969678401947,71.75,0.708618702321355,33.1171569824219,14.1613554358482,422.437500000001,99
"96",-3.875,39.625,443.164264808758,0.0352685018480426,25.3495178222656,12.4089825832986,40.1356198787689,72.25,1.31587589003055,32.3873586654664,14.2503865361214,421.687499999999,98
"97",-3.875,40.875,760.475673806333,0.0360691074626574,36.8682594299316,12.7144737988448,39.8299164772029,68.9375,1.11072251428979,26.9441399574281,8.74430775642413,779.249999999976,93
"98",-36.625,-5.375,806.147778006586,0.0497996905956969,23.0737285614014,10.8343447020158,111.139252662659,153.9375,0.454058494863346,11.8296571969986,26.791375875473,630.749999999997,231
"99",-38.125,-11.125,823.924945938496,0.0361894921220086,47.0082969665527,11.3140202522196,42.2224187850953,162.4375,0.256476690048841,14.0067653656006,23.6925188302994,827.687499999999,286
"100",-38.125,-12.625,1010.32347017979,0.0706592419972042,49.3116760253906,20.4503379246756,49.8222422599793,173.25,1.4173868463693,10.2110340595245,24.8068443536758,1741.8125,307
"101",-38.875,-12.125,946.98350640204,0.0442250133363812,372.096099853516,18.5649308096729,26.2748844623569,164.375,0.632016237385122,13.0192815065384,23.4414117336273,977.687500000009,318
"102",-39.625,-18.125,1057.33006247597,0.0470907813751249,18.5008144378662,6.85796514121521,29.6695644855499,170.5,1.54487418312402,13.6699942350387,24.1811037063599,1493.0625,382
"103",-39.875,-5.375,887.399183535719,0.0363599060737689,10.0508432388306,7.56732912542217,98.6992578506464,152.25,1.12184404055937,11.8596558570862,24.3297731876373,759.000000000011,242
"104",-4.125,37.375,693.489703426828,0.0230572642794545,49.6032905578613,13.7574793591541,56.6606769561767,77.1875,1.26273267092149,32.0392807722092,15.188556432724,526.374999999998,94
"105",-4.125,40.375,614.17336575601,0.0324518461362597,88.5420837402344,21.0111212219837,35.2522802352906,70.6875,1.22337050035143,30.3088124990464,14.1784634590149,361.0625,96
"106",-4.375,40.375,735.481811616363,0.0344627402930196,45.711311340332,12.9736134116676,34.6060795783997,70.75,1.38842119950694,29.0487654209138,13.469851911068,351.125,94
"107",-4.625,40.375,778.640702689828,0.0389153354099985,31.8985080718994,8.79318554665912,34.511257648468,70.75,1.37942195524216,27.6308751106262,11.6820168495179,448.187499999996,91
"108",-4.625,41.375,596.972995755425,0.0180610032293097,34.5094299316406,16.4773095275363,33.0995810031891,67.75,1.26433264381277,30.1213274002075,12.0030376911163,403.9375,86
"109",-4.625,41.625,568.710230037766,0.0185735906302394,304.622985839844,22.4716810574233,32.8618113994599,67.25,1.12980540343691,30.1314531564713,12.0962982773781,417.312499999999,80
"110",-4.875,37.375,582.509421168747,0.0156714689548083,79.52880859375,18.041501329053,65.6835565567015,76.75,0.418277094025201,30.5314534902573,17.0192464590072,567.562500000002,100
"111",-4.875,41.375,544.693318798748,0.0228676495103647,49.2217483520508,15.8812865307643,32.4862384796143,67.75,0.987026345751004,29.8241872787476,12.1471472382545,416.312499999998,88
"112",-40.875,-14.125,760.336577891459,0.0272464241826704,9.23417091369629,9.13118626334349,83.9743099212647,161.4375,0.0732182602774758,14.1066408753395,23.1638091802597,600.812499999999,335
"113",-40.875,-15.625,968.213925992145,0.0422475375323883,21.1452560424805,8.31442869008379,66.4475433826433,160.75,1.11212283637136,14.9597654342651,20.517635345459,833.937500000008,336
"114",-41.125,-15.625,993.945963668468,0.0342406300011429,26.5989189147949,7.8193880567107,78.0036449432368,160.25,1.12015884808762,15.3267187476158,20.7663794755935,807.687499999998,311
"115",-41.875,-18.125,956.6471548569,0.0265866186080629,5.02936792373657,9.71972129414156,77.3764119148253,157.75,0.476511029293632,17.9948595762252,22.7671328783035,1095.6875,367
"116",-42.125,-13.375,933.249113834226,0.0301325779225726,24.732723236084,8.53314805218648,87.3731455802915,165.125,0.834644800789701,16.8878592252731,21.4337557554244,896.625000000002,307
"117",-42.125,-16.625,924.783897741343,0.0251672525148603,11.4658603668213,8.73017611331787,90.8602867126464,158.1875,0.940263510605741,18.6230632066727,22.5722883939743,862.874999999999,292
"118",-42.125,-18.125,972.264017895281,0.028635872723289,3.47433686256409,9.39205438144409,81.5723476409911,157.25,0.571297690662031,18.2314219474792,22.8847028017044,1097.625,361
"119",-42.625,-20.375,808.949895591935,0.0251171220088399,35.119457244873,12.5890154497233,77.2277193069457,160,0.525550792283313,19.7919049263001,20.5536061525344,1282.875,445
"120",-44.125,-16.875,825.772972637962,0.0253339989616674,5.22380018234253,9.9812217072828,89.2123107910155,163,0.82015970283646,18.1272346973419,21.1231518983841,1229.375,326
"121",-44.375,-14.875,997.600605852039,0.0158472234129704,7.22496032714844,9.33142084126087,97.2260689735414,162.5,0.420003019608681,17.9343910217285,22.9171829223633,991.249999999995,324
"122",-44.875,-17.375,822.574188634784,0.0266018899557996,103.027435302734,14.0726542738988,93.727858543396,164.9375,1.10138691878572,19.7417818307876,23.0963579416275,1028.8125,348
"123",-45.125,-2.375,1006.31790050565,0.0668243812871507,12.0895233154297,8.79727678265581,81.2268748283386,158.9375,1.34495770933341,10.598436832428,26.5135716199875,1980.12499999998,359
"124",-45.375,-2.375,971.341012956424,0.053729114273738,13.0370569229126,6.09509519619251,77.1399378776552,158,1.28028026741704,10.5715789794922,26.51939702034,2338.43749999998,364
"125",-45.375,-22.125,819.622357017425,0.0258765872675661,36.7155494689941,10.6146590145277,75.2897124290467,161.4375,0.683229484598616,21.0938124656678,18.1586735248566,1585.1875,464
"126",-45.375,-22.375,803.317926306507,0.0271064517127724,149.293045043945,13.974917508774,73.5516338348387,161.625,0.95565228867299,21.2430155277253,17.7102730870245,1591.37500000001,494
"127",-46.125,-14.125,726.096069088728,0.0342525255772752,0.369351983070374,5.21170993531613,87.9755091667176,160.9375,0.851499455830136,16.2404069900513,22.9137307405472,1349.0625,306
"128",-46.375,-14.375,946.396536728082,0.0492781504820142,18.7582378387451,7.5872319656526,86.3926854133607,161.25,1.05172249773481,16.5490309000016,23.9328889846802,1296.9375,314
"129",-47.375,-24.375,903.683095128707,0.0290230181408915,24.4067707061768,5.88099013319078,42.7094800472258,173.9375,0.490588026467825,15.6190782785415,21.0272606611251,1896.12500000002,474
"130",-47.375,-24.625,913.164819174008,0.0352124057968351,7.7919225692749,7.79292524176298,38.62357711792,177.8125,0.958870684026169,15.5618893504142,21.8314496278762,1983.75000000001,469
"131",-47.625,-17.125,770.53926839804,0.0272180307879894,0.758217215538025,8.28614247272724,86.9059405326844,163.1875,1.03941913094228,17.9593898057938,21.3446998596191,1514.9375,363
"132",-47.625,-9.875,901.548642992552,0.0320936690291118,4.1185564994812,2.28427807345627,80.4713206291199,168.1875,0.629239650810534,18.1367347240448,25.1030737161636,1504.3125,306
"133",-49.125,-28.625,778.368073606257,0.0701929849574982,78.9821014404297,18.1817271017554,23.2235536575316,176.5625,1.60877233819589,18.6943545341491,19.6415516138077,1415.4375,369
"134",-49.375,-28.625,811.651503826538,0.0558435473816217,382.455871582031,17.7594597032757,25.6110844612121,173,1.6734995822127,19.9141445159912,19.1677966117859,1384.6875,374
"135",-49.875,-28.625,787.840264256257,0.0318241014612865,2.48881816864014,6.10752281718198,15.3245440721514,169,1.1772629296836,17.6020319461823,14.9397395849229,1640.43749999999,378
"136",-5.125,37.125,583.180766004691,0.0243830792276329,35.8174438476562,14.7001540216164,68.3972768783569,77,0.469725128458092,28.8773748874664,16.1956142783165,627.437500000001,110
"137",-5.125,37.375,543.443237570009,0.0167261564548088,39.9607467651367,14.8817335716465,67.5319290161133,76.75,0.171316951516907,30.2071712017059,17.3001981973648,556.5625,106
"138",-5.125,38.875,624.14028621988,0.0312190584038255,8.31632995605469,8.73676680810895,54.2675004005432,74,1.16251839005716,30.8740932941437,15.4638586044311,525.1875,96
"139",-5.125,40.875,499.112503634242,0.0167095097927146,18.1563777923584,12.1250444365007,32.8951079845429,68.9375,0.348863110314514,29.5862661600113,11.4654673933983,422.687500000001,81
"140",-5.125,41.375,504.707804149023,0.0225833285703398,14.6917371749878,14.6234904771015,32.6690678596496,67.75,0.513303098780138,29.3872343301773,12.2753691673279,434.312499999999,85
"141",-5.375,37.375,550.521347252719,0.0208702643937664,43.8629951477051,16.44592268013,67.2966871261597,76.75,0.336615304179638,29.574358701706,17.5040067434311,563.5,107
"142",-5.625,36.625,944.509205661872,0.0615813094254441,76.4510498046875,14.113970824799,72.2590637207032,77.25,1.62249481823685,23.6691867113113,16.4203760623931,703.062500000003,110
"143",-5.625,36.875,667.810189492206,0.04609243422306,65.5784912109375,14.921089829117,70.3983173370362,77,0.745031524873236,26.0013599395752,17.1085500717163,638.000000000002,115
"144",-5.625,37.125,547.227785687202,0.02394103175964,80.2307662963867,19.1582144874357,68.8157811164856,77,0.180174655336206,27.4005314111709,17.493587732315,597.750000000001,111
"145",-5.875,36.625,699.942217648397,0.0417709149472025,97.7487106323242,19.1052462501784,70.9625639915467,77.4375,0.396030819520375,24.0996869802474,17.5175647735595,626.750000000004,113
"146",-5.875,36.875,610.583231123192,0.0293075262440921,73.8477325439453,17.9505455806457,69.4297466278077,77.1875,0.132347346368446,25.8609219789505,17.6497372388839,599.937500000003,118
"147",-5.875,37.125,620.790924601873,0.0239556958257128,172.381973266602,20.5456037800654,69.062415599823,77.0625,0.272018875952231,26.6368900537491,17.9215874671936,561.375000000003,110
"148",-5.875,37.375,653.180686178681,0.0294221714963425,1086.70166015625,30.0189819923142,66.9076819419861,76.8125,0.919166381825332,29.0613577365875,18.2250407934188,546.187500000002,110
"149",-5.875,40.375,882.877831696218,0.0413779466900835,36.6081008911133,10.9743368268875,49.4436728954314,69.75,1.28970669691417,26.7926875352859,11.9866360425947,772.125000000011,90
"150",-5.875,40.625,801.904937470713,0.0351348822225207,8.97904014587402,9.98123925044108,48.4507958889005,69.25,1.16374023040793,27.935374736786,11.6342063546181,775.18749999999,91
"151",-50.375,-0.125,1119.24363725566,0.0542286005280398,24.6259956359863,2.49823510374644,66.2251045703888,154.375,1.19188843020338,10.0545136928558,26.9213107824326,2357.56250000001,445
"152",-50.875,-28.125,855.947162386031,0.0317204944463497,1.3025426864624,6.917768756619,13.8539046645164,174.3125,1.17498229347058,18.9365622997284,16.2029094696045,1569.25,349
"153",-53.375,-19.375,806.78875401061,0.0248186847469898,0.326627790927887,6.31887245072872,63.6060054302215,173,0.621392022459798,17.8341420888901,22.9651479721069,1491.375,354
"154",-53.375,-19.625,839.308033242971,0.0229270023624447,0.234378129243851,6.46609888679833,62.3077638149261,172.5,0.644217392669632,17.6064213514328,23.2329014539719,1456.125,354
"155",-53.625,-24.375,769.543050229025,0.0164535643861454,41.1514205932617,11.9508625071111,24.770271897316,178,0.763485837094642,21.2204537391663,20.5622042417526,1538.5,419
"156",-54.125,-14.625,752.639176601238,0.0290210440957936,0.29365149140358,5.69536015010878,80.9302172660828,171.1875,0.720287824630692,19.9511419534683,22.657440662384,1927.3125,396
"157",-55.125,-4.875,1062.61344618746,0.012556673668267,0.0265757013112307,0.0960455671023839,60.6818847656251,158,0,12.603906750679,25.6018488407135,2111.5625,468
"158",-55.375,-0.375,1199.42276625633,0.00969446587791494,0,1.00361470177196,49.2190427780152,158.1875,0,11.2027337551117,25.1326107978821,2395.5625,373
"159",-55.375,-15.625,760.337930902325,0.0358207649843774,2.11032104492188,9.37852778543446,72.0470385551453,174,1.43888029895965,18.989639878273,22.2257344722748,1595.625,420
"160",-55.375,-3.375,1078.85493274115,0.135808232357872,1.74552404880524,1.10851591367467,59.8704149723053,157.25,0.765130787323239,11.1092031002045,26.2898947000504,1878.0625,520
"161",-55.625,-0.375,1208.28541893033,0.0114083397633747,0.0227803234010935,1.00152002219461,48.3203601837158,159.0625,0,11.1982505321503,25.4255983829498,2437,376
"162",-55.625,-0.625,1200.51900348874,0.010812757201646,0.0183152966201305,1.00114029577996,48.5695734024048,160.1875,0,11.1825164556503,25.4843136072159,2446.6875,377
"163",-55.625,-15.625,878.824992122616,0.0385333195206523,1.35002028942108,9.43360434056103,69.1092414855958,174.5,1.2191000353599,18.2684534788132,24.0066889524459,1488.75,431
"164",-55.625,-15.875,875.035502416928,0.0397222162684804,2.3467435836792,6.75183886874685,69.9008994102479,175,1.27487234200032,18.3519366979599,24.4261167049408,1467.375,419
"165",-55.625,-3.375,1087.40716562348,0.0372833314281332,0.515881061553955,0.223575689312562,57.788464307785,157.75,0.0135076679047091,11.2973428964615,26.1602461338043,1960.375,509
"166",-55.625,-3.625,1069.06971029019,0.043743498513944,0.93583071231842,0.302764842403278,56.4948551654816,157.75,0.264444682223255,11.4792492389679,26.1542553901672,1963.875,516
"167",-55.625,-4.875,1048.90032840985,0.00867367898376772,0.0903874337673187,0.932982972130732,55.5653452873231,159,0.0284100697334331,12.4557347297669,25.666097164154,2323.9375,468
"168",-55.875,-15.625,816.378525366998,0.0471364764327089,74.7925109863281,12.5826682578437,67.5289912223816,175.25,1.12476176694705,18.3497329950333,24.9628177881241,1438.125,438
"169",-55.875,47.875,436.802271412376,0.0614126592995917,6.30978488922119,1.64958139420074,12.9275788664818,62.5625,1.4994934686058,32.4018461704254,4.16735288500787,1690.0625,67
"170",-55.875,48.125,427.539508734184,0.0652889112749575,0,0.5104747470022,12.7478098869324,62.1875,1.29231944466032,33.7172491550445,3.79842960834504,1556.6875,64
"171",-56.125,47.875,412.308792362819,0.039695312016772,0.00366125116124749,0.882277443399177,11.7922378182411,62.1875,0.963204273995802,32.9946107864379,4.02562722563745,1615.6875,67
"172",-56.125,48.125,415.350799382192,0.0452266827655844,0.00171933032106608,0.144005285261146,12.2062183022499,62.0625,1.13982359105873,34.0356411933899,3.65699474513532,1508.5625,64
"173",-56.375,-15.875,844.882886203531,0.0288770528501753,7.13353538513184,7.3110506311382,65.4299006462098,177.5625,0.838271777758265,18.4639846086502,24.9550360441208,1355.4375,438
"174",-56.625,-29.875,828.046188920256,0.0301351261240667,1.56915628910065,7.32936887191378,19.5916165113448,176.8125,0.537537176876507,23.9183905124664,19.4788856506348,1559.8125,258
"175",-56.875,-18.375,1040.49194081083,0.0915388219688314,0.106904998421669,1.70415427901023,63.8574123382568,180.4375,0.762553491508235,16.6172354221344,25.823161482811,1192.25,362
"176",-57.875,-15.625,855.176271064171,0.0313944854061878,5.92116260528564,8.85442283675568,71.0274863243103,179.5,1.16767074559442,18.7265937328339,25.4165278673172,1430.9375,460
"177",-57.875,-24.875,991.476741500361,0.0193647178878981,1.41126382350922,5.6826656784443,40.5079209804533,177.9375,0.12225637910727,21.7350001335144,23.0015707015991,1135.43750000001,329
"178",-58.375,-12.125,1055.04441162392,0.0355483574817099,0.270385921001434,0.875048255948961,78.4809255599975,172.5,0.764124700043989,18.576264500618,24.6538655757904,1983,416
"179",-58.375,-25.125,1013.99147474253,0.0210963696463952,10.1222171783447,9.58418257700309,40.4412949085236,177.6875,0.187830748375585,22.8258903026581,22.7541431188583,1082.4375,302
"180",-58.625,-3.125,1006.5710730815,0.114934382449375,3.15790319442749,4.44124169528304,53.4807875156404,157.5625,1.1034268044823,10.8140147924423,26.9952740669251,2185.1875,568
"181",-58.875,-13.125,905.51797732626,0.0397770561842705,0.187727123498917,3.17498987682471,74.7684473991394,173.6875,1.31243071008258,20.0475305318833,24.1625291109085,2017.1875,436
"182",-59.125,-13.125,984.092109386983,0.0394616686194938,0.078976184129715,2.45140339585425,74.3865785598755,174.5625,1.12466736134156,19.7471261024475,24.1177707910538,2002.3125,451
"183",-59.375,-11.875,1105.78003914082,0.0171457345012193,0.0191268399357796,1.00600909065996,77.8156552314758,172.6875,0.0945690294931082,18.2905323505402,24.1308596134186,1890,433
"184",-59.875,51.875,340.479271619264,0.0287281676287914,0,0,20.6692036390305,61.1875,1.31200221749206,41.4025144577026,-1.23600850999355,1169.1875,51
"185",-59.875,52.125,315.636550176117,0.0221917569253923,0,0,20.6806035041809,61.0625,0.82830301932946,40.9894542694092,-1.59460416436195,1147.875,50
"186",-6.125,40.125,843.66230605295,0.0416893742379208,55.5789108276367,9.74408854437914,52.033807516098,70.25,1.47121897901344,27.5625776052475,14.990195274353,619.937499999999,92
"187",-6.125,41.875,773.312923559566,0.0212714513317329,8.1501350402832,6.58582860005059,43.9242234230041,65.75,1.46534103457268,28.0961564779282,11.2839348912239,783.999999999999,75
"188",-6.375,41.875,818.002491794148,0.0221708354766806,5.4880518913269,5.4613304054773,45.7134935855865,65.75,1.52812012457609,27.9880158901215,11.0946966409683,827.874999999999,74
"189",-6.375,43.375,779.328422836791,0.0540384927292255,23.1787891387939,9.73801249088506,32.654142975807,63,1.48882902010008,20.5494371652603,11.4382812976837,1106.1875,65
"190",-6.625,38.875,700.247516517745,0.0501653115950309,93.7754745483398,15.4261967624278,57.6167242527009,73.75,0.893142922292861,30.4690620899201,16.6595541238785,533.25,99
"191",-6.625,39.125,752.857968561571,0.0232919012440935,59.7428932189941,11.8255561388891,55.9678432941437,73.25,1.05287027221234,30.0603439807892,16.3345438838005,547.5625,96
"192",-6.875,38.875,735.91666913919,0.0369102104290489,95.4682846069336,16.7760498351294,55.3021752834322,73.5,0.731084686265452,29.6952494382859,16.4782246351242,536.4375,101
"193",-6.875,39.125,741.935084867139,0.0197696497294618,36.1296768188477,12.0390696268637,53.420768260956,73,0.984796201619892,29.4093428850175,16.4015127420425,552.062499999999,93
"194",-60.125,51.875,335.095545240336,0.0301097334152569,0,0,20.9642785787582,61.5625,1.4632589966433,41.5931258201599,-1.10727148130535,1150.9375,51
"195",-60.125,52.125,311.891011418208,0.0209063440691206,0,0,21.0220000743866,61.1875,0.898895291463788,41.160204410553,-1.53020580112934,1131.5,51
"196",-61.875,-3.125,1009.76921469518,0.021136414513793,0.106939353048801,1.08370628841534,39.3968334197998,160.5625,0.0357252963427055,9.68040645122528,26.5137723684311,2682.4375,436
"197",-62.875,-29.125,809.05509461909,0.0162456775834478,1.86688017845154,5.48054216983587,68.2285723686218,173.9375,0.811655195391509,27.4754049777985,19.8924273252487,786.875000000001,234
"198",-62.875,-4.375,973.243830793262,0.0348641058432425,0.275106161832809,1.00883579204571,37.0206413269044,165.0625,0,10.5401726961136,26.5176470279694,2450.625,484
"199",-63.125,-22.125,1051.41382711669,0.0175120325121936,4.72978353500366,2.92422136911518,84.3666305541992,178.25,0.92649830632772,24.0267338752747,23.7334984540939,874.499999999997,267
"200",-63.125,-22.375,1107.11388287073,0.0147906783455267,4.51532220840454,3.33749746588375,84.2758860588074,178.1875,0.860195069193285,24.1922515630722,23.5277991294861,939.562499999998,262
"201",-63.125,-29.125,900.214381074602,0.0236531564357567,3.52167081832886,3.80276995412583,69.1913933753966,174.3125,0.873650208723698,27.3744208812713,19.9462566375732,754.000000000001,234
"202",-63.125,-30.375,645.218866743575,0.0979513948426294,1.7392019033432,3.48440675344807,63.1392483711241,172.5,1.19094707235609,26.4477183818817,18.8923861980438,863.750000000001,238
"203",-63.125,0.375,869.387945035269,0.0904538120618043,0.0172107294201851,0,39.6649622917175,161.9375,1.06483636581338,10.8369224071503,26.8118640184402,2271.625,374
"204",-63.125,0.625,945.558380816028,0.088228422448941,0.0189865380525589,0,41.4651091098785,161.8125,0.863964514946668,11.0019054412842,26.788112282753,2177.375,372
"205",-63.375,-8.625,882.500412169261,0.0733897569444441,0.820269584655762,2.86685569942634,66.1328959465027,169.4375,0.86114372684565,15.1646249294281,25.4989176988602,2263.4375,512
"206",-63.375,-8.875,871.660755192391,0.0991012171829747,0.658357322216034,3.23610852077917,66.7864537239075,169.1875,1.46248945337077,15.2740790843964,25.5210194587708,2269.625,502
"207",-63.625,-35.375,781.375706501717,0.0162663192062948,8.12889862060547,11.9096298527695,54.6511764526366,178,0.427518158618091,29.2912973165512,16.2873257398605,862.8125,166
"208",-63.625,-8.625,911.822012869868,0.067914874590382,3.44911813735962,6.85693785728138,64.993038892746,169.8125,1.31237944333753,15.2285461425781,25.7212740182877,2238.625,522
"209",-63.625,-8.875,858.887515145259,0.0652071306774871,11.9339170455933,3.91360112796756,64.7403075695039,169.5625,1.36196956430153,15.686233997345,25.6388601064682,2239.375,512
"210",-63.875,-18.625,1085.56866222762,0.0566502343392785,3.41938972473145,4.38529207981968,77.2179579734799,169.1875,1.38185914048188,16.8769375085831,18.6440854072572,686.000000000002,335
"211",-64.875,-1.375,996.790369303835,0.0126121327732055,0.0210055373609066,0.0195977204779814,22.6747654676437,158.0625,0.000430339239521187,10.3384702205658,26.4434802532196,2707.5,369
"212",-68.375,-17.625,136.372849057428,0.0158350480109739,3.6486382484436,3.70251817970852,102.516202926636,171.125,0.378279456689926,24.6104220151901,8.55145278573034,384.937499999999,102
"213",-68.375,-17.875,138.702708349665,0.0133930017337296,2.49382996559143,4.14621133130211,108.583957672119,170.5625,0.398669118270634,24.918202996254,7.12486475706095,365.625,95
"214",-68.375,-19.625,130.569229618647,0.0197842659636329,0.501838862895966,2.14249630528969,151.63351726532,172.25,0.74552651800406,24.9201556444168,7.06269392371178,133.125,83
"215",-68.625,-20.875,35.3598623375439,0.0134122799497028,0.504239320755005,4.29035290109124,167.076565742493,174.75,0.732521015854713,25.2064217329025,3.89240370690821,76.2500000000002,70
"216",-68.875,-10.375,1008.24707874609,0.0134383752000455,0.256921887397766,4.17847865754001,60.7931530475617,166.1875,0.075778074833139,14.7377347946167,24.7732262611389,1724.3125,496
"217",-68.875,-15.375,472.191499275733,0.0732067865512109,15.188328742981,6.73779428020565,76.4158649444581,166.4375,0.59053579669317,18.4061247110367,10.0941997170449,934.812499999999,277
"218",-68.875,-18.375,90.2282706552075,0.0277669121989796,0.874899685382843,3.45686106463545,132.076787948609,171.3125,1.08522563397851,24.8221567869186,5.56248584389691,315.749999999998,100
"219",-69.125,-32.875,254.088216380891,0.0370707590306356,21.3836574554443,7.8312411545318,21.0638388395312,176.3125,0.766575866314085,26.9171102046967,8.66863349080096,244.750000000002,108
"220",-69.125,-33.125,391.423088874863,0.0399718983386688,19.5438117980957,7.65605805140579,25.2894726991658,176.9375,0.804618915670934,29.6457805633546,12.270832180977,273.6875,113
"221",-69.125,-34.375,171.159368321632,0.0123645761888436,3.0639762878418,4.04246100713158,24.5114763975139,178.5625,0.747237812153567,30.3016716241837,10.1884694695473,388.249999999999,112
"222",-69.375,-12.875,1058.6067497406,0.0203519078170252,2.28792929649353,2.84377520235479,54.1727087497711,165.25,0.19551367625336,14.1080938577652,25.1563177108765,2657.8125,559
"223",-69.375,-33.125,239.587620531659,0.0697277115721692,12.6547937393188,6.41508278563842,41.3721953630438,178.375,1.2033717906762,24.2422183752062,2.84650396555696,341.374999999997,98
"224",-69.625,-17.125,174.189254876202,0.0293503336476911,3.35277199745178,5.83148902818659,116.529650211334,173.8125,0.734758371696079,23.2307809591293,5.47053101658828,444.562499999998,103
"225",-69.625,-17.375,115.868631394052,0.0276489804812533,3.15480494499207,5.19836240282642,120.043067932129,173.9375,0.793651892230793,23.441109418869,5.54591584205635,362.249999999998,103
"226",-69.625,-33.125,12.913823799136,0.0508849820435129,18.7365665435791,5.28537497320533,67.4195287227626,179.625,0.403552308731239,20.8243435621261,-4.72218032926324,417.9375,90
"227",-69.625,-34.125,33.4742342772527,0.0357468433260931,2.46670174598694,2.12633003083746,71.2764906883239,181,0.619451749539865,23.3799531459808,-1.88556054979563,491.375,91
"228",-69.875,-11.375,1056.17968599737,0.0116888741236092,1.45513260364532,1.35802591888561,55.3760910034179,166,0.0260013473102189,15.93060952425,24.529888510704,1865.9375,511
"229",-69.875,-16.625,216.468425578734,0.0388900736835088,3.6436550617218,5.32045819822559,109.925111293793,174.3125,0.462687000267618,22.1957654953003,5.18909120559698,612.374999999998,104
"230",-69.875,-17.375,89.044302902255,0.0308617743579484,3.89136290550232,4.60698197029327,123.835359573364,174.75,0.991176847658353,22.8075001239776,3.5433163642883,367.874999999999,113
"231",-7.125,38.125,722.947513850201,0.0250175992607839,11.0412569046021,7.23980664097917,60.461567401886,75.25,1.23905452689784,28.0216407775879,16.185482263565,560.500000000001,94
"232",-7.125,41.875,824.03570673099,0.0293125452484377,14.3362865447998,7.73549625270044,49.6761100292206,65.1875,1.12941271697556,25.2506254911423,11.6776585578919,1209.62499999999,75
"233",-7.375,40.125,823.362251615154,0.0230715532597928,36.3396911621094,14.3313669933382,57.9981172084808,69.4375,1.56468727453651,25.4728283882142,14.7335671782494,957.93749999999,77
"234",-7.375,40.625,790.066685946161,0.0252921679717269,62.2743644714355,12.1194986864739,56.8426635265349,68.25,1.2151940403546,23.5104225873947,12.6815672516823,1225.06249999999,70
"235",-7.375,41.375,693.340161447663,0.0261829846822134,31.1380386352539,10.0165074320957,54.2613027095795,65.75,0.985445256487614,22.6781256198883,13.0338979959488,1237.5,70
"236",-7.625,40.125,904.929064957468,0.0243598834495507,49.0699577331543,9.89915213304483,58.2150874137879,69.3125,1.37723032250574,24.561593413353,13.6230074763298,1166.68749999999,71
"237",-7.625,40.375,835.987459221082,0.0303458826303157,81.2165222167969,13.2198145467395,57.320059299469,68.75,1.45581045210664,23.1054210662842,11.4631030559539,1451.875,68
"238",-7.875,37.125,794.794702597062,0.0487834609260159,180.232681274414,20.8399828995425,72.8711471557617,76.4375,1.6937770286969,23.7569079399109,16.8204834461213,557.812499999997,104
"239",-7.875,38.125,772.625712631734,0.0288564171810704,59.8988151550293,14.875767001573,61.869461774826,74,0.491742449998232,26.7655795812607,16.4613424539566,567.249999999999,86
"240",-70.125,-38.625,209.36408336274,0.0180881522919525,1.17029988765717,3.83686208000811,49.3524198532102,185,0.963623292949527,29.1598755121231,11.083108663559,221.374999999998,101
"241",-70.375,-12.875,946.497799916559,0.0477754200960217,1.74792790412903,2.73635191202742,45.2910094261169,164.4375,0.552453389835789,13.1386567354202,24.6697461605072,4539.37500000001,575
"242",-70.375,-29.375,44.9231606635186,0.0203321949778997,1.90315246582031,2.64452808589133,61.7002890110012,183,0.700318670365031,18.3008589744568,3.19137566909193,97.3125,79
"243",-70.625,-32.875,371.432412688387,0.0643437488092505,67.3021697998047,11.0352689807887,100.35937166214,185.9375,1.51077425935176,25.7779216766357,13.9887060523032,398.937500000003,101
"244",-70.625,-33.375,376.161046272016,0.0619619782140674,3699.46923828125,26.7332096558703,99.8216047286984,186.5,1.35643157704646,26.3659226894379,14.6205746531487,428.937500000004,101
"245",-70.625,-36.625,270.13179742249,0.0432257432651272,1.18941116333008,2.5942586736666,74.7710189819335,184.5,0.90626292194341,26.9743279218674,5.33226805925367,715.812499999997,86
"246",-70.625,-41.125,271.705259052192,0.0104187981062339,0.571154534816742,4.71467775305693,61.5915799140933,187.1875,0.557644804269987,26.4774067401886,7.70335540175434,489.749999999997,104
"247",-70.875,-27.875,37.5144568184382,0.00889386566408465,6.55541849136353,5.51980417403977,109.559262275696,171.9375,0.268721915432608,17.9135942459107,15.2440873980522,39.1874999999997,74
"248",-70.875,-30.375,126.882544325217,0.0170678595583745,3.49810385704041,9.07877035396061,116.029133319855,182.6875,0.602372309756706,19.5772812366486,12.170135140419,98.8750000000005,94
"249",-70.875,-31.125,161.01076017089,0.0357139608100886,6.25302743911743,8.08461814892181,110.686094284057,183.8125,1.02029774402309,20.247062087059,9.76490113139139,181.000000000001,98
"250",-70.875,-34.375,671.834618926855,0.0311510488111544,71.332763671875,12.9595701803859,108.284596920013,184.875,1.75105866239444,25.5942817926407,15.7993718385696,676.125000000003,109
"251",-70.875,-34.625,691.894081017131,0.0450048403920863,38.5134925842285,10.1423177393682,101.806238174438,184.625,2.02038285378546,25.4226092100143,13.402349948883,797.812500000001,105
"252",-70.875,44.625,580.483353991355,0.0365219966944832,0.957035839557648,3.56607217855353,14.9655254483223,70.8125,0.81332333131619,40.7676587104797,4.29116719961168,1099.375,147
"253",-71.125,-36.125,615.69597323455,0.114890445196998,35.5290107727051,5.96927464241095,85.4704160690306,183.3125,1.39872872501976,25.177328824997,6.70758837461457,950.437499999994,99
"254",-71.375,45.625,554.375748581115,0.0244585607662705,6.83045339584351,6.79296084496193,16.3962941765785,68,1.15279005741426,40.6882014274597,4.14663219451903,1210.875,136
"255",-71.625,-36.375,816.479552613665,0.0443275248628248,20.2216758728027,8.39301081449507,86.2670378684997,182.6875,1.82011279597861,25.3627340793609,12.2616986632346,1277.00000000001,111
"256",-71.625,-43.625,716.276998627543,0.0710015265393989,0.951322674751282,2.35814554418785,45.7546904087067,187,1.55300628907757,21.4305464029312,6.58996868133519,1003.68749999998,102
"257",-71.625,45.625,553.305515882592,0.0183783912513335,6.12462663650513,8.45009852994572,17.9978107213973,67.5,1.34971412687339,40.935827255249,4.37937691807747,1184.4375,138
"258",-71.875,-11.375,1060.0238257744,0.0124218333238075,1.05844223499298,1.06763732556034,50.7358522415161,159.9375,0.000214535536765501,13.6513594388962,24.6565012931824,2116.1875,511
"259",-71.875,-35.375,712.946245709948,0.0298687795305595,15.1090974807739,9.41585075654216,103.347589015961,178.5,1.57159114775175,23.5585936307908,13.3686131834984,841.062500000001,112
"260",-71.875,-39.125,835.078961844115,0.0795362154206688,15.0965480804443,6.70198767835432,62.4463670253753,188.25,1.49906574209991,22.0651413202286,9.10847848653799,1991.3125,98
"261",-71.875,-39.375,782.224753163795,0.100352896138166,16.9321804046631,6.11649667720958,62.5093195438385,187.9375,1.84998865346412,22.2492656707764,7.50675955414762,1832.12499999998,95
"262",-71.875,-46.875,286.160179674069,0.0590197260777701,0.503093957901001,1.39427073127661,28.7729378938671,187.5625,0.792060212529376,21.508749961853,2.97199732065193,411.374999999999,104
"263",-72.125,-37.625,795.742349770402,0.0268469519223441,29.322660446167,9.97506658252971,75.0085344314574,185.1875,1.69921991467616,23.7009840011597,12.5796393156051,1358.50000000001,113
"264",-72.125,4.625,903.20384153927,0.0481538756477672,2.85555195808411,7.84945767766483,62.8018198013305,147.25,0.5565918189974,14.0319987535477,26.7671458721161,2723.31249999999,332
"265",-72.375,-42.625,651.413740735842,0.0844804669605931,1.51675891876221,0.637638570227138,44.487135887146,182,1.64675678302474,18.4443373680115,7.27249908447256,1827.74999999999,97
"266",-72.375,10.625,1182.94381511338,0.0509325583942996,25.8914680480957,9.98498612622481,64.3976128101349,131.8125,1.35986594281095,11.6921100616455,25.9042043685914,1180.25,385
"267",-72.375,10.875,1274.47952063195,0.0678818968145107,50.2961540222168,10.0722585663788,63.7900459766388,132,1.36032294313022,11.5242027044296,25.4638893604279,1105.25,379
"268",-72.375,4.625,922.270683924122,0.0448210602899712,2.88825249671936,7.05556178961067,61.9130437374115,146.8125,0.33967511655866,13.9005150794983,26.7487301826477,2828.6875,347
"269",-72.625,-13.875,491.855317217123,0.030855880153559,11.5047817230225,7.33312439599193,88.5793356895449,170.5625,0.0983384352600553,20.7177817821503,7.58183327317245,954.874999999999,157
"270",-72.625,44.375,596.1514989936,0.0143704394337754,33.7588996887207,9.79749964969196,18.4016513824462,69.5625,0.903314128797291,39.9537653923035,5.19761410355568,1142.125,155
"271",-72.875,-13.875,572.431271879102,0.035632811309252,7.46374654769897,6.72321827589552,85.3326411247255,171.125,0.249740383937024,19.676218867302,10.2828701436517,1000.0625,159
"272",-72.875,-38.375,673.928310326328,0.0288553990912211,20.0825099945068,7.32982297057855,69.6229524612426,186.5625,1.40153012595647,20.9582494497299,11.7742838263512,1024.5,114
"273",-72.875,-39.375,721.792173988204,0.022819495646624,19.0665168762207,6.67773709678209,63.2843520641328,186.1875,0.769624525734244,19.0437959432602,10.9518684148789,2040.12500000001,110
"274",-73.125,42.125,678.602865568246,0.0162298942139157,10.0934343338013,9.68976053305306,7.63014307618136,74.25,0.519224754030761,37.6297976970672,7.18035027384757,1220.75,165
"275",-73.625,4.375,731.001279476251,0.0630681119970287,30.2587280273438,9.03712178675896,46.0094153881075,140.5,1.32457263878512,10.9321874976158,16.8977851867679,2408.31250000005,528
"276",-73.875,11.125,1146.7676897148,0.11324699027617,156.091674804688,8.57593795847044,70.0043201446532,136.1875,0.496284311367361,11.3663102984429,22.3065791130064,1375.56250000001,459
"277",-73.875,4.625,581.111284783126,0.0963806310490026,51.7344627380371,14.1637892955701,43.6689414978031,139.1875,1.24513919896503,11.5458283424377,12.059861600399,1606.81250000001,414
"278",-73.875,40.875,603.767577291187,0.0903912189972898,7901.21923828125,39.8061032255852,9.98444306850435,76.1875,0.839747354015526,34.5180346965789,11.6144033074379,1179.3125,191
"279",-73.875,42.125,731.943152152156,0.0359982817501146,80.7774124145508,19.2305528733296,13.0381972193718,74,1.41826974960516,38.4533281326294,9.21242779493331,1044.75,166
"280",-74.125,40.375,710.248642215482,0.0813059117117024,641.776000976562,36.3198705920968,10.5362164974212,76.75,1.47040781023065,33.8293168544769,11.7066647410393,1201.8125,183
"281",-74.125,40.625,533.639912134649,0.0872635944170167,4338.3525390625,38.470783558285,10.831485569477,76.75,0.817875710783249,34.4961383342742,11.8861917257309,1223.5,186
"282",-74.375,40.125,817.705271157077,0.0394257161151113,207.526062011719,25.4802163731145,10.285821557045,77.0625,1.64144661997998,34.5963141918182,11.521275639534,1168.0625,181
"283",-74.625,39.875,881.085035969385,0.0242292176028969,88.1571502685547,17.7051582840272,11.7493795156479,77.5625,1.84479842996348,34.7470936775207,11.7794470787048,1155.5625,180
"284",-75.125,-11.875,477.99214311456,0.0496352023319621,227.039627075195,10.1616033923983,63.902275085449,162.5625,0.502104300108981,17.0014374256134,8.10962709784493,964.375000000005,304
"285",-75.375,-10.125,945.953252609889,0.0501671036713146,2.8600754737854,1.7102616008941,42.75621509552,157.0625,0.728951273453366,13.4564065337181,23.4468041658402,2004.50000000001,525
"286",-75.375,44.375,632.152849032313,0.0207010054679167,20.2019538879395,7.84620146186993,19.6542139053344,68,1.29522081683434,40.924548625946,6.3809425830841,958.750000000002,163
"287",-75.375,44.625,604.323898537901,0.0310107131630088,35.2737426757812,12.6766212269619,18.7419613599778,68,1.48512956016737,41.1544382572174,6.48339772224426,908.125000000001,162
"288",-75.375,44.875,552.216693162252,0.0315034448350098,21.2274017333984,12.7212503287857,14.6264821290971,67.75,1.5620812923846,41.6762509346008,6.21726697683335,936.4375,161
"289",-75.625,-6.625,984.151824425077,0.0287710286160648,4.22378540039062,3.58677914177357,30.8864948749543,160.75,0.0649185318722662,12.6073276996613,26.4853483438492,2046.875,556
"290",-75.625,44.375,626.675181100461,0.0401699197911912,7.12318706512451,7.29720093073524,18.2253503799439,68,1.52270165319808,40.2959206104279,6.65717509388923,947.187500000001,164
"291",-75.625,44.625,608.789331562472,0.0378396847850938,83.296516418457,17.3417664680433,16.8678271174431,68,1.5944924090027,40.3448278903961,6.52745515108109,910.624999999999,163
"292",-75.875,-5.375,946.323888606504,0.0284514436633137,1.88402426242828,2.29696961103479,25.530199289322,157.75,0.247822657261311,11.7006410360336,27.0389865636826,2217.8125,526
"293",-75.875,-8.125,925.170074432408,0.0422930836572171,1.54884779453278,1.02862800465251,32.8551812171936,157.5,0.0058225662884915,13.5296722054481,23.5808165073395,2318.56250000001,479
"294",-75.875,-8.375,901.669955415652,0.0403402861130167,2.89455461502075,1.48741360560594,34.3567969799042,156.8125,0.0110279755867373,13.6938280463218,22.7302676439286,2300.37500000003,473
"295",-75.875,0.625,938.63261616426,0.0139390134411676,7.0657057762146,3.57318531278763,27.8018357753754,152.25,0.16012299955211,10.8625785112381,25.1533203125,3626.12499999999,504
"296",-75.875,40.625,738.712008742175,0.0234252591068432,55.0561904907227,18.008131315173,13.4414940476417,76.25,1.65127052998768,36.1357035636902,9.96323066949845,1169.75,182
"297",-75.875,44.625,607.408984108852,0.0414445563747901,19.1092967987061,11.2204162917288,15.5807941555977,68,1.42017258106349,40.1325793266296,6.40394926071168,938.1875,164
"298",-76.125,0.625,936.399209147632,0.0132015413046792,11.6266145706177,4.27189262107182,25.2831268310547,150.25,0.0587509119388476,10.6800787448883,25.0149940252304,3819.625,508
"299",-76.125,40.625,731.334195834321,0.0237899793762383,103.242225646973,21.7297679476764,14.3705044984817,76.25,1.53356003687694,35.681624174118,9.8043677210808,1162.5,177
"300",-76.375,-1.875,873.141953819735,0.0119423427735864,0.0960452184081078,0.79535861819477,18.1902596950531,151.75,0.0010467426267113,11.1609847545624,25.4052301645279,3376.5625,484
"301",-76.375,-5.375,990.903550001365,0.0183737890089164,0.924914717674255,1.08958419053577,22.3328304290772,155.6875,0.0255557788210704,11.6956095695496,26.6836013793945,2178.75,508
"302",-76.625,-5.375,1016.31781765909,0.0264836188747906,1.71816253662109,1.30934870810652,21.3627910614015,154.5625,0.0556732420838382,11.6956715583801,26.5309815406799,2125,514
"303",-76.625,0.625,892.630355364197,0.0204752663928347,16.9055328369141,8.01864728122131,20.9617527723313,145.6875,0.858774534923254,10.7901240587235,24.8770419359207,3609.0625,547
"304",-76.625,42.375,673.349515731035,0.033261769356806,44.2559967041016,13.7766917161557,19.5487195253372,70.75,1.44247423772306,36.5258288383484,7.74175196886063,930.625000000001,167
"305",-76.875,0.625,876.986340578466,0.0380169432393747,18.4710712432861,7.80327596888021,19.0115060806274,142.75,0.907299956355657,10.3971246480942,24.1998760700226,3522.62499999999,607
"306",-77.125,-6.625,892.993588805901,0.0444531011850329,2.00009346008301,1.65883445133981,31.5568213462828,153.25,0.0458362293626523,13.0995783805847,19.2707890272141,1125.3125,539
"307",-77.375,-2.875,956.969289488929,0.016385667914571,1.08885669708252,1.55258519624607,14.512647151947,148.3125,0.00295916260727635,11.2056874036789,25.7794417142868,2762.5625,476
"308",-77.375,-3.125,968.796641812652,0.0183230154987807,0.284001439809799,0.5399541973542,14.3936274647713,148.9375,0.000994667431257581,11.2097183465958,26.0741156339645,2597,468
"309",-77.375,-7.625,625.553472709149,0.0916386781264288,0.952628195285797,2.18187545355615,53.2655856609344,155.6875,0.92375462753889,14.1061561703682,13.1543330550194,1148.625,364
"310",-77.625,-2.875,948.59714586207,0.020109703646548,2.72744584083557,3.41946325023368,16.0278787016868,146.4375,0.0483962107056085,11.2840940952301,25.6607954502106,2706,454
"311",-77.625,-3.125,959.722437491627,0.0193123785436672,0.284001469612122,1.36303564608145,15.8764883875846,147.3125,0.00321851676152012,11.2411403656006,25.9554527997971,2556.375,452
"312",-77.625,-5.875,670.941147007028,0.0767768756540693,9.53521156311035,4.61232663875701,24.0906469821931,146.875,0.637030815429626,12.4767037034035,15.4886131882666,1214.375,583
"313",-77.875,-0.625,534.714911674478,0.0859504290732814,2.1585373878479,4.97492224918795,25.826791882515,135.5,0.513243720774077,11.335671544075,14.8003280758859,2245.93750000003,624
"314",-77.875,-1.875,797.708110040997,0.026267075331505,6.70627164840698,3.59766908934431,13.5220906734467,141.9375,0.290845796427067,10.9123760461807,21.9058336019516,3769.31249999999,595
"315",-77.875,0.125,474.17426905625,0.0753192667448981,5.94944190979004,3.7671678057743,17.1954100728035,132.3125,1.07661954898365,10.9160939455032,9.78767445683486,1160.50000000001,337
"316",-77.875,0.625,514.296486771339,0.102261763617953,76.1763687133789,10.6461677163836,28.0684925317765,130.6875,1.20246173694725,11.0771881937981,10.2829029262067,1098.5,280
"317",-78.125,-4.125,906.668596443879,0.0382689317082002,1.44868183135986,1.17658127612463,16.8295757770538,146.5,0.0169837799258692,11.6645934581757,22.9514731168747,2009.50000000001,391
"318",-78.375,0.375,618.614627741218,0.081771050302041,52.306339263916,8.63420259997829,41.004299879074,127.8125,1.54575003660596,11.4389531612397,11.7279777526856,973.562499999997,430
"319",-78.625,-1.125,445.904047374435,0.0795017670757074,242.230270385742,15.2383496857709,23.3970663547514,132.5,1.23313311765871,13.3666710853577,11.3460471034053,667.687499999992,231
"320",-78.625,-1.375,487.138984706209,0.0890188667575393,329.23779296875,13.6653040756598,22.4641125202178,133.3125,1.12978045788619,12.8760786056519,10.2099318504335,762.000000000004,227
"321",-78.875,-3.875,850.447752656716,0.0549992611673068,16.7373237609863,5.45302055336279,21.7553917169569,141.3125,0.618096581917809,11.8431095480919,20.3166012763978,1328.56250000001,528
"322",-78.875,-4.875,834.84205767175,0.0547252943529953,10.0122089385986,4.02238097683097,26.2950547933578,144.0625,0.221157151238811,12.23139077425,18.3632344007493,1361.9375,415
"323",-78.875,-5.875,800.537813325504,0.0740794681641514,71.1364898681641,8.81082843124941,40.5303084850316,147.4375,0.879963598484452,13.233281493187,19.6413531303407,766.562499999987,257
"324",-79.375,-0.125,649.49230083353,0.0273874889176676,96.4669189453125,13.1190745289585,87.1831989288328,121.125,0.728170054593242,10.1483588218689,24.0962007045746,2708.125,314
"325",-8.875,39.375,873.69755343979,0.0331450934182112,77.3715286254883,20.4698600625558,59.7456195354462,70.6875,1.51670279433597,19.7816092967989,15.5588413476945,739.374999999998,84
"326",-80.625,43.125,546.143338474923,0.0171614642870753,55.7835311889648,18.9837151146154,14.5461195111275,68.25,0.45710067960541,36.2519228458405,7.37544023990632,962.249999999999,175
"327",-81.875,27.875,1073.68195452884,0.042543664742417,144.722152709961,24.5235004202465,55.5995969772339,91.8125,1.05736323224485,23.6614215373993,22.4190397262573,1275.1875,158
"328",-81.875,28.125,1120.33612921601,0.0432787375209567,261.312896728516,22.683640075698,52.828234910965,91.4375,1.48682798576379,24.0736403465271,22.2463667392731,1259.6875,157
"329",-82.125,27.875,1096.40968949131,0.0359785792291909,153.231414794922,23.5084739209166,56.3457939624787,91.9375,0.880463603762997,23.4946415424347,22.398833990097,1282.1875,162
"330",-82.125,28.125,1153.09782398161,0.0296922802081325,142.268447875977,24.0872316039307,53.0199434757233,91.8125,1.00492198835617,23.8964523077011,22.1576538085938,1283.75,161
"331",-86.375,41.875,689.025472763678,0.0569821871972023,81.1211776733398,20.3875665505277,20.2899889945984,70.75,1.44574623434661,36.8319380283356,9.65779376029968,977.875,184
"332",-87.875,43.375,638.850673780551,0.105885371085262,163.825164794922,31.3806330258129,34.2526633739471,69,1.5327412045558,36.95037484169,7.87275847792627,793.6875,175
"333",-89.875,38.625,747.548717090245,0.0238576257906575,259.862182617188,26.9248367096269,19.1560211181641,75.5,0.842320046833251,38.0960326194763,12.6446672677994,968.3125,188
"334",-94.125,48.875,560.727161916447,0.0369324238397358,0.443365454673767,2.63883887946056,55.5178611278533,65.8125,1.12337549387938,47.4961726665497,2.75516276061535,673.750000000002,158
"335",-95.625,47.875,545.86873907481,0.0259521819272974,1.03856635093689,2.96180430013044,64.822479724884,66.1875,1.17999020100602,48.5892522335053,3.69028522074222,582.875000000001,178
"336",-96.875,19.375,1067.33683532495,0.0433332142584976,219.922027587891,12.6711709888325,75.9473519325259,107.75,1.38215314959411,17.6480152606964,20.7315175533295,1380,286
"337",-97.625,40.875,717.532069409415,0.00858877862559067,17.9634017944336,10.2569545636733,52.8324031829834,76.9375,0.0223774857313723,41.91295337677,10.2893935441971,725.750000000001,179
"338",-98.625,19.125,845.241948127298,0.0531852280521262,47.073169708252,12.6519319782538,89.3371467590331,115.75,1.88305184437563,19.1075937747954,11.2183449864386,1077.50000000001,171
"339",-98.875,18.875,885.774093437677,0.0407752962581924,429.368438720703,22.5452948755489,104.019091129303,116.0625,1.0486458428108,22.8892649412155,20.3873606920242,934.4375,194
"340",-98.875,19.125,757.616475690709,0.0627166685718647,462.993865966797,24.0928865733966,94.5433459281922,116.1875,1.43697538649075,21.7998603582381,14.5016302466392,915.125000000012,187
"341",-99.125,18.875,995.525553760586,0.0342292404930654,1029.2451171875,24.9140642772731,107.832430839539,116.1875,1.67771787913181,22.4612807035447,21.7292733192445,982.187499999993,204
"342",-99.125,19.125,882.018331308154,0.0624318117950773,564.272583007812,24.9666387478513,96.3560943603516,116.5625,1.99446362593012,19.9540628194808,13.2833761572837,1100.93750000001,197
"343",0.125,41.875,825.857725211566,0.0426102573445356,36.426155090332,15.5826401768478,28.7247140407563,65.25,0.453620683991096,30.2219064235688,14.9242066144943,453.375,88
"344",0.375,46.125,694.883393433219,0.0343407183546712,25.591760635376,14.077280333737,19.5983381271361,59.5,0.762061128279657,23.5208276510239,11.6783208847046,825.6875,59
"345",0.375,48.375,613.088137874673,0.0362443022690904,37.3439445495605,16.0345014178808,14.3355662226676,52.75,0.980608848413472,22.0230317115784,10.523930311203,691.874999999999,57
"346",0.625,48.875,577.111690433919,0.0247946375838293,43.1463813781738,13.6840811306853,15.1258189678191,51.75,0.992311523298416,21.1076711416245,9.98831444978714,728.312499999997,56
"347",0.625,51.375,495.481196065137,0.0636797143827075,880.457153320312,33.9981602311817,18.7297568321229,47.8125,1.77491181754672,20.2965044975281,10.1740446686745,609.437500000001,65
"348",1.125,42.875,806.261338181516,0.0895780345031251,23.7463073730469,7.98282222397512,14.1489984989167,68.5,1.52197623142946,25.3206251859665,8.51146870851514,1138,73
"349",10.875,52.375,559.71331341428,0.0257652642032464,270.440093994141,19.4000074477473,17.1517342329026,50.75,1.35919865036305,24.6896568536759,8.7685894370079,604.5625,60
"350",11.625,51.375,524.293097925887,0.0235391541876238,100.919471740723,19.4019070574496,28.4350887537004,52.75,0.612112543968082,25.920485496521,8.87464356422427,557.187499999998,63
"351",11.875,51.375,514.006635761257,0.0265147450369607,412.126647949219,25.2965242706688,30.5891972780228,52.8125,0.895262089214468,26.1062971353531,9.32847422361375,522.875,61
"352",11.875,51.625,514.598640589126,0.023940942453513,258.133239746094,23.7396244310059,27.4542186260223,52.4375,0.507503954120311,25.858344078064,9.08767431974411,534.062500000001,63
"353",12.125,51.375,507.107442379956,0.0327965439719546,327.819732666016,29.2965269950269,27.9430885314939,52.9375,0.740446197177198,26.2327654361725,9.37207227945327,504.187500000001,64
"354",12.125,51.625,502.336784965501,0.0296112325674431,177.324951171875,26.1431012554507,24.7584549188611,52.8125,0.670058293668943,26.3386868238449,9.16895508766175,531.874999999999,64
"355",13.375,54.125,503.952066448626,0.035973675402224,218.315963745117,18.3108715248842,19.9018193483352,48.4375,1.38283418788126,23.8660156726837,8.21491414308548,590.437499999998,67
"356",13.375,55.625,485.340934889124,0.0344665280539042,93.5915145874023,20.5640708450921,21.2415362596512,47,1.01857834109459,23.2358598709107,7.74236336350439,690.437500000003,57
"357",13.625,50.625,523.247988324361,0.0437363421162933,249.027816772461,23.633595331229,25.6179269552234,54.25,2.02214563494748,26.1136097908021,7.68364584445961,776.31249999999,62
"358",13.625,52.375,550.6355445345,0.0415520333219031,1686.35900878906,27.9010397344955,22.8366758823396,51,1.83211270838663,26.1130777597427,9.06675094366073,549.937500000001,62
"359",13.625,55.625,493.977188993399,0.0334311567450076,45.3183746337891,15.670308383695,20.9049886465072,47,1.32477564649939,23.4724215269089,7.46766468882561,707.437499999999,55
"360",13.875,41.125,796.373501431789,0.0557454396127833,194.478790283203,28.6691280734066,46.3612895011903,69.4375,1.56262794187545,25.7005858421326,14.9377645850182,903.499999999998,74
"361",13.875,48.875,542.686578828046,0.0358205863721233,23.7570533752441,7.92601851175541,18.9136480093002,57.9375,1.44381293312296,25.6921571493149,5.92126512527467,1136.875,63
"362",13.875,51.375,593.635340275173,0.0309795750933545,90.4401321411133,19.3032844153723,25.4308604001999,52.75,1.87301927990473,25.9788596630096,9.14741599559783,635.500000000002,62
"363",14.125,40.875,598.996333350306,0.0789859034377819,3226.9501953125,36.1517607487341,49.1445586681364,69.9375,1.361884270932,25.0001405477524,15.6356616020203,923.375000000003,76
"364",14.125,41.125,772.063268463612,0.0674569577096512,246.713088989258,28.4632153200019,45.134738922119,69.8125,1.23087317660227,26.1040314435959,15.0593593716622,893,76
"365",14.625,49.125,564.716738184024,0.0184404530559366,58.5958786010742,16.2969761299811,33.1744056940081,58.0625,1.76277609344521,27.9542661905289,8.08426028490067,654.562499999997,62
"366",14.875,49.375,581.335205705547,0.0127733898700657,38.6041526794434,13.5441985223732,37.856508731842,57.5,1.46042596466983,27.5798283815384,7.59442839026449,613.687500000001,62
"367",15.375,59.125,500.957667501759,0.0544413484987033,31.8922824859619,12.7089064632232,27.0891723632812,45.75,1.76009946853336,28.1647036075592,5.98705008625984,650.8125,52
"368",15.625,50.625,537.907773269608,0.0259088505944216,92.0403671264648,19.9753124275769,38.2214002609254,53.6875,1.9043203664207,26.6196250915528,6.07914331555368,621.6875,61
"369",15.625,50.875,569.860469291654,0.0274885211857948,193.681365966797,17.4852224618701,35.7415614128114,53.1875,2.01062981848215,26.724624991417,6.36645394563672,628.625000000001,66
"370",16.375,48.125,570.862442610135,0.0628939412341875,1981.17309570312,31.8745595970765,29.9798648357391,60.5,1.3857365029976,28.8112962245942,10.0269070267678,579.999999999999,69
"371",16.375,50.125,575.877377464772,0.0197101123113856,92.5698318481445,19.6658699836915,47.669457912445,55.25,1.58741140839311,27.0379383563995,7.00566163659093,580.062500000001,65
"372",17.125,49.625,583.769173413775,0.022755695349413,190.212203979492,23.9529101305569,45.883475780487,56.25,0.896377744869831,28.273047208786,8.38068619370462,565.812500000002,66
"373",18.375,57.125,477.451630013981,0.0312505659859302,13.3497514724731,10.5489346176771,22.6454269886017,44.1875,1.68716223286958,24.4931279420853,6.95482802391052,551.687500000001,48
"374",18.875,68.375,292.182963589525,NA,2.88132977485657,3.05716393786274,33.2887699604034,45,1.42242481430624,31.4073907136917,-1.65545244887476,479.875000000003,21
"375",19.125,47.625,615.651948749414,0.0562632351680401,1575.44567871094,28.9940239550268,24.1294530630113,62.25,1.59713316167119,29.9399530887604,10.7422450780868,534.6875,65
"376",19.125,52.625,547.965287538169,0.0201579884926075,207.754592895508,18.934078418119,38.3881039619446,49.25,1.63117371028118,28.974312543869,8.22030410170555,527.25,64
"377",19.125,68.375,291.680688372831,NA,2.82180023193359,2.51205486902481,34.34947514534,45,1.33575086130428,31.9877191781998,-1.93149544298652,502.125000000004,21
"378",19.375,43.875,721.995414335132,0.0341298725422952,18.6644687652588,9.61305463165176,15.7264468669892,67,1.37340250437334,27.2014220952988,8.01224675774575,1021.5,62
"379",19.625,43.875,716.821509749451,0.036790718830971,56.5757141113281,11.2282904865098,17.5932694673539,67,1.59506967472724,28.1442959308624,8.57416018843648,960.062499999998,64
"380",2.375,48.625,560.533504068796,0.0619997070759037,1703.33581542969,35.3804536768903,8.46105456352229,53.25,1.41549650292304,23.5229371786118,11.0209567546844,626.3125,60
"381",2.375,48.875,436.264796914161,0.0822934349279837,10034.7421875,40.0229205761964,10.0723665952682,52.75,0.359723146891397,23.0985788106919,11.4561131596565,637.75,60
"382",2.375,49.625,487.542794398804,0.0179445182708428,55.0806922912598,19.6408677743493,11.2546344399452,51.25,0.110664778133161,22.5916723012924,9.99387562274933,677.062499999999,54
"383",2.875,47.375,602.329412266338,0.0408852321006706,59.7726821899414,17.4794731895597,10.9202644824982,55.75,1.01648055196055,25.2042808532715,10.5785954594612,732.1875,67
"384",2.875,48.875,588.11963423744,0.0295579763469753,282.811004638672,29.0657129516242,8.96796971559525,52.75,1.29662300622129,23.4652335643768,10.419033229351,633.6875,56
"385",20.375,50.125,536.69342216105,0.0320663294467305,127.181198120117,20.3868745880482,41.6440153121949,56.25,1.09002026791734,30.004514336586,8.6213618516922,696.687499999999,59
"386",20.375,50.625,532.430760544482,0.0204485430003049,83.8712692260742,18.8917271434874,37.5087842941284,54.5,1.19611512198454,30.0833591222763,8.0968241095543,637.1875,64
"387",20.375,54.375,551.117183407355,0.0207571836153564,34.414909362793,12.0839465915448,25.2406741380692,47,1.61878800613589,26.3124686479569,7.16198706626891,752.125,64
"388",20.625,44.625,736.530207496215,0.0432655618903372,249.502197265625,24.1373820832792,26.5904996395111,65.4375,1.42547251859777,29.7448287010193,10.9712543487549,677.624999999999,67
"389",20.625,50.625,550.771791909299,0.0187853652263376,82.7481079101562,24.5758312519532,36.6832008361817,54.5,1.52136607826029,29.9870934486389,7.92957285046577,634.9375,63
"390",20.875,44.625,701.901581737615,0.0355413022976684,218.660980224609,23.1715609221248,26.0452558994293,65.25,1.17742333294626,30.3711255788803,11.2538973093033,653.4375,68
"391",20.875,48.625,625.287703570425,0.0354844262021794,53.723762512207,11.2322180053746,41.6120238304138,61.25,1.47067602980004,29.7929685115815,7.96815979480748,625.749999999998,62
"392",21.125,44.875,707.155721507595,0.0339282490759783,29.9858131408691,14.7031324843193,27.2353616952895,65,1.67581821039337,30.326625585556,11.1922655701638,654.9375,63
"393",21.375,49.625,592.572696061373,0.0172300394852156,113.818176269531,14.8075684846174,42.5236799716949,57.5,1.75959722821801,28.8292200565338,7.35913369059562,755.5,59
"394",21.625,48.125,615.494243746536,0.0251587088953675,87.5573501586914,19.9350418849144,31.5735540390014,62,0.967683874391,31.123234629631,9.79571270942689,557.937499999998,59
"395",22.625,44.625,736.061620301611,0.0546433232357878,282.517578125,14.9403146765525,20.0159920454026,68.5625,1.93090626638553,32.5014373064042,11.3293728232384,625.125,81
"396",22.625,51.625,572.645443014338,0.018189103938043,52.4031562805176,16.54789275461,37.1274440288544,53.25,1.17740304870213,30.082845211029,7.80239897966384,505.125000000001,63
"397",22.625,53.375,564.734330656731,0.0249405042581162,23.1371307373047,12.4531551318767,36.2827880382538,49.75,1.73328236130532,28.8901093006134,7.0584746301174,542.937500000001,65
"398",23.125,52.625,558.321642747672,0.0178851296963119,33.2512397766113,12.9059497905826,33.5680563449859,51.25,1.69298215810475,28.8893905878067,7.02637043595313,574.812500000001,63
"399",23.375,43.125,717.976431126728,0.0326191581885386,44.123836517334,10.4459491546982,28.7397588491441,71,1.59795885152023,29.399766087532,8.18879541754726,668.812499999999,74
"400",23.375,46.375,595.94403710871,0.0307187297572777,17.8397769927979,9.52239163253805,42.9704053401948,64.75,1.45888895616881,27.534187078476,6.46142113208775,736.624999999997,65
"401",23.375,46.625,586.632315190228,0.0298588010592897,52.3370208740234,10.9519291516943,42.68713927269,64.25,1.67991621162976,27.9330929517747,6.42908781766898,733.062499999995,66
"402",23.625,46.375,623.913517520813,0.0381993384202098,62.2108001708984,14.388969749078,45.8749825954438,64.75,1.64263996056297,29.6453281641009,7.96204158663762,639.937499999993,62
"403",23.625,46.625,606.561058854303,0.036347516337067,202.108016967773,17.6055432815707,46.2659139633178,64.25,1.73635499589184,30.1571725606919,7.80323627591139,624.874999999997,64
"404",25.625,65.125,420.915492582249,0.0234641298981057,48.822093963623,18.6567287996668,30.4599186182023,44,1.07249743133309,34.7261092662811,1.8157421797514,524.874999999999,55
"405",26.375,44.125,650.27155783411,0.0236057229747755,44.2247581481934,16.1367817129789,27.6092028617858,69.25,0.669515538735568,33.6473739147186,11.1423283219338,555.5625,75
"406",26.625,39.875,937.866587025846,0.0298123005586118,24.9273910522461,9.64201577243211,63.1734895706178,73,1.7120280314601,27.60298371315,13.8407192230224,684.187500000002,95
"407",27.375,42.375,779.606299791639,0.062378279269781,108.595275878906,11.6893777560706,19.0074653625489,70.75,1.84376384467961,29.2207045555114,12.4376677274704,552.5,109
"408",27.875,42.875,768.04865329847,0.0425077616094424,34.7016067504883,13.8276286052772,14.4417610168458,69.6875,1.48067296189525,27.3849192857742,11.7871491312981,521.6875,96
"409",28.125,37.375,947.114143382323,0.0206465108691507,44.9069709777832,11.2015775945868,81.4160504341127,77.8125,1.63381042784297,30.2632821798324,15.807212948799,814.187500000007,110
"410",28.125,45.125,613.442050888293,0.0328803845640881,38.3573760986328,13.0165107015469,27.1396045684814,66.4375,0.678694361269279,33.1856257915496,10.9013202190399,458.687500000001,84
"411",30.375,36.875,695.990900599083,0.0448491274051359,64.4197540283203,10.451946667939,59.7899212837221,75,1.31089456617875,31.9191088676452,12.1253374814988,559.687500000002,120
"412",30.375,37.125,711.738296215261,0.0371254658910303,24.2682304382324,11.1293153887189,58.0572569370271,75,1.45112943917318,32.6107337474823,13.1267499923706,504.125000000002,119
"413",30.625,36.875,720.980010025052,0.0329063966095181,546.846923828125,20.2891441265058,76.4289460182192,75,1.70423051905575,32.5037146806718,17.0286039710046,700.500000000004,123
"414",30.625,37.125,806.092440557712,0.0328822556207974,285.855895996094,12.5601629446203,67.6797122955329,75,1.45570864120643,32.705561876297,15.2413846850397,621.500000000007,124
"415",33.625,39.875,396.606781832867,0.0213289823388205,54.844856262207,14.6102454707104,44.0394394397736,75.5,0.796760680283466,33.3241255283355,10.9386875629425,417.437500000001,98
"416",33.875,67.875,291.786840713088,NA,13.7595300674438,4.59138520093667,36.1118543148041,46,1.49256365931061,34.3955152034759,-1.90129619836808,556.8125,34
"417",33.875,68.125,327.249955318582,NA,18.9403686523438,3.83391628923926,36.8344399929046,46,1.05745683184637,34.7974681854248,-1.573979139328,524.125,31
"418",34.125,67.875,319.544688511098,NA,6.1670880317688,3.06158186423531,36.2864923477172,46,1.43278196642261,34.5992815494537,-1.43490558117625,523.562499999999,33
"419",34.125,68.125,326.652772183569,NA,1.95630013942719,1.25676733355055,36.8076956272126,46,0.981452767809595,34.4539699554444,-1.52589457482098,516.374999999999,30
"420",35.125,38.125,386.43429515041,0.0339974266992977,28.0497531890869,10.8887681491595,49.6897654533387,78.4375,0.717857816443366,34.4326565265655,8.97774335741986,422.125000000004,121
"421",35.375,37.875,465.928217398916,0.0465339815744159,15.272780418396,8.76150831004476,51.8900389671326,78.6875,0.601351571400899,33.3724529743195,7.19405669719013,537.124999999999,113
"422",35.375,38.625,426.916301795421,0.0303799856452494,146.930221557617,13.529586836162,47.7978119850159,77.5625,0.889273575775071,34.9057807922363,7.23941463232021,431.000000000004,112
"423",36.875,55.625,464.928772655188,0.0179476618465172,210.813980102539,24.9860391688836,34.2634239196777,52,1.38513395380691,33.6942639350891,4.59521868824959,639.375,67
"424",39.125,55.875,534.419952695962,0.0193734639346138,147.442245483398,16.3297359225693,34.6834533214569,53,1.12675742886202,38.2303602695465,4.99359184503554,624.187499999999,69
"425",4.375,51.125,506.459581563302,0.0725734490237109,1135.41918945312,33.714829455969,13.3248012065887,50.25,1.59196134144773,22.1237349510193,10.4317633509636,788.3125,60
"426",4.625,43.625,910.554355361366,0.0768509630677333,79.7588653564453,19.8122335197862,39.4408519268035,65.75,1.85198621391856,26.5309681892396,14.9330298304558,697.749999999999,101
"427",4.625,48.375,607.476013908573,0.0377844400148603,22.3436298370361,12.6262584189217,10.0632452964784,55.75,1.2449202339859,25.267921090126,10.4818379282951,768.375000000003,67
"428",40.125,44.125,691.646245671464,0.0451771416800021,20.1956615447998,7.10573739359131,16.7218844890594,69.5,0.721096450336885,29.0326722860337,7.97297659516338,1307,91
"429",40.625,44.125,676.393950959733,0.0447707094955041,18.7400302886963,7.55405439289798,17.8004066944125,69.9375,0.760414161537648,30.7406085729599,8.44380015134812,1095.62499999999,91
"430",43.875,40.375,397.317618376141,0.0403278403110607,39.9205436706543,11.9917165185948,47.197458744049,72.1875,0.292695510407745,38.9369683265685,7.33698698878292,406.812499999999,109
"431",44.125,40.375,426.531106030933,0.0463224362083081,26.9693412780762,11.412735534763,42.1638765335084,73.0625,0.248928636147735,35.6379227638246,4.36621867120289,526.562499999993,120
"432",44.625,40.375,500.302124267175,0.0390231045133513,207.217407226562,17.3150369383634,47.0392100811005,74.25,1.07342119728837,37.2713582515716,6.70639851689324,449.500000000002,119
"433",44.625,40.625,574.422015987494,0.0441923350142343,40.851245880127,14.3460980285642,47.0999562740327,73.25,1.11095719904394,33.5125315189363,3.44577871263037,611.187499999996,99
"434",44.875,41.125,645.72319202856,0.0402318029835389,51.4248275756836,9.81953734223746,51.5142071247102,73.3125,1.38409198314173,32.0727814435959,9.19449555873869,572.312500000001,109
"435",45.125,43.625,460.333982918193,0.0302186690291117,42.8847427368164,14.6452432542578,38.7093534469604,62.25,0.869046004239301,36.3324220180511,10.5716438889504,465.937499999999,86
"436",46.125,38.875,375.192081855761,0.0531124226719312,35.9845504760742,10.069310681222,47.4388480186462,77.1875,0.387790836043842,37.4126715660095,10.7712329030038,337.1875,134
"437",46.125,39.375,557.620320530774,0.0547283389590243,11.4269161224365,11.8770139985956,39.9206466674806,77,0.51196978528281,35.7057971954344,6.09043157100686,515.687500000002,127
"438",46.125,40.125,568.61290989336,0.0381557859439328,24.6955718994141,9.96777638930105,45.6109211444857,76.25,0.982550032615184,34.1446239948272,5.64532688260091,608.1875,119
"439",46.375,39.125,726.985679475501,0.0660841093027481,68.9301223754883,10.2135658137184,45.0644397735596,76.75,1.10071248151866,33.8176722526549,8.50325980782521,474.0625,130
"440",46.625,40.125,720.404624390788,0.0471031310105824,50.2932929992676,9.17954261381813,53.9024755954742,75.5,1.44622387726198,30.1885631084442,9.56107822060601,578.999999999994,115
"441",46.875,50.875,460.713946976758,0.0181002383878219,12.8638715744019,11.3203011435657,22.1454716920853,55,0.728792067373031,49.5420470237732,6.67285487055779,368.6875,70
"442",47.125,50.875,417.169028359803,0.0146835705304071,12.6513147354126,11.7611638159067,22.2819213867187,55,0.68620323048974,49.3628442287444,6.66418415307997,367.6875,68
"443",5.875,52.125,537.554883423482,0.0670507000288681,496.769622802734,23.7667150834384,15.3782817125321,48.5,1.40465490772634,22.738312125206,9.3848021030426,861.937500000001,67
"444",59.875,57.375,489.116335611834,0.0347611656473858,53.5496559143066,11.5764628485277,48.7902252674104,54.1875,0.530488528138941,39.9986567497254,1.21925784274938,564.374999999999,78
"445",6.375,46.625,642.245748427117,0.0796699245541822,79.0353851318359,18.8095785313408,9.50820744037627,60.5,1.92082674124001,24.8455008268357,7.51188153028499,1322.68749999999,66
"446",6.375,52.875,558.482077933527,0.0503158579103799,108.242027282715,15.2839822676551,15.7516567111015,47.75,1.38958547502071,22.1948276758194,9.1808021068573,849.0625,63
"447",6.625,46.625,661.859756296893,0.108885650053344,566.998718261719,22.9097915364439,11.8664446473122,61,1.71801812674986,26.1188126802444,9.26141822338096,1187.25,68
"448",7.125,52.375,541.427021635154,0.0391759187814376,204.570602416992,19.5454988608863,16.3668424487114,48.75,1.42248277229355,22.6888126134873,9.41767185926438,777.749999999999,57
"449",7.375,46.125,428.454842413531,0.113860775320072,93.8534545898438,12.1015992155613,12.7070770263671,62,1.65721489389468,23.1365780830383,1.83500711247311,1201.06249999999,66
"450",7.375,46.875,637.21330344068,0.0561359143994817,481.170135498047,21.9162495247847,18.0761801004408,60.75,1.79111887531547,25.8499379158019,7.94580009579651,1108.00000000001,73
"451",7.375,52.375,527.746697942523,0.0225690514974853,183.141647338867,20.0142958342254,18.6594407558443,48.75,1.54986647408701,22.9959849119187,9.49924230575562,757.874999999999,55
"452",74.375,42.625,408.114644481564,0.0808311649410734,78.1493759155273,10.3037528872046,47.7531607151033,72.5,1.07341492205562,40.9997653961181,-0.425871063024003,522.625000000002,134
"453",74.875,46.875,346.262572904144,0.0212683065943628,2.12542486190796,11.0088428706255,24.4854184389114,62.75,0.964981218135228,47.4247045516967,5.8977094888687,143.3125,76
"454",8.125,47.125,636.710541386945,0.0679403327903494,235.423492431641,22.2946646068615,16.6021600365641,60.4375,1.62199736537379,25.7937821149826,8.57873374223712,1350.1875,69
"455",8.375,45.625,697.360394777992,0.0453067725003808,190.432342529297,26.0952856953471,26.760756611824,62.9375,1.61156884713211,30.029046535492,11.018754541874,966.062500000001,76
"456",8.375,47.625,600.232985309084,0.0293706478147385,192.40739440918,23.2610657327452,13.0021956562996,59.3125,1.90656100884209,26.8675162792206,8.57284125685694,1079.24999999999,67
"457",8.625,45.375,590.411654831323,0.0288788806489103,324.794738769531,29.5155805145039,25.4259445667266,62.4375,0.757539762007601,30.4665777683258,11.897058069706,887.499999999999,76
"458",8.625,45.625,685.250429446371,0.0493483212829601,251.097305297852,31.8591196378461,24.9918464422225,62.8125,1.87590349003288,31.2534528970719,11.3889319300652,1051.4375,81
"459",8.875,47.875,587.1844873839,0.0354210724356036,231.72688293457,21.6669833609016,23.029543399811,58.75,1.84031894782788,26.6100008487701,7.70421028137211,882.687499999999,62
"460",8.875,61.375,295.294854361058,0.0654926461927615,3.30012583732605,4.7353337522637,27.6656177043916,45,1.51747172923843,26.4175779819489,-1.23678521625692,796.812499999995,34
"461",83.125,51.125,607.489744939381,0.025146378696082,4.27733087539673,5.8930471097019,35.739123106003,57.25,1.6351821942612,40.2360937595367,1.06928577274084,625.75,102
"462",9.125,47.875,590.256411746815,0.0565587333995363,170.253494262695,19.6110390092552,26.3422137498857,58.75,1.78336520324837,26.3757501840591,7.90701380372051,876.750000000002,64
"463",9.125,48.875,542.52831947445,0.0359010631001363,1411.73718261719,33.8971366418771,24.0822941064835,56.75,1.28121192295391,25.7790004014969,9.36223065853119,717.937500000003,52
"464",9.125,50.625,587.90021750832,0.025544987663847,79.7662582397461,12.8648318600155,12.9070080518723,52.5,1.67618847739559,24.4728587865829,8.03701773285859,907.500000000011,54
"465",9.375,45.375,643.644217333994,0.0520657281188082,575.204895019531,32.5477205021092,23.4695318937302,62.25,0.699396688478146,29.9862028360367,12.5386998653412,894.624999999998,74
"466",9.625,45.125,626.775542544457,0.0472359098746378,335.366424560547,29.8564111428945,26.0218358039855,62,0.651809877868188,31.0192651748657,12.4699857234955,824.375000000001,76
"467",9.625,45.375,699.545914633598,0.0471156978738001,319.364532470703,30.0400258086931,23.1194310188293,62.25,0.464273043393188,29.941327214241,12.458393573761,897.312499999999,73
"468",9.625,53.875,547.133383425161,0.0420995810947267,215.065368652344,19.2919967768791,18.33664894104,47.75,1.50711654939254,23.4281727075577,8.61424887180328,836.1875,64
"469",99.125,49.125,292.721936638287,0.0312782415640325,1.37184393405914,6.06658827344837,114.790573120117,66,0.43739520942144,49.8985147476196,-5.49681502580642,254.25,115
