"","x","y","poligons","aet","Bird_richness","shannon_diversity","precipitation","Prec.seas.","rad","Human_footprint","Ec.Het","Humanpopdens","Tempseas","Temperature"
"1",-0.375,53.875,208079,449.175792163459,51,0.493031101380636,628.562500000001,12.7714134454728,46.75,28.6558341194898,0.0385506249509233,602.45166015625,461.475288391114,9.49776405096055
"2",-0.625,51.875,219598,532.920530322956,50,1.5611739324526,683.687500000001,12.7374365925789,48,35.0472243299981,0.0411793767146778,377.153900146484,484.517299652099,9.76854968070983
"3",-0.625,53.875,208078,441.823874150813,52,0.424356420481334,641.000000000001,12.0997081995011,46.75,25.8105871601424,0.0345853456980643,53.171947479248,458.607067108154,9.04681783914566
"4",-0.875,53.875,208077,463.762991438591,51,0.684052307005782,591.687500000002,11.6085497736931,46.75,25.3382285053264,0.0356313228737999,83.8546142578125,460.052495956421,9.18894612789153
"5",-1.375,42.125,275755,629.035317353074,93,1.19533128432048,457.375,23.4777193069457,66.0625,12.5393600181548,0.0644911277339575,14.9826803207397,614.084960937499,13.8151087760925
"6",-1.375,50.625,226795,559.73450715795,46,1.35129609931292,824.062500000002,29.6903337240219,47.8125,25.4623810266083,0.0629237134486041,179.252487182617,436.495616912842,10.356357395649
"7",-1.625,47.375,245514,702.682806898401,71,1.52237676270634,785.5,24.4420078992843,53.9375,22.7525614147106,0.0451503141194174,303.855102539062,500.938714981079,11.7302612066269
"8",-1.875,39.875,288713,761.879482799203,77,1.23381014879474,479.999999999997,31.1698304414749,71.9375,6.30711262294756,0.0246366729061887,3.22738790512085,684.446800231933,11.9218769073487
"9",-100.875,23.375,383357,554.4953799629,151,0.857641355838518,403.187500000002,63.4152667522432,107.75,3.96680080656361,0.0301724263164918,6.70880317687988,300.024356842041,16.6975982189179
"10",-100.875,23.625,381917,714.809100431907,153,0.903322912713042,368.687500000002,61.6203815937043,107.25,4.2372406953886,0.0393459814624298,9.00263214111328,308.612516403197,15.8997679948807
"11",-103.125,40.625,283988,501.921124484107,159,0.596871198924931,414.625000000001,73.9959721565247,78,10.0346853514809,0.0370260821521111,26.9174404144287,978.779708862304,9.65390610694885
"12",-104.125,21.875,391984,987.101002748236,203,0.552929161077429,815.874999999996,114.93838262558,111.9375,3.05054209737208,0.0247330758935379,4.33729934692383,297.561988830567,21.4450316429138
"13",-104.375,35.875,311343,483.793830053013,174,0.0341454414229383,392.625,69.7834997177124,83.5,2.62679936396598,0.0155400222431793,0.0481112711131573,806.438270568848,11.2087860107422
"14",-104.625,33.625,324302,259.960507505478,161,0.546961434885362,323.625,67.4634766578674,86.25,5.13224107590346,0.0139264212772442,0.20583313703537,831.818119049073,15.2032729387283
"15",-105.125,35.875,311340,494.962648677583,169,0.158484836751989,451.187499999999,65.7326505184175,84.8125,6.45447775050827,0.0373586641232284,0.821061909198761,748.93679046631,9.00133872032169
"16",-105.375,35.875,311339,705.457442346445,172,0.944197100253859,518.124999999998,59.580814599991,85.1875,4.84337111159172,0.0378609991807649,4.84082365036011,700.750984191895,6.78797903656965
"17",-106.375,35.375,314215,319.979633692956,178,0.733592238402207,327.812500000003,48.9345843791961,85.75,9.26553184276996,0.0383641618084132,8.68316268920898,845.659629821776,11.7330022454261
"18",-106.625,33.875,322854,246.458084873254,180,0.325321284686862,262.25,69.3462738990783,86.9375,3.41391077337836,0.0143252088572626,0.0244090724736452,816.252677917481,13.5697805285454
"19",-106.625,35.625,312774,457.670469305333,174,1.06561372430656,414.187500000002,43.9498138427734,85.25,4.58774912598398,0.0493774529416251,3.54445195198059,823.580326080322,10.3953461050987
"20",-107.875,34.875,317089,502.900739649291,165,0.598089976414949,313.875000000001,65.3717212677002,87.9375,4.55951973443658,0.0323050090020579,0.0309382546693087,795.209171295166,9.23202186822889
"21",-107.875,35.125,315649,353.036834238316,164,0.784196056386863,290.3125,64.5462560653687,87.3125,6.6457894320404,0.0371043083657214,22.768310546875,802.355396270752,9.4583262205124
"22",-108.875,33.875,322845,737.541774315592,170,1.24490773013051,435.9375,68.8712530136108,90.75,1.64320962039867,0.0358446752114771,0.299400299787521,688.327968597412,7.93666270375254
"23",-109.875,54.375,204761,557.859160354599,144,1.79990377836096,426.8125,64.579628944397,59.8125,1.12891106854593,0.0504579925632243,1.36295425891876,1223.7830581665,1.22920379787684
"24",-113.125,51.375,222028,492.08416260093,151,0.0812206164247524,388.1875,65.9714207649231,61.75,8.2076782531855,0.0186943265603565,2.22961616516113,1069.35192108154,3.50660680234433
"25",-113.375,49.625,232107,580.103100453586,155,0.730615777959247,452.3125,56.3637409210205,64.0625,7.51400043762078,0.0219373118617589,7.92419099807739,911.800045013428,5.44212484359742
"26",-114.125,52.375,216264,540.661976342443,150,0.733420752535046,494.374999999999,71.6071152687073,61.75,12.6909462082625,0.0353701798506323,33.2864799499512,1030.25838851929,2.55190435051918
"27",-114.375,51.875,219143,570.228133035141,156,0.95136330742626,488.187499999999,68.9908270835877,62.25,6.46714087831773,0.019005731071864,2.6873996257782,981.167125701904,2.78773576021195
"28",-114.875,50.875,224901,458.550837113171,156,1.25829544490466,640,41.7230145931245,64,2.24217242479835,0.0585985427621559,0.00728105986490846,787.224239349365,0.203011071658711
"29",-114.875,51.625,220581,548.649471769049,156,1.17567067181581,542.625,67.0368695259095,63.25,3.69176506485408,0.0149561983215212,0.421381652355194,870.233280181885,2.05738546699286
"30",-115.125,51.375,222020,463.105370390063,153,1.12274730081688,569.812499999997,52.1977140903477,63.75,2.41877394372734,0.054081885383326,0.0341911539435387,799.477882385254,1.00849609356381
"31",-115.125,51.625,220580,509.418991660772,156,0.918517357656694,553.625,61.0306243896487,63.25,1.99846173035818,0.0290484848917851,0.00537792174145579,834.452312469483,1.62132423371078
"32",-115.625,52.125,217698,478.41818580515,148,0.686734493929375,609.9375,57.718853712082,63,0.942694946118477,0.0320444673068129,0,856.521656036377,0.964977882802492
"33",-116.125,53.375,210496,550.289645370383,138,1.04394513927878,570.4375,71.7671618461609,62.9375,0.227701258552923,0.0205291804793477,0.140687599778175,987.228900909424,2.00108996033668
"34",-117.125,43.375,268092,348.45916120583,141,0.0919737476652951,318.375000000001,30.3128467798234,70.25,3.57883622167789,0.0323119570187472,0.0980585888028145,811.230716705322,8.52275714278218
"35",-117.125,50.875,224892,438.916175780047,139,1.58491407050276,1367.625,31.2867290973662,64,0.640848275576061,0.085012842221079,0.0353375487029552,795.573287963867,-0.535610746126621
"36",-117.125,52.875,213372,377.278211586228,137,1.12325427521732,649.937500000001,46.6205968856811,63.25,0.106884592444569,0.0686377302907333,0.0610457882285118,793.985931396484,-0.685007851687271
"37",-117.375,52.875,213371,335.376816636218,135,1.30151390032608,705.250000000001,37.8607679605483,63.1875,0.648367881108096,0.0679141244189148,0.0448726937174797,801.828567504882,-1.50450590625407
"38",-117.625,52.875,213370,325.792130626271,134,1.24982024156585,704.562500000002,34.7256442308425,63.0625,0.137366262519201,0.0519932532197831,0.00636288244277239,819.605037689209,-1.09889713302258
"39",-118.625,36.625,306966,659.558732712466,152,1.60604532433873,714.062500000001,73.9051847457882,78.25,1.71438076234835,0.087618811327003,0.0672629848122597,666.587646484376,3.74586646258809
"40",-118.625,53.125,211926,334.069580975373,130,1.30274392212662,851.499999999999,22.9155963659287,62.8125,0.151545292503931,0.0506217016270383,0.00269568897783756,785.260845184327,-1.57985413074493
"41",-119.125,38.625,295444,336.881394142043,169,1.03437817719056,256.9375,35.9017568826674,75.25,2.65828315677104,0.0447998709228777,0.000479440466733649,740.699062347411,7.61584389209744
"42",-119.125,46.625,249364,732.653886490485,143,0.640068042041485,197.9375,42.8277909755706,68.25,7.53103859693137,0.0871957816548548,4.99072980880737,813.960723876952,10.7926508784294
"43",-119.125,46.875,247924,669.487336702126,142,0.789755125070499,200.000000000001,44.7997696399687,67.75,9.29842979101812,0.0717549606576745,28.2207527160645,829.373569488523,10.3176842331886
"44",-119.375,50.375,227763,638.451359658998,161,1.63892712248703,554.874999999996,21.970918059349,65,11.4588920369648,0.044948023834019,61.4718742370605,841.189361572266,6.29029366374022
"45",-120.125,38.625,295440,788.798410866602,163,1.27478705544228,1026.93749999999,75.5152735710142,75.0625,3.7829657804849,0.0677124949988567,0.307616770267487,666.298175811769,5.53255528211584
"46",-120.375,38.625,295439,1177.26353589319,159,1.05438817535157,1294.5,80.7490887641906,74.9375,3.97190331735068,0.049033273081466,0.243312537670135,640.155601501465,9.06658273935312
"47",-120.375,52.375,216239,492.766308166642,138,1.33984893530638,1040.5,18.7005736827851,62.8125,0.484615801903719,0.0701727537722907,0.0196538176387548,785.468868255615,1.73348045349124
"48",-120.375,55.875,196079,521.609945105685,119,1.33678715606814,479,51.9940643310547,58,4.34596349636926,0.0251202120008382,7.82907819747925,1080.93790435791,1.84284044057131
"49",-120.625,49.125,234958,528.605462703668,162,0.956323586603032,750.249999999995,35.6537125110626,63.25,1.36887141267685,0.0415416687382794,0.0829098895192146,743.6830368042,3.08838741481307
"50",-120.875,46.625,249357,521.38713536815,150,1.04846741258136,567.999999999994,72.0010704994201,66,7.11236387515214,0.0563493599999584,5.93779468536377,772.264739990236,7.42947781085973
"51",-121.125,54.875,201836,486.002179377632,128,0.928363506545249,744.562499999999,29.7286022901536,60.75,0.94362439695278,0.038664938890794,0.000368904380593449,814.755405426026,1.79844918102027
"52",-121.125,55.125,200396,506.889445466399,127,0.804824477793293,644.249999999996,35.7757629156115,60.25,2.19363766448493,0.0277581006611037,3.32829475402832,833.96347808838,2.40699736773971
"53",-121.125,55.375,198956,513.375455919079,121,1.06283982371817,595.124999999999,39.2465052604677,59.5,1.57972894764447,0.0244793333714374,0.0540683753788471,866.616298675537,2.40834110975266
"54",-121.125,57.875,184556,548.400783360834,105,0.92361411073361,432.125,57.6317167282104,56.75,0.551099409116955,0.0149700943549001,0,1242.40940093994,-0.0716022493434147
"55",-121.375,55.625,197515,530.478770588214,121,1.44238217811868,532.9375,42.9113862514496,58.4375,2.69634496966727,0.0233613754572473,0.288062065839767,939.350090026855,2.61893357336522
"56",-121.375,58.625,180235,513.54679182542,105,0.819129702761079,432.8125,60.8065278530121,56,0.703384442519405,0.0200014824817101,0.00222400994971395,1329.1989364624,-0.600917939096688
"57",-124.625,58.875,178782,347.994474269716,97,0.897189625789291,580.687500000001,63.5510845184327,54.25,0.350546536250242,0.036159348327237,0.00232768640853465,1095.78873825073,-1.39505211636423
"58",-126.625,55.125,200374,413.033298473861,106,0.709587229488038,558.249999999997,26.9506379365921,56.4375,0.0405317064563192,0.0417091942443991,0.0253544896841049,881.166889190676,1.75683601386847
"59",-127.125,55.625,197492,402.512668140913,104,0.653910202411472,695.374999999999,26.3947778940201,56,0,0.0562965761221619,0,828.515693664552,1.340783149004
"60",-128.375,60.375,170127,336.610684268938,87,0.550902588136969,492.562499999996,39.1491510868074,54,0.239259360307852,0.0269052331008993,0.000131798573420383,1273.82392120362,-3.58399677276604
"61",-129.125,57.875,184524,320.538258526404,93,1.05594592695125,558.062500000003,35.1741411685942,54,0,0.0392092240131078,0.0015556876314804,941.344879150388,-1.34031706303361
"62",-129.375,57.625,185963,290.896757384575,93,1.40874158525805,610.937500000009,33.2758703231808,54,0.786241552175249,0.0504484120179848,0.00157870445400476,887.8843421936,-1.05983074940752
"63",-129.625,57.375,187402,289.821427899831,91,1.50429827112778,821.124999999997,29.7922942638398,54,0.0036313713497428,0.0557921334400243,0.00157870433758944,809.236057281496,-2.27887049317357
"64",-129.875,57.375,187401,301.113085722812,90,1.43283211921996,874.375000000001,29.0654038190842,53.8125,0.0642196255164436,0.06408496346784,0.00157870445400476,784.239780426026,-2.23995450139049
"65",-133.375,58.375,181627,332.513652913061,105,1.31918428639036,1521.4375,33.9372551441192,51,0.422830367232701,0.111064910074684,0.00338306510820985,662.876918792724,-0.980141287669614
"66",-134.625,59.125,177302,355.990357303168,106,0.4853665639834,1069.4375,36.8163411617278,49.8125,0.327554818051529,0.0780147783779157,0.000883606844581664,678.884361267089,-2.9982284754515
"67",-145.125,65.125,142700,311.864853798178,78,1.01009713613622,249.625,79.2170448303226,52,0.329770590833172,0.0246847082117219,0.00149752642028034,1398.33773040771,-5.89802658557892
"68",-145.375,63.125,154219,287.426346680709,81,1.30520611602809,298.125,82.7310032844543,50,0.985934025792711,0.0743885998756918,0.000116547256766353,1102.0601234436,-5.18723180890083
"69",-145.625,61.125,165738,253.240709334182,70,1.74983040799614,816.4375,28.5567659139633,46.5625,1.68276860980972,0.103313571311041,0.0113670481368899,858.379131317138,-2.92758400738241
"70",-145.875,63.125,154217,286.890672817867,81,0.872920889448604,294.499999999999,81.9720106124878,49.9375,1.02751656257484,0.0430414209041542,0,1108.66790771484,-4.35689330101012
"71",-146.375,64.875,144135,346.271499895428,77,1.02703048946405,304.187499999999,68.0502395629887,52,2.2688419412674,0.0407712162087011,0.00206834194250405,1354.41033172607,-3.63741599023346
"72",-146.625,65.125,142694,342.376096110106,79,1.1203141177329,312.1875,65.2733876705171,52,1.43509332683121,0.0436076647202202,0.0181287527084351,1315.22518157959,-4.31953500211239
"73",-146.875,63.125,154213,281.235585931045,75,0.805357243967245,335.624999999999,73.964638233185,49.75,0.772999013732386,0.0479865169217526,0,1079.95121765137,-4.55377674102783
"74",-147.875,63.375,152769,268.529112359211,74,0.981750894440609,373.249999999999,63.3236954212191,49.75,0.570901034201331,0.0457271272222639,0,1116.89380645752,-4.29824870824814
"75",-148.375,61.125,165727,248.281311124957,74,1.14770843042571,717,33.259658575058,45.5625,0.419744812742674,0.125514795270534,0.00653281947597861,651.353603363037,-1.74984078668058
"76",-148.625,60.125,171486,258.130282349462,72,0.907919668757459,1148.875,36.0239415168762,42.75,0.464040062198377,0.146854704875449,0.0212060380727053,507.975437164307,0.0146569926291804
"77",-148.625,65.375,141246,369.674326290777,75,1.15148363815265,284.5625,62.5175678730011,NA,0.986133907556095,0.0361654554244097,0.00718886125832796,1466.27337646484,-3.76635479927062
"78",-148.875,61.125,165725,244.032708187426,72,1.05686789221488,745.875000000002,33.7578275203704,45.75,2.12935784996063,0.124486195877973,0.37026458978653,670.285594940184,-2.32685863971715
"79",-149.375,70.375,112443,92.9800095298769,26,0.770101131384014,155.875,68.6232833862304,48,8.57191150294581,NA,0.297754883766174,1407.9949798584,-11.3245714306831
"80",-149.875,67.125,131161,319.635786682537,59,0.869221461705056,315.937499999999,59.903473854065,48,0.224857570476975,NA,0.00106992945075035,1361.84172821045,-5.79526090621943
"81",-150.375,59.625,174359,259.409246280998,74,1.72401131030764,1125.25,37.7155599594115,43.0625,1.54858076696576,0.123365121482501,0,547.469341278076,1.45193242654202
"82",-150.875,60.625,168597,301.053789310771,69,1.19779738265906,760.562499999999,42.6672186851501,45.75,4.30101133110031,0.032728271485628,10.2036142349243,868.93193435669,1.98700432479381
"83",-155.125,58.625,180100,219.655346954804,57,1.59892043841201,871.750000000002,30.0996181964873,46,0,0.0836652151275746,0.000687623745761812,719.100299835205,1.68154688086361
"84",-159.375,62.875,155603,229.67101136483,58,1.3036574619046,423.375,58.0180811882019,47,3.35547468149228e-07,0.033355344953228,0,1252.20662689209,-2.1868507862091
"85",-16.625,28.125,356334,355.556778407972,50,1.54633348582133,323.312499999999,80.1548681259155,94.3125,20.5721838022374,0.058703856008467,249.823440551758,318.330533981323,17.0313782691956
"86",-2.125,38.875,294472,528.413933995735,88,1.04157345830253,419.875,39.7945029735564,73.5625,9.21214601102391,0.0264788142051516,29.9721126556396,741.422721862792,13.8656818270683
"87",-2.125,39.125,293032,513.450444827107,87,0.374599054699334,409.124999999999,40.090636730194,73.1875,12.6613555120634,0.0223111532636028,46.608642578125,727.104309082031,14.4147884249687
"88",-2.125,40.875,282952,694.343499699189,84,1.21824933789317,558.812500000001,34.2105503082274,69.9375,4.75305219408006,0.0261149036446425,1.06174635887146,648.932071685791,10.3952113389969
"89",-2.375,37.125,304551,407.900513866027,100,1.00051690455368,358.187499999997,47.5562181472777,77.25,6.3569301429933,0.0334167512098007,7.44096755981445,657.704479217528,14.8412609100342
"90",-2.375,52.125,218151,502.762287805492,51,1.5266495472201,841.812499999991,16.2936886548994,47,21.9799557639987,0.0356813759811761,150.099761962891,446.689785003663,9.3146606087685
"91",-2.375,52.375,216711,498.621289616352,51,1.53433958742957,920.937499999998,17.4336594939231,47.1875,22.5057370132844,0.0451640196330583,173.740737915039,437.758758544923,9.01732665300372
"92",-2.625,52.125,218150,490.792049392832,41,1.38652606863697,746.187500000001,17.2606946229934,47,20.9247037803214,0.0315952932098767,184.395889282227,450.273443222046,9.25849688053131
"93",-2.625,52.375,216710,501.529850570121,42,1.45993943838126,923.937500000003,18.348848938942,47.0625,17.6876265751158,0.0327848508230452,56.1011657714844,439.895093917846,8.73961585760116
"94",-3.375,39.375,291587,333.86996702568,93,0.951436210889646,398.375,43.0577635765076,72.75,11.8461793383739,0.0256449331275723,33.7884483337402,733.679203033447,14.7737085223198
"95",-3.375,39.875,288707,355.33090511777,99,0.708618702321355,422.437500000001,41.6969678401947,71.75,12.7565811618456,0.014725270538028,18.4865760803223,722.652740478516,14.1613554358482
"96",-3.875,39.625,290145,443.164264808758,98,1.31587589003055,421.687499999999,40.1356198787689,72.25,12.4089825832986,0.0352685018480426,25.3495178222656,719.298099517823,14.2503865361214
"97",-3.875,40.875,282945,760.475673806333,93,1.11072251428979,779.249999999976,39.8299164772029,68.9375,12.7144737988448,0.0360691074626574,36.8682594299316,653.400032043458,8.74430775642413
"98",-36.625,-5.375,549214,806.147778006586,231,0.454058494863346,630.749999999997,111.139252662659,153.9375,10.8343447020158,0.0497996905956969,23.0737285614014,102.152437686921,26.791375875473
"99",-38.125,-11.125,582328,823.924945938496,286,0.256476690048841,827.687499999999,42.2224187850953,162.4375,11.3140202522196,0.0361894921220086,47.0082969665527,163.539270401001,23.6925188302994
"100",-38.125,-12.625,590968,1010.32347017979,307,1.4173868463693,1741.8125,49.8222422599793,173.25,20.4503379246756,0.0706592419972042,49.3116760253906,128.184645652771,24.8068443536758
"101",-38.875,-12.125,588085,946.98350640204,318,0.632016237385122,977.687500000009,26.2748844623569,164.375,18.5649308096729,0.0442250133363812,372.096099853516,161.55288696289,23.4414117336273
"102",-39.625,-18.125,622642,1057.33006247597,382,1.54487418312402,1493.0625,29.6695644855499,170.5,6.85796514121521,0.0470907813751249,18.5008144378662,171.866254806518,24.1811037063599
"103",-39.875,-5.375,549201,887.399183535719,242,1.12184404055937,759.000000000011,98.6992578506464,152.25,7.56732912542217,0.0363599060737689,10.0508432388306,81.2127385139468,24.3297731876373
"104",-4.125,37.375,303104,693.489703426828,94,1.26273267092149,526.374999999998,56.6606769561767,77.1875,13.7574793591541,0.0230572642794545,49.6032905578613,655.492588043213,15.188556432724
"105",-4.125,40.375,285824,614.17336575601,96,1.22337050035143,361.0625,35.2522802352906,70.6875,21.0111212219837,0.0324518461362597,88.5420837402344,679.811794281007,14.1784634590149
"106",-4.375,40.375,285823,735.481811616363,94,1.38842119950694,351.125,34.6060795783997,70.75,12.9736134116676,0.0344627402930196,45.711311340332,659.361030578615,13.469851911068
"107",-4.625,40.375,285822,778.640702689828,91,1.37942195524216,448.187499999996,34.511257648468,70.75,8.79318554665912,0.0389153354099985,31.8985080718994,645.853584289551,11.6820168495179
"108",-4.625,41.375,280062,596.972995755425,86,1.26433264381277,403.9375,33.0995810031891,67.75,16.4773095275363,0.0180610032293097,34.5094299316406,643.302425384522,12.0030376911163
"109",-4.625,41.625,278622,568.710230037766,80,1.12980540343691,417.312499999999,32.8618113994599,67.25,22.4716810574233,0.0185735906302394,304.622985839844,645.857223510742,12.0962982773781
"110",-4.875,37.375,303101,582.509421168747,100,0.418277094025201,567.562500000002,65.6835565567015,76.75,18.041501329053,0.0156714689548083,79.52880859375,616.322731018067,17.0192464590072
"111",-4.875,41.375,280061,544.693318798748,88,0.987026345751004,416.312499999998,32.4862384796143,67.75,15.8812865307643,0.0228676495103647,49.2217483520508,633.488601684571,12.1471472382545
"112",-40.875,-14.125,599597,760.336577891459,335,0.0732182602774758,600.812499999999,83.9743099212647,161.4375,9.13118626334349,0.0272464241826704,9.23417091369629,143.598421096802,23.1638091802597
"113",-40.875,-15.625,608237,968.213925992145,336,1.11212283637136,833.937500000008,66.4475433826433,160.75,8.31442869008379,0.0422475375323883,21.1452560424805,162.511017799378,20.517635345459
"114",-41.125,-15.625,608236,993.945963668468,311,1.12015884808762,807.687499999998,78.0036449432368,160.25,7.8193880567107,0.0342406300011429,26.5989189147949,163.786786079407,20.7663794755935
"115",-41.875,-18.125,622633,956.6471548569,367,0.476511029293632,1095.6875,77.3764119148253,157.75,9.71972129414156,0.0265866186080629,5.02936792373657,193.374439239502,22.7671328783035
"116",-42.125,-13.375,595272,933.249113834226,307,0.834644800789701,896.625000000002,87.3731455802915,165.125,8.53314805218648,0.0301325779225726,24.732723236084,118.133742809296,21.4337557554244
"117",-42.125,-16.625,613992,924.783897741343,292,0.940263510605741,862.874999999999,90.8602867126464,158.1875,8.73017611331787,0.0251672525148603,11.4658603668213,176.194163322449,22.5722883939743
"118",-42.125,-18.125,622632,972.264017895281,361,0.571297690662031,1097.625,81.5723476409911,157.25,9.39205438144409,0.028635872723289,3.47433686256409,198.75564289093,22.8847028017044
"119",-42.625,-20.375,635590,808.949895591935,445,0.525550792283313,1282.875,77.2277193069457,160,12.5890154497233,0.0251171220088399,35.119457244873,230.64213180542,20.5536061525344
"120",-44.125,-16.875,615424,825.772972637962,326,0.82015970283646,1229.375,89.2123107910155,163,9.9812217072828,0.0253339989616674,5.22380018234253,164.451454162598,21.1231518983841
"121",-44.375,-14.875,603903,997.600605852039,324,0.420003019608681,991.249999999995,97.2260689735414,162.5,9.33142084126087,0.0158472234129704,7.22496032714844,135.130734443664,22.9171829223633
"122",-44.875,-17.375,618301,822.574188634784,348,1.10138691878572,1028.8125,93.727858543396,164.9375,14.0726542738988,0.0266018899557996,103.027435302734,193.076022148132,23.0963579416275
"123",-45.125,-2.375,531900,1006.31790050565,359,1.34495770933341,1980.12499999998,81.2268748283386,158.9375,8.79727678265581,0.0668243812871507,12.0895233154297,42.001240491867,26.5135716199875
"124",-45.375,-2.375,531899,971.341012956424,364,1.28028026741704,2338.43749999998,77.1399378776552,158,6.09509519619251,0.053729114273738,13.0370569229126,42.7321631908418,26.51939702034
"125",-45.375,-22.125,645659,819.622357017425,464,0.683229484598616,1585.1875,75.2897124290467,161.4375,10.6146590145277,0.0258765872675661,36.7155494689941,262.109497070313,18.1586735248566
"126",-45.375,-22.375,647099,803.317926306507,494,0.95565228867299,1591.37500000001,73.5516338348387,161.625,13.974917508774,0.0271064517127724,149.293045043945,268.364316940308,17.7102730870245
"127",-46.125,-14.125,599576,726.096069088728,306,0.851499455830136,1349.0625,87.9755091667176,160.9375,5.21170993531613,0.0342525255772752,0.369351983070374,95.217021942139,22.9137307405472
"128",-46.375,-14.375,601015,946.396536728082,314,1.05172249773481,1296.9375,86.3926854133607,161.25,7.5872319656526,0.0492781504820142,18.7582378387451,102.779073238373,23.9328889846802
"129",-47.375,-24.375,658611,903.683095128707,474,0.490588026467825,1896.12500000002,42.7094800472258,173.9375,5.88099013319078,0.0290230181408915,24.4067707061768,272.138984680175,21.0272606611251
"130",-47.375,-24.625,660051,913.164819174008,469,0.958870684026169,1983.75000000001,38.62357711792,177.8125,7.79292524176298,0.0352124057968351,7.7919225692749,281.831336975097,21.8314496278762
"131",-47.625,-17.125,616850,770.53926839804,363,1.03941913094228,1514.9375,86.9059405326844,163.1875,8.28614247272724,0.0272180307879894,0.758217215538025,166.116765022278,21.3446998596191
"132",-47.625,-9.875,575090,901.548642992552,306,0.629239650810534,1504.3125,80.4713206291199,168.1875,2.28427807345627,0.0320936690291118,4.1185564994812,78.2283382415773,25.1030737161636
"133",-49.125,-28.625,683084,778.368073606257,369,1.60877233819589,1415.4375,23.2235536575316,176.5625,18.1817271017554,0.0701929849574982,78.9821014404297,315.106800079345,19.6415516138077
"134",-49.375,-28.625,683083,811.651503826538,374,1.6734995822127,1384.6875,25.6110844612121,173,17.7594597032757,0.0558435473816217,382.455871582031,325.866386413574,19.1677966117859
"135",-49.875,-28.625,683081,787.840264256257,378,1.1772629296836,1640.43749999999,15.3245440721514,169,6.10752281718198,0.0318241014612865,2.48881816864014,296.852025985718,14.9397395849229
"136",-5.125,37.125,304540,583.180766004691,110,0.469725128458092,627.437500000001,68.3972768783569,77,14.7001540216164,0.0243830792276329,35.8174438476562,586.728858947754,16.1956142783165
"137",-5.125,37.375,303100,543.443237570009,106,0.171316951516907,556.5625,67.5319290161133,76.75,14.8817335716465,0.0167261564548088,39.9607467651367,603.966819763184,17.3001981973648
"138",-5.125,38.875,294460,624.14028621988,96,1.16251839005716,525.1875,54.2675004005432,74,8.73676680810895,0.0312190584038255,8.31632995605469,646.306167602539,15.4638586044311
"139",-5.125,40.875,282940,499.112503634242,81,0.348863110314514,422.687500000001,32.8951079845429,68.9375,12.1250444365007,0.0167095097927146,18.1563777923584,638.229614257813,11.4654673933983
"140",-5.125,41.375,280060,504.707804149023,85,0.513303098780138,434.312499999999,32.6690678596496,67.75,14.6234904771015,0.0225833285703398,14.6917371749878,623.645690917969,12.2753691673279
"141",-5.375,37.375,303099,550.521347252719,107,0.336615304179638,563.5,67.2966871261597,76.75,16.44592268013,0.0208702643937664,43.8629951477051,589.515071868897,17.5040067434311
"142",-5.625,36.625,307418,944.509205661872,110,1.62249481823685,703.062500000003,72.2590637207032,77.25,14.113970824799,0.0615813094254441,76.4510498046875,501.599250793457,16.4203760623931
"143",-5.625,36.875,305978,667.810189492206,115,0.745031524873236,638.000000000002,70.3983173370362,77,14.921089829117,0.04609243422306,65.5784912109375,526.230415344238,17.1085500717163
"144",-5.625,37.125,304538,547.227785687202,111,0.180174655336206,597.750000000001,68.8157811164856,77,19.1582144874357,0.02394103175964,80.2307662963867,544.881782531738,17.493587732315
"145",-5.875,36.625,307417,699.942217648397,113,0.396030819520375,626.750000000004,70.9625639915467,77.4375,19.1052462501784,0.0417709149472025,97.7487106323242,500.297616958618,17.5175647735595
"146",-5.875,36.875,305977,610.583231123192,118,0.132347346368446,599.937500000003,69.4297466278077,77.1875,17.9505455806457,0.0293075262440921,73.8477325439453,523.875381469726,17.6497372388839
"147",-5.875,37.125,304537,620.790924601873,110,0.272018875952231,561.375000000003,69.062415599823,77.0625,20.5456037800654,0.0239556958257128,172.381973266602,533.704326629639,17.9215874671936
"148",-5.875,37.375,303097,653.180686178681,110,0.919166381825332,546.187500000002,66.9076819419861,76.8125,30.0189819923142,0.0294221714963425,1086.70166015625,590.254241943359,18.2250407934188
"149",-5.875,40.375,285817,882.877831696218,90,1.28970669691417,772.125000000011,49.4436728954314,69.75,10.9743368268875,0.0413779466900835,36.6081008911133,597.086814880372,11.9866360425947
"150",-5.875,40.625,284377,801.904937470713,91,1.16374023040793,775.18749999999,48.4507958889005,69.25,9.98123925044108,0.0351348822225207,8.97904014587402,607.489913940431,11.6342063546181
"151",-50.375,-0.125,518919,1119.24363725566,445,1.19188843020338,2357.56250000001,66.2251045703888,154.375,2.49823510374644,0.0542286005280398,24.6259956359863,72.2007102966311,26.9213107824326
"152",-50.875,-28.125,680197,855.947162386031,349,1.17498229347058,1569.25,13.8539046645164,174.3125,6.917768756619,0.0317204944463497,1.3025426864624,321.89853477478,16.2029094696045
"153",-53.375,-19.375,629787,806.78875401061,354,0.621392022459798,1491.375,63.6060054302215,173,6.31887245072872,0.0248186847469898,0.326627790927887,182.133841514588,22.9651479721069
"154",-53.375,-19.625,631227,839.308033242971,354,0.644217392669632,1456.125,62.3077638149261,172.5,6.46609888679833,0.0229270023624447,0.234378129243851,187.259882926941,23.2329014539719
"155",-53.625,-24.375,658586,769.543050229025,419,0.763485837094642,1538.5,24.770271897316,178,11.9508625071111,0.0164535643861454,41.1514205932617,317.199487686157,20.5622042417526
"156",-54.125,-14.625,602424,752.639176601238,396,0.720287824630692,1927.3125,80.9302172660828,171.1875,5.69536015010878,0.0290210440957936,0.29365149140358,142.201363563538,22.657440662384
"157",-55.125,-4.875,546260,1062.61344618746,468,0,2111.5625,60.6818847656251,158,0.0960455671023839,0.012556673668267,0.0265757013112307,48.3690843582153,25.6018488407135
"158",-55.375,-0.375,520339,1199.42276625633,373,0,2395.5625,49.2190427780152,158.1875,1.00361470177196,0.00969446587791494,0,61.219437122345,25.1326107978821
"159",-55.375,-15.625,608179,760.337930902325,420,1.43888029895965,1595.625,72.0470385551453,174,9.37852778543446,0.0358207649843774,2.11032104492188,145.235451698303,22.2257344722748
"160",-55.375,-3.375,537619,1078.85493274115,520,0.765130787323239,1878.0625,59.8704149723053,157.25,1.10851591367467,0.135808232357872,1.74552404880524,60.1728529930115,26.2898947000504
"161",-55.625,-0.375,520338,1208.28541893033,376,0,2437,48.3203601837158,159.0625,1.00152002219461,0.0114083397633747,0.0227803234010935,60.5421309471131,25.4255983829498
"162",-55.625,-0.625,521778,1200.51900348874,377,0,2446.6875,48.5695734024048,160.1875,1.00114029577996,0.010812757201646,0.0183152966201305,61.0926530361176,25.4843136072159
"163",-55.625,-15.625,608178,878.824992122616,431,1.2191000353599,1488.75,69.1092414855958,174.5,9.43360434056103,0.0385333195206523,1.35002028942108,148.413724899292,24.0066889524459
"164",-55.625,-15.875,609618,875.035502416928,419,1.27487234200032,1467.375,69.9008994102479,175,6.75183886874685,0.0397222162684804,2.3467435836792,155.902604103088,24.4261167049408
"165",-55.625,-3.375,537618,1087.40716562348,509,0.0135076679047091,1960.375,57.788464307785,157.75,0.223575689312562,0.0372833314281332,0.515881061553955,59.4697942733764,26.1602461338043
"166",-55.625,-3.625,539058,1069.06971029019,516,0.264444682223255,1963.875,56.4948551654816,157.75,0.302764842403278,0.043743498513944,0.93583071231842,58.803848028183,26.1542553901672
"167",-55.625,-4.875,546258,1048.90032840985,468,0.0284100697334331,2323.9375,55.5653452873231,159,0.932982972130732,0.00867367898376772,0.0903874337673187,49.9644229412078,25.666097164154
"168",-55.875,-15.625,608177,816.378525366998,438,1.12476176694705,1438.125,67.5289912223816,175.25,12.5826682578437,0.0471364764327089,74.7925109863281,149.992614746094,24.9628177881241
"169",-55.875,47.875,242417,436.802271412376,67,1.4994934686058,1690.0625,12.9275788664818,62.5625,1.64958139420074,0.0614126592995917,6.30978488922119,833.619033813476,4.16735288500787
"170",-55.875,48.125,240977,427.539508734184,64,1.29231944466032,1556.6875,12.7478098869324,62.1875,0.5104747470022,0.0652889112749575,0,859.353191375732,3.79842960834504
"171",-56.125,47.875,242416,412.308792362819,67,0.963204273995802,1615.6875,11.7922378182411,62.1875,0.882277443399177,0.039695312016772,0.00366125116124749,864.79236602783,4.02562722563745
"172",-56.125,48.125,240976,415.350799382192,64,1.13982359105873,1508.5625,12.2062183022499,62.0625,0.144005285261146,0.0452266827655844,0.00171933032106608,877.718585968017,3.65699474513532
"173",-56.375,-15.875,609615,844.882886203531,438,0.838271777758265,1355.4375,65.4299006462098,177.5625,7.3110506311382,0.0288770528501753,7.13353538513184,165.040522575379,24.9550360441208
"174",-56.625,-29.875,690254,828.046188920256,258,0.537537176876507,1559.8125,19.5916165113448,176.8125,7.32936887191378,0.0301351261240667,1.56915628910065,453.873891830444,19.4788856506348
"175",-56.875,-18.375,624013,1040.49194081083,362,0.762553491508235,1192.25,63.8574123382568,180.4375,1.70415427901023,0.0915388219688314,0.106904998421669,220.818894386292,25.823161482811
"176",-57.875,-15.625,608169,855.176271064171,460,1.16767074559442,1430.9375,71.0274863243103,179.5,8.85442283675568,0.0313944854061878,5.92116260528564,168.103344917298,25.4165278673172
"177",-57.875,-24.875,661449,991.476741500361,329,0.12225637910727,1135.43750000001,40.5079209804533,177.9375,5.6826656784443,0.0193647178878981,1.41126382350922,365.679677963257,23.0015707015991
"178",-58.375,-12.125,588007,1055.04441162392,416,0.764124700043989,1983,78.4809255599975,172.5,0.875048255948961,0.0355483574817099,0.270385921001434,83.8830742836,24.6538655757904
"179",-58.375,-25.125,662887,1013.99147474253,302,0.187830748375585,1082.4375,40.4412949085236,177.6875,9.58418257700309,0.0210963696463952,10.1222171783447,374.081392288208,22.7541431188583
"180",-58.625,-3.125,536166,1006.5710730815,568,1.1034268044823,2185.1875,53.4807875156404,157.5625,4.44124169528304,0.114934382449375,3.15790319442749,56.5763750076294,26.9952740669251
"181",-58.875,-13.125,593765,905.51797732626,436,1.31243071008258,2017.1875,74.7684473991394,173.6875,3.17498987682471,0.0397770561842705,0.187727123498917,100.339790344238,24.1625291109085
"182",-59.125,-13.125,593764,984.092109386983,451,1.12466736134156,2002.3125,74.3865785598755,174.5625,2.45140339585425,0.0394616686194938,0.078976184129715,99.4608101844787,24.1177707910538
"183",-59.375,-11.875,586563,1105.78003914082,433,0.0945690294931082,1890,77.8156552314758,172.6875,1.00600909065996,0.0171457345012193,0.0191268399357796,74.6742024421693,24.1308596134186
"184",-59.875,51.875,219361,340.479271619264,51,1.31200221749206,1169.1875,20.6692036390305,61.1875,0,0.0287281676287914,0,1120.19535064697,-1.23600850999355
"185",-59.875,52.125,217921,315.636550176117,50,0.82830301932946,1147.875,20.6806035041809,61.0625,0,0.0221917569253923,0,1107.91068267822,-1.59460416436195
"186",-6.125,40.125,287256,843.66230605295,92,1.47121897901344,619.937499999999,52.033807516098,70.25,9.74408854437914,0.0416893742379208,55.5789108276367,602.02850341797,14.990195274353
"187",-6.125,41.875,277176,773.312923559566,75,1.46534103457268,783.999999999999,43.9242234230041,65.75,6.58582860005059,0.0212714513317329,8.1501350402832,605.608806610108,11.2839348912239
"188",-6.375,41.875,277175,818.002491794148,74,1.52812012457609,827.874999999999,45.7134935855865,65.75,5.4613304054773,0.0221708354766806,5.4880518913269,601.366607666016,11.0946966409683
"189",-6.375,43.375,268535,779.328422836791,65,1.48882902010008,1106.1875,32.654142975807,63,9.73801249088506,0.0540384927292255,23.1787891387939,429.927003860474,11.4382812976837
"190",-6.625,38.875,294454,700.247516517745,99,0.893142922292861,533.25,57.6167242527009,73.75,15.4261967624278,0.0501653115950309,93.7754745483398,620.875770568848,16.6595541238785
"191",-6.625,39.125,293014,752.857968561571,96,1.05287027221234,547.5625,55.9678432941437,73.25,11.8255561388891,0.0232919012440935,59.7428932189941,637.806331634522,16.3345438838005
"192",-6.875,38.875,294453,735.91666913919,101,0.731084686265452,536.4375,55.3021752834322,73.5,16.7760498351294,0.0369102104290489,95.4682846069336,599.433238983156,16.4782246351242
"193",-6.875,39.125,293013,741.935084867139,93,0.984796201619892,552.062499999999,53.420768260956,73,12.0390696268637,0.0197696497294618,36.1296768188477,616.762466430665,16.4015127420425
"194",-60.125,51.875,219360,335.095545240336,51,1.4632589966433,1150.9375,20.9642785787582,61.5625,0,0.0301097334152569,0,1127.17260742188,-1.10727148130535
"195",-60.125,52.125,217920,311.891011418208,51,0.898895291463788,1131.5,21.0220000743866,61.1875,0,0.0209063440691206,0,1114.41781616211,-1.53020580112934
"196",-61.875,-3.125,536153,1009.76921469518,436,0.0357252963427055,2682.4375,39.3968334197998,160.5625,1.08370628841534,0.021136414513793,0.106939353048801,28.8458595275879,26.5137723684311
"197",-62.875,-29.125,685909,809.05509461909,234,0.811655195391509,786.875000000001,68.2285723686218,173.9375,5.48054216983587,0.0162456775834478,1.86688017845154,488.724840164185,19.8924273252487
"198",-62.875,-4.375,543349,973.243830793262,484,0,2450.625,37.0206413269044,165.0625,1.00883579204571,0.0348641058432425,0.275106161832809,28.9416971206665,26.5176470279694
"199",-63.125,-22.125,645588,1051.41382711669,267,0.92649830632772,874.499999999997,84.3666305541992,178.25,2.92422136911518,0.0175120325121936,4.72978353500366,388.407781600952,23.7334984540939
"200",-63.125,-22.375,647028,1107.11388287073,262,0.860195069193285,939.562499999998,84.2758860588074,178.1875,3.33749746588375,0.0147906783455267,4.51532220840454,395.527076721192,23.5277991294861
"201",-63.125,-29.125,685908,900.214381074602,234,0.873650208723698,754.000000000001,69.1913933753966,174.3125,3.80276995412583,0.0236531564357567,3.52167081832886,490.751756668091,19.9462566375732
"202",-63.125,-30.375,693108,645.218866743575,238,1.19094707235609,863.750000000001,63.1392483711241,172.5,3.48440675344807,0.0979513948426294,1.7392019033432,490.691648483276,18.8923861980438
"203",-63.125,0.375,515988,869.387945035269,374,1.06483636581338,2271.625,39.6649622917175,161.9375,0,0.0904538120618043,0.0172107294201851,41.7182149887085,26.8118640184402
"204",-63.125,0.625,514548,945.558380816028,372,0.863964514946668,2177.375,41.4651091098785,161.8125,0,0.088228422448941,0.0189865380525589,43.5317494869232,26.788112282753
"205",-63.375,-8.625,567827,882.500412169261,512,0.86114372684565,2263.4375,66.1328959465027,169.4375,2.86685569942634,0.0733897569444441,0.820269584655762,45.7734184265137,25.4989176988602
"206",-63.375,-8.875,569267,871.660755192391,502,1.46248945337077,2269.625,66.7864537239075,169.1875,3.23610852077917,0.0991012171829747,0.658357322216034,45.2860388755799,25.5210194587708
"207",-63.625,-35.375,721906,781.375706501717,166,0.427518158618091,862.8125,54.6511764526366,178,11.9096298527695,0.0162663192062948,8.12889862060547,579.953193664551,16.2873257398605
"208",-63.625,-8.625,567826,911.822012869868,522,1.31237944333753,2238.625,64.993038892746,169.8125,6.85693785728138,0.067914874590382,3.44911813735962,45.0695607662201,25.7212740182877
"209",-63.625,-8.875,569266,858.887515145259,512,1.36196956430153,2239.375,64.7403075695039,169.5625,3.91360112796756,0.0652071306774871,11.9339170455933,47.3426156044007,25.6388601064682
"210",-63.875,-18.625,625425,1085.56866222762,335,1.38185914048188,686.000000000002,77.2179579734799,169.1875,4.38529207981968,0.0566502343392785,3.41938972473145,183.969636917115,18.6440854072572
"211",-64.875,-1.375,526061,996.790369303835,369,0.000430339239521187,2707.5,22.6747654676437,158.0625,0.0195977204779814,0.0126121327732055,0.0210055373609066,29.3229714632034,26.4434802532196
"212",-68.375,-17.625,619647,136.372849057428,102,0.378279456689926,384.937499999999,102.516202926636,171.125,3.70251817970852,0.0158350480109739,3.6486382484436,214.256600379944,8.55145278573034
"213",-68.375,-17.875,621087,138.702708349665,95,0.398669118270634,365.625,108.583957672119,170.5625,4.14621133130211,0.0133930017337296,2.49382996559143,228.961442947388,7.12486475706095
"214",-68.375,-19.625,631167,130.569229618647,83,0.74552651800406,133.125,151.63351726532,172.25,2.14249630528969,0.0197842659636329,0.501838862895966,320.084869384766,7.06269392371178
"215",-68.625,-20.875,638366,35.3598623375439,70,0.732521015854713,76.2500000000002,167.076565742493,174.75,4.29035290109124,0.0134122799497028,0.504239320755005,312.600919723511,3.89240370690821
"216",-68.875,-10.375,577885,1008.24707874609,496,0.075778074833139,1724.3125,60.7931530475617,166.1875,4.17847865754001,0.0134383752000455,0.256921887397766,86.141107082367,24.7732262611389
"217",-68.875,-15.375,606685,472.191499275733,277,0.59053579669317,934.812499999999,76.4158649444581,166.4375,6.73779428020565,0.0732067865512109,15.188328742981,123.255192279816,10.0941997170449
"218",-68.875,-18.375,623965,90.2282706552075,100,1.08522563397851,315.749999999998,132.076787948609,171.3125,3.45686106463545,0.0277669121989796,0.874899685382843,259.543850898743,5.56248584389691
"219",-69.125,-32.875,707484,254.088216380891,108,0.766575866314085,244.750000000002,21.0638388395312,176.3125,7.8312411545318,0.0370707590306356,21.3836574554443,493.559440612794,8.66863349080096
"220",-69.125,-33.125,708924,391.423088874863,113,0.804618915670934,273.6875,25.2894726991658,176.9375,7.65605805140579,0.0399718983386688,19.5438117980957,542.087078094485,12.270832180977
"221",-69.125,-34.375,716124,171.159368321632,112,0.747237812153567,388.249999999999,24.5114763975139,178.5625,4.04246100713158,0.0123645761888436,3.0639762878418,528.318370819092,10.1884694695473
"222",-69.375,-12.875,592283,1058.6067497406,559,0.19551367625336,2657.8125,54.1727087497711,165.25,2.84377520235479,0.0203519078170252,2.28792929649353,102.948755264282,25.1563177108765
"223",-69.375,-33.125,708923,239.587620531659,98,1.2033717906762,341.374999999997,41.3721953630438,178.375,6.41508278563842,0.0697277115721692,12.6547937393188,447.26280975342,2.84650396555696
"224",-69.625,-17.125,616762,174.189254876202,103,0.734758371696079,444.562499999998,116.529650211334,173.8125,5.83148902818659,0.0293503336476911,3.35277199745178,203.309035301209,5.47053101658828
"225",-69.625,-17.375,618202,115.868631394052,103,0.793651892230793,362.249999999998,120.043067932129,173.9375,5.19836240282642,0.0276489804812533,3.15480494499207,213.07673072815,5.54591584205635
"226",-69.625,-33.125,708922,12.913823799136,90,0.403552308731239,417.9375,67.4195287227626,179.625,5.28537497320533,0.0508849820435129,18.7365665435791,418.354787826537,-4.72218032926324
"227",-69.625,-34.125,714682,33.4742342772527,91,0.619451749539865,491.375,71.2764906883239,181,2.12633003083746,0.0357468433260931,2.46670174598694,450.504636764526,-1.88556054979563
"228",-69.875,-11.375,583641,1056.17968599737,511,0.0260013473102189,1865.9375,55.3760910034179,166,1.35802591888561,0.0116888741236092,1.45513260364532,106.108913421631,24.529888510704
"229",-69.875,-16.625,613881,216.468425578734,104,0.462687000267618,612.374999999998,109.925111293793,174.3125,5.32045819822559,0.0388900736835088,3.6436550617218,179.407357215881,5.18909120559698
"230",-69.875,-17.375,618201,89.044302902255,113,0.991176847658353,367.874999999999,123.835359573364,174.75,4.60698197029327,0.0308617743579484,3.89136290550232,212.418632507324,3.5433163642883
"231",-7.125,38.125,298772,722.947513850201,94,1.23905452689784,560.500000000001,60.461567401886,75.25,7.23980664097917,0.0250175992607839,11.0412569046021,557.747661590577,16.185482263565
"232",-7.125,41.875,277172,824.03570673099,75,1.12941271697556,1209.62499999999,49.6761100292206,65.1875,7.73549625270044,0.0293125452484377,14.3362865447998,543.763584136963,11.6776585578919
"233",-7.375,40.125,287251,823.362251615154,77,1.56468727453651,957.93749999999,57.9981172084808,69.4375,14.3313669933382,0.0230715532597928,36.3396911621094,558.514442443848,14.7335671782494
"234",-7.375,40.625,284371,790.066685946161,70,1.2151940403546,1225.06249999999,56.8426635265349,68.25,12.1194986864739,0.0252921679717269,62.2743644714355,522.789630889894,12.6815672516823
"235",-7.375,41.375,280051,693.340161447663,70,0.985445256487614,1237.5,54.2613027095795,65.75,10.0165074320957,0.0261829846822134,31.1380386352539,483.615530014038,13.0338979959488
"236",-7.625,40.125,287250,904.929064957468,71,1.37723032250574,1166.68749999999,58.2150874137879,69.3125,9.89915213304483,0.0243598834495507,49.0699577331543,554.153579711915,13.6230074763298
"237",-7.625,40.375,285810,835.987459221082,68,1.45581045210664,1451.875,57.320059299469,68.75,13.2198145467395,0.0303458826303157,81.2165222167969,542.205421447756,11.4631030559539
"238",-7.875,37.125,304529,794.794702597062,104,1.6937770286969,557.812499999997,72.8711471557617,76.4375,20.8399828995425,0.0487834609260159,180.232681274414,479.584983825684,16.8204834461213
"239",-7.875,38.125,298769,772.625712631734,86,0.491742449998232,567.249999999999,61.869461774826,74,14.875767001573,0.0288564171810704,59.8988151550293,522.355258941651,16.4613424539566
"240",-70.125,-38.625,740600,209.36408336274,101,0.963623292949527,221.374999999998,49.3524198532102,185,3.83686208000811,0.0180881522919525,1.17029988765717,544.159328460694,11.083108663559
"241",-70.375,-12.875,592279,946.497799916559,575,0.552453389835789,4539.37500000001,45.2910094261169,164.4375,2.73635191202742,0.0477754200960217,1.74792790412903,93.2956981658935,24.6697461605072
"242",-70.375,-29.375,687319,44.9231606635186,79,0.700318670365031,97.3125,61.7002890110012,183,2.64452808589133,0.0203321949778997,1.90315246582031,281.026454925538,3.19137566909193
"243",-70.625,-32.875,707478,371.432412688387,101,1.51077425935176,398.937500000003,100.35937166214,185.9375,11.0352689807887,0.0643437488092505,67.3021697998047,418.823884963989,13.9887060523032
"244",-70.625,-33.375,710358,376.161046272016,101,1.35643157704646,428.937500000004,99.8216047286984,186.5,26.7332096558703,0.0619619782140674,3699.46923828125,464.931501388551,14.6205746531487
"245",-70.625,-36.625,729078,270.13179742249,86,0.90626292194341,715.812499999997,74.7710189819335,184.5,2.5942586736666,0.0432257432651272,1.18941116333008,502.008850097656,5.33226805925367
"246",-70.625,-41.125,754998,271.705259052192,104,0.557644804269987,489.749999999997,61.5915799140933,187.1875,4.71467775305693,0.0104187981062339,0.571154534816742,509.689456939697,7.70335540175434
"247",-70.875,-27.875,678677,37.5144568184382,74,0.268721915432608,39.1874999999997,109.559262275696,171.9375,5.51980417403977,0.00889386566408465,6.55541849136353,277.682943344117,15.2440873980522
"248",-70.875,-30.375,693077,126.882544325217,94,0.602372309756706,98.8750000000005,116.029133319855,182.6875,9.07877035396061,0.0170678595583745,3.49810385704041,312.634160995484,12.170135140419
"249",-70.875,-31.125,697397,161.01076017089,98,1.02029774402309,181.000000000001,110.686094284057,183.8125,8.08461814892181,0.0357139608100886,6.25302743911743,338.038082122803,9.76490113139139
"250",-70.875,-34.375,716117,671.834618926855,109,1.75105866239444,676.125000000003,108.284596920013,184.875,12.9595701803859,0.0311510488111544,71.332763671875,487.481672286987,15.7993718385696
"251",-70.875,-34.625,717557,691.894081017131,105,2.02038285378546,797.812500000001,101.806238174438,184.625,10.1423177393682,0.0450048403920863,38.5134925842285,480.449527740478,13.402349948883
"252",-70.875,44.625,261077,580.483353991355,147,0.81332333131619,1099.375,14.9655254483223,70.8125,3.56607217855353,0.0365219966944832,0.957035839557648,1033.98545074463,4.29116719961168
"253",-71.125,-36.125,726196,615.69597323455,99,1.39872872501976,950.437499999994,85.4704160690306,183.3125,5.96927464241095,0.114890445196998,35.5290107727051,469.369768142701,6.70758837461457
"254",-71.375,45.625,255315,554.375748581115,136,1.15279005741426,1210.875,16.3962941765785,68,6.79296084496193,0.0244585607662705,6.83045339584351,1092.66941070557,4.14663219451903
"255",-71.625,-36.375,727634,816.479552613665,111,1.82011279597861,1277.00000000001,86.2670378684997,182.6875,8.39301081449507,0.0443275248628248,20.2216758728027,452.256776809692,12.2616986632346
"256",-71.625,-43.625,769394,716.276998627543,102,1.55300628907757,1003.68749999998,45.7546904087067,187,2.35814554418785,0.0710015265393989,0.951322674751282,442.031621932984,6.58996868133519
"257",-71.625,45.625,255314,553.305515882592,138,1.34971412687339,1184.4375,17.9978107213973,67.5,8.45009852994572,0.0183783912513335,6.12462663650513,1099.64994812012,4.37937691807747
"258",-71.875,-11.375,583633,1060.0238257744,511,0.000214535536765501,2116.1875,50.7358522415161,159.9375,1.06763732556034,0.0124218333238075,1.05844223499298,71.154751777649,24.6565012931824
"259",-71.875,-35.375,721873,712.946245709948,112,1.57159114775175,841.062500000001,103.347589015961,178.5,9.41585075654216,0.0298687795305595,15.1090974807739,429.992431640626,13.3686131834984
"260",-71.875,-39.125,743473,835.078961844115,98,1.49906574209991,1991.3125,62.4463670253753,188.25,6.70198767835432,0.0795362154206688,15.0965480804443,387.892330169678,9.10847848653799
"261",-71.875,-39.375,744913,782.224753163795,95,1.84998865346412,1832.12499999998,62.5093195438385,187.9375,6.11649667720958,0.100352896138166,16.9321804046631,392.217412948609,7.50675955414762
"262",-71.875,-46.875,788113,286.160179674069,104,0.792060212529376,411.374999999999,28.7729378938671,187.5625,1.39427073127661,0.0590197260777701,0.503093957901001,446.713975906372,2.97199732065193
"263",-72.125,-37.625,734832,795.742349770402,113,1.69921991467616,1358.50000000001,75.0085344314574,185.1875,9.97506658252971,0.0268469519223441,29.322660446167,428.448354721069,12.5796393156051
"264",-72.125,4.625,491472,903.20384153927,332,0.5565918189974,2723.31249999999,62.8018198013305,147.25,7.84945767766483,0.0481538756477672,2.85555195808411,120.268613338471,26.7671458721161
"265",-72.375,-42.625,763631,651.413740735842,97,1.64675678302474,1827.74999999999,44.487135887146,182,0.637638570227138,0.0844804669605931,1.51675891876221,359.336101531983,7.27249908447256
"266",-72.375,10.625,456911,1182.94381511338,385,1.35986594281095,1180.25,64.3976128101349,131.8125,9.98498612622481,0.0509325583942996,25.8914680480957,68.0767514705654,25.9042043685914
"267",-72.375,10.875,455471,1274.47952063195,379,1.36032294313022,1105.25,63.7900459766388,132,10.0722585663788,0.0678818968145107,50.2961540222168,76.2776470184324,25.4638893604279
"268",-72.375,4.625,491471,922.270683924122,347,0.33967511655866,2828.6875,61.9130437374115,146.8125,7.05556178961067,0.0448210602899712,2.88825249671936,117.130280017853,26.7487301826477
"269",-72.625,-13.875,598030,491.855317217123,157,0.0983384352600553,954.874999999999,88.5793356895449,170.5625,7.33312439599193,0.030855880153559,11.5047817230225,118.409575939179,7.58183327317245
"270",-72.625,44.375,262510,596.1514989936,155,0.903314128797291,1142.125,18.4016513824462,69.5625,9.79749964969196,0.0143704394337754,33.7588996887207,1031.12355041504,5.19761410355568
"271",-72.875,-13.875,598029,572.431271879102,159,0.249740383937024,1000.0625,85.3326411247255,171.125,6.72321827589552,0.035632811309252,7.46374654769897,95.9897861480728,10.2828701436517
"272",-72.875,-38.375,739149,673.928310326328,114,1.40153012595647,1024.5,69.6229524612426,186.5625,7.32982297057855,0.0288553990912211,20.0825099945068,343.03822517395,11.7742838263512
"273",-72.875,-39.375,744909,721.792173988204,110,0.769624525734244,2040.12500000001,63.2843520641328,186.1875,6.67773709678209,0.022819495646624,19.0665168762207,327.430057525635,10.9518684148789
"274",-73.125,42.125,275468,678.602865568246,165,0.519224754030761,1220.75,7.63014307618136,74.25,9.68976053305306,0.0162298942139157,10.0934343338013,954.561618804931,7.18035027384757
"275",-73.625,4.375,492906,731.001279476251,528,1.32457263878512,2408.31250000005,46.0094153881075,140.5,9.03712178675896,0.0630681119970287,30.2587280273438,48.1967895030986,16.8977851867679
"276",-73.875,11.125,454025,1146.7676897148,459,0.496284311367361,1375.56250000001,70.0043201446532,136.1875,8.57593795847044,0.11324699027617,156.091674804688,66.5441939830782,22.3065791130064
"277",-73.875,4.625,491465,581.111284783126,414,1.24513919896503,1606.81250000001,43.6689414978031,139.1875,14.1637892955701,0.0963806310490026,51.7344627380371,35.9614531993867,12.059861600399
"278",-73.875,40.875,282665,603.767577291187,191,0.839747354015526,1179.3125,9.98444306850435,76.1875,39.8061032255852,0.0903912189972898,7901.21923828125,899.775695800781,11.6144033074379
"279",-73.875,42.125,275465,731.943152152156,166,1.41826974960516,1044.75,13.0381972193718,74,19.2305528733296,0.0359982817501146,80.7774124145508,961.477142333984,9.21242779493331
"280",-74.125,40.375,285544,710.248642215482,183,1.47040781023065,1201.8125,10.5362164974212,76.75,36.3198705920968,0.0813059117117024,641.776000976562,874.549312591552,11.7066647410393
"281",-74.125,40.625,284104,533.639912134649,186,0.817875710783249,1223.5,10.831485569477,76.75,38.470783558285,0.0872635944170167,4338.3525390625,898.879848480224,11.8861917257309
"282",-74.375,40.125,286983,817.705271157077,181,1.64144661997998,1168.0625,10.285821557045,77.0625,25.4802163731145,0.0394257161151113,207.526062011719,872.763050079346,11.521275639534
"283",-74.625,39.875,288422,881.085035969385,180,1.84479842996348,1155.5625,11.7493795156479,77.5625,17.7051582840272,0.0242292176028969,88.1571502685547,865.978019714355,11.7794470787048
"284",-75.125,-11.875,586500,477.99214311456,304,0.502104300108981,964.375000000005,63.902275085449,162.5625,10.1616033923983,0.0496352023319621,227.039627075195,45.558773994445,8.10962709784493
"285",-75.375,-10.125,576419,945.953252609889,525,0.728951273453366,2004.50000000001,42.75621509552,157.0625,1.7102616008941,0.0501671036713146,2.8600754737854,43.4063737392426,23.4468041658402
"286",-75.375,44.375,262499,632.152849032313,163,1.29522081683434,958.750000000002,19.6542139053344,68,7.84620146186993,0.0207010054679167,20.2019538879395,1062.53993988037,6.3809425830841
"287",-75.375,44.625,261059,604.323898537901,162,1.48512956016737,908.125000000001,18.7419613599778,68,12.6766212269619,0.0310107131630088,35.2737426757812,1086.21702575684,6.48339772224426
"288",-75.375,44.875,259619,552.216693162252,161,1.5620812923846,936.4375,14.6264821290971,67.75,12.7212503287857,0.0315034448350098,21.2274017333984,1116.29864501953,6.21726697683335
"289",-75.625,-6.625,556258,984.151824425077,556,0.0649185318722662,2046.875,30.8864948749543,160.75,3.58677914177357,0.0287710286160648,4.22378540039062,35.5003507137298,26.4853483438492
"290",-75.625,44.375,262498,626.675181100461,164,1.52270165319808,947.187500000001,18.2253503799439,68,7.29720093073524,0.0401699197911912,7.12318706512451,1057.27281951904,6.65717509388923
"291",-75.625,44.625,261058,608.789331562472,163,1.5944924090027,910.624999999999,16.8678271174431,68,17.3417664680433,0.0378396847850938,83.296516418457,1077.5618057251,6.52745515108109
"292",-75.875,-5.375,549057,946.323888606504,526,0.247822657261311,2217.8125,25.530199289322,157.75,2.29696961103479,0.0284514436633137,1.88402426242828,30.0342549085618,27.0389865636826
"293",-75.875,-8.125,564897,925.170074432408,479,0.0058225662884915,2318.56250000001,32.8551812171936,157.5,1.02862800465251,0.0422930836572171,1.54884779453278,32.2126952409742,23.5808165073395
"294",-75.875,-8.375,566337,901.669955415652,473,0.0110279755867373,2300.37500000003,34.3567969799042,156.8125,1.48741360560594,0.0403402861130167,2.89455461502075,34.2682104110714,22.7302676439286
"295",-75.875,0.625,514497,938.63261616426,504,0.16012299955211,3626.12499999999,27.8018357753754,152.25,3.57318531278763,0.0139390134411676,7.0657057762146,61.7023344039917,25.1533203125
"296",-75.875,40.625,284097,738.712008742175,182,1.65127052998768,1169.75,13.4414940476417,76.25,18.008131315173,0.0234252591068432,55.0561904907227,920.248924255371,9.96323066949845
"297",-75.875,44.625,261057,607.408984108852,164,1.42017258106349,938.1875,15.5807941555977,68,11.2204162917288,0.0414445563747901,19.1092967987061,1076.98845672607,6.40394926071168
"298",-76.125,0.625,514496,936.399209147632,508,0.0587509119388476,3819.625,25.2831268310547,150.25,4.27189262107182,0.0132015413046792,11.6266145706177,57.5062606334687,25.0149940252304
"299",-76.125,40.625,284096,731.334195834321,177,1.53356003687694,1162.5,14.3705044984817,76.25,21.7297679476764,0.0237899793762383,103.242225646973,915.500102996826,9.8043677210808
"300",-76.375,-1.875,528895,873.141953819735,484,0.0010467426267113,3376.5625,18.1902596950531,151.75,0.79535861819477,0.0119423427735864,0.0960452184081078,50.4736876487732,25.4052301645279
"301",-76.375,-5.375,549055,990.903550001365,508,0.0255557788210704,2178.75,22.3328304290772,155.6875,1.08958419053577,0.0183737890089164,0.924914717674255,28.1982791423798,26.6836013793945
"302",-76.625,-5.375,549054,1016.31781765909,514,0.0556732420838382,2125,21.3627910614015,154.5625,1.30934870810652,0.0264836188747906,1.71816253662109,28.4855375289917,26.5309815406799
"303",-76.625,0.625,514494,892.630355364197,547,0.858774534923254,3609.0625,20.9617527723313,145.6875,8.01864728122131,0.0204752663928347,16.9055328369141,51.7870738506322,24.8770419359207
"304",-76.625,42.375,274014,673.349515731035,167,1.44247423772306,930.625000000001,19.5487195253372,70.75,13.7766917161557,0.033261769356806,44.2559967041016,940.774089813232,7.74175196886063
"305",-76.875,0.625,514493,876.986340578466,607,0.907299956355657,3522.62499999999,19.0115060806274,142.75,7.80327596888021,0.0380169432393747,18.4710712432861,39.2068634033208,24.1998760700226
"306",-77.125,-6.625,556252,892.993588805901,539,0.0458362293626523,1125.3125,31.5568213462828,153.25,1.65883445133981,0.0444531011850329,2.00009346008301,40.241675376892,19.2707890272141
"307",-77.375,-2.875,534651,956.969289488929,476,0.00295916260727635,2762.5625,14.512647151947,148.3125,1.55258519624607,0.016385667914571,1.08885669708252,44.8518126010893,25.7794417142868
"308",-77.375,-3.125,536091,968.796641812652,468,0.000994667431257581,2597,14.3936274647713,148.9375,0.5399541973542,0.0183230154987807,0.284001439809799,41.4068679809569,26.0741156339645
"309",-77.375,-7.625,562011,625.553472709149,364,0.92375462753889,1148.625,53.2655856609344,155.6875,2.18187545355615,0.0916386781264288,0.952628195285797,37.5066850185394,13.1543330550194
"310",-77.625,-2.875,534650,948.59714586207,454,0.0483962107056085,2706,16.0278787016868,146.4375,3.41946325023368,0.020109703646548,2.72744584083557,48.3334228992461,25.6607954502106
"311",-77.625,-3.125,536090,959.722437491627,452,0.00321851676152012,2556.375,15.8764883875846,147.3125,1.36303564608145,0.0193123785436672,0.284001469612122,44.2764828205108,25.9554527997971
"312",-77.625,-5.875,551930,670.941147007028,583,0.637030815429626,1214.375,24.0906469821931,146.875,4.61232663875701,0.0767768756540693,9.53521156311035,41.5669016838074,15.4886131882666
"313",-77.875,-0.625,521689,534.714911674478,624,0.513243720774077,2245.93750000003,25.826791882515,135.5,4.97492224918795,0.0859504290732814,2.1585373878479,36.346799135208,14.8003280758859
"314",-77.875,-1.875,528889,797.708110040997,595,0.290845796427067,3769.31249999999,13.5220906734467,141.9375,3.59766908934431,0.026267075331505,6.70627164840698,43.4455111026764,21.9058336019516
"315",-77.875,0.125,517369,474.17426905625,337,1.07661954898365,1160.50000000001,17.1954100728035,132.3125,3.7671678057743,0.0753192667448981,5.94944190979004,40.5215039253233,9.78767445683486
"316",-77.875,0.625,514489,514.296486771339,280,1.20246173694725,1098.5,28.0684925317765,130.6875,10.6461677163836,0.102261763617953,76.1763687133789,39.5850973129274,10.2829029262067
"317",-78.125,-4.125,541848,906.668596443879,391,0.0169837799258692,2009.50000000001,16.8295757770538,146.5,1.17658127612463,0.0382689317082002,1.44868183135986,29.948878288269,22.9514731168747
"318",-78.375,0.375,515927,618.614627741218,430,1.54575003660596,973.562499999997,41.004299879074,127.8125,8.63420259997829,0.081771050302041,52.306339263916,16.7283276915549,11.7279777526856
"319",-78.625,-1.125,524566,445.904047374435,231,1.23313311765871,667.687499999992,23.3970663547514,132.5,15.2383496857709,0.0795017670757074,242.230270385742,58.6663537025458,11.3460471034053
"320",-78.625,-1.375,526006,487.138984706209,227,1.12978045788619,762.000000000004,22.4641125202178,133.3125,13.6653040756598,0.0890188667575393,329.23779296875,56.7682995796203,10.2099318504335
"321",-78.875,-3.875,540405,850.447752656716,528,0.618096581917809,1328.56250000001,21.7553917169569,141.3125,5.45302055336279,0.0549992611673068,16.7373237609863,31.0580134391785,20.3166012763978
"322",-78.875,-4.875,546165,834.84205767175,415,0.221157151238811,1361.9375,26.2950547933578,144.0625,4.02238097683097,0.0547252943529953,10.0122089385986,30.2770320177079,18.3632344007493
"323",-78.875,-5.875,551925,800.537813325504,257,0.879963598484452,766.562499999987,40.5303084850316,147.4375,8.81082843124941,0.0740794681641514,71.1364898681641,58.24916791916,19.6413531303407
"324",-79.375,-0.125,518803,649.49230083353,314,0.728170054593242,2708.125,87.1831989288328,121.125,13.1190745289585,0.0273874889176676,96.4669189453125,64.606864452362,24.0962007045746
"325",-8.875,39.375,291565,873.69755343979,84,1.51670279433597,739.374999999998,59.7456195354462,70.6875,20.4698600625558,0.0331450934182112,77.3715286254883,408.312526702884,15.5588413476945
"326",-80.625,43.125,269678,546.143338474923,175,0.45710067960541,962.249999999999,14.5461195111275,68.25,18.9837151146154,0.0171614642870753,55.7835311889648,988.708438873291,7.37544023990632
"327",-81.875,27.875,357513,1073.68195452884,158,1.05736323224485,1275.1875,55.5995969772339,91.8125,24.5235004202465,0.042543664742417,144.722152709961,449.000658035278,22.4190397262573
"328",-81.875,28.125,356073,1120.33612921601,157,1.48682798576379,1259.6875,52.828234910965,91.4375,22.683640075698,0.0432787375209567,261.312896728516,458.493566513061,22.2463667392731
"329",-82.125,27.875,357512,1096.40968949131,162,0.880463603762997,1282.1875,56.3457939624787,91.9375,23.5084739209166,0.0359785792291909,153.231414794922,454.480504989624,22.398833990097
"330",-82.125,28.125,356072,1153.09782398161,161,1.00492198835617,1283.75,53.0199434757233,91.8125,24.0872316039307,0.0296922802081325,142.268447875977,462.937440872192,22.1576538085938
"331",-86.375,41.875,276855,689.025472763678,184,1.44574623434661,977.875,20.2899889945984,70.75,20.3875665505277,0.0569821871972023,81.1211776733398,982.458827972412,9.65779376029968
"332",-87.875,43.375,268209,638.850673780551,175,1.5327412045558,793.6875,34.2526633739471,69,31.3806330258129,0.105885371085262,163.825164794922,983.711124420163,7.87275847792627
"333",-89.875,38.625,295561,747.548717090245,188,0.842320046833251,968.3125,19.1560211181641,75.5,26.9248367096269,0.0238576257906575,259.862182617188,982.32950592041,12.6446672677994
"334",-94.125,48.875,236504,560.727161916447,158,1.12337549387938,673.750000000002,55.5178611278533,65.8125,2.63883887946056,0.0369324238397358,0.443365454673767,1286.61135864258,2.75516276061535
"335",-95.625,47.875,242258,545.86873907481,178,1.17999020100602,582.875000000001,64.822479724884,66.1875,2.96180430013044,0.0259521819272974,1.03856635093689,1300.1422958374,3.69028522074222
"336",-96.875,19.375,406413,1067.33683532495,286,1.38215314959411,1380,75.9473519325259,107.75,12.6711709888325,0.0433332142584976,219.922027587891,220.103304862976,20.7315175533295
"337",-97.625,40.875,282570,717.532069409415,179,0.0223774857313723,725.750000000001,52.8324031829834,76.9375,10.2569545636733,0.00858877862559067,17.9634017944336,1076.03662872314,10.2893935441971
"338",-98.625,19.125,407846,845.241948127298,171,1.88305184437563,1077.50000000001,89.3371467590331,115.75,12.6519319782538,0.0531852280521262,47.073169708252,143.956138610838,11.2183449864386
"339",-98.875,18.875,409285,885.774093437677,194,1.0486458428108,934.4375,104.019091129303,116.0625,22.5452948755489,0.0407752962581924,429.368438720703,171.300755500793,20.3873606920242
"340",-98.875,19.125,407845,757.616475690709,187,1.43697538649075,915.125000000012,94.5433459281922,116.1875,24.0928865733966,0.0627166685718647,462.993865966797,162.752610206603,14.5016302466392
"341",-99.125,18.875,409284,995.525553760586,204,1.67771787913181,982.187499999993,107.832430839539,116.1875,24.9140642772731,0.0342292404930654,1029.2451171875,180.032799720765,21.7292733192445
"342",-99.125,19.125,407844,882.018331308154,197,1.99446362593012,1100.93750000001,96.3560943603516,116.5625,24.9666387478513,0.0624318117950773,564.272583007812,151.086778640746,13.2833761572837
"343",0.125,41.875,277201,825.857725211566,88,0.453620683991096,453.375,28.7247140407563,65.25,15.5826401768478,0.0426102573445356,36.426155090332,682.390396118165,14.9242066144943
"344",0.375,46.125,252722,694.883393433219,59,0.762061128279657,825.6875,19.5983381271361,59.5,14.077280333737,0.0343407183546712,25.591760635376,547.139621734619,11.6783208847046
"345",0.375,48.375,239762,613.088137874673,57,0.980608848413472,691.874999999999,14.3355662226676,52.75,16.0345014178808,0.0362443022690904,37.3439445495605,522.092445373535,10.523930311203
"346",0.625,48.875,236883,577.111690433919,56,0.992311523298416,728.312499999997,15.1258189678191,51.75,13.6840811306853,0.0247946375838293,43.1463813781738,502.107717514039,9.98831444978714
"347",0.625,51.375,222483,495.481196065137,65,1.77491181754672,609.437500000001,18.7297568321229,47.8125,33.9981602311817,0.0636797143827075,880.457153320312,482.530757904052,10.1740446686745
"348",1.125,42.875,271445,806.261338181516,73,1.52197623142946,1138,14.1489984989167,68.5,7.98282222397512,0.0895780345031251,23.7463073730469,576.335037231446,8.51146870851514
"349",10.875,52.375,216764,559.71331341428,60,1.35919865036305,604.5625,17.1517342329026,50.75,19.4000074477473,0.0257652642032464,270.440093994141,631.492095947266,8.7685894370079
"350",11.625,51.375,222527,524.293097925887,63,0.612112543968082,557.187499999998,28.4350887537004,52.75,19.4019070574496,0.0235391541876238,100.919471740723,655.027210235596,8.87464356422427
"351",11.875,51.375,222528,514.006635761257,61,0.895262089214468,522.875,30.5891972780228,52.8125,25.2965242706688,0.0265147450369607,412.126647949219,663.379589080811,9.32847422361375
"352",11.875,51.625,221088,514.598640589126,63,0.507503954120311,534.062500000001,27.4542186260223,52.4375,23.7396244310059,0.023940942453513,258.133239746094,659.769115447998,9.08767431974411
"353",12.125,51.375,222529,507.107442379956,64,0.740446197177198,504.187500000001,27.9430885314939,52.9375,29.2965269950269,0.0327965439719546,327.819732666016,673.459396362306,9.37207227945327
"354",12.125,51.625,221089,502.336784965501,64,0.670058293668943,531.874999999999,24.7584549188611,52.8125,26.1431012554507,0.0296112325674431,177.324951171875,673.778953552247,9.16895508766175
"355",13.375,54.125,206694,503.952066448626,67,1.38283418788126,590.437499999998,19.9018193483352,48.4375,18.3108715248842,0.035973675402224,218.315963745117,636.507549285889,8.21491414308548
"356",13.375,55.625,198054,485.340934889124,57,1.01857834109459,690.437500000003,21.2415362596512,47,20.5640708450921,0.0344665280539042,93.5915145874023,638.844406127929,7.74236336350439
"357",13.625,50.625,226855,523.247988324361,62,2.02214563494748,776.31249999999,25.6179269552234,54.25,23.633595331229,0.0437363421162933,249.027816772461,708.006576538087,7.68364584445961
"358",13.625,52.375,216775,550.6355445345,62,1.83211270838663,549.937500000001,22.8366758823396,51,27.9010397344955,0.0415520333219031,1686.35900878906,690.345066070556,9.06675094366073
"359",13.625,55.625,198055,493.977188993399,55,1.32477564649939,707.437499999999,20.9049886465072,47,15.670308383695,0.0334311567450076,45.3183746337891,635.946083068847,7.46766468882561
"360",13.875,41.125,281576,796.373501431789,74,1.56262794187545,903.499999999998,46.3612895011903,69.4375,28.6691280734066,0.0557454396127833,194.478790283203,610.790073394775,14.9377645850182
"361",13.875,48.875,236936,542.686578828046,63,1.44381293312296,1136.875,18.9136480093002,57.9375,7.92601851175541,0.0358205863721233,23.7570533752441,675.690475463867,5.92126512527467
"362",13.875,51.375,222536,593.635340275173,62,1.87301927990473,635.500000000002,25.4308604001999,52.75,19.3032844153723,0.0309795750933545,90.4401321411133,684.861499786377,9.14741599559783
"363",14.125,40.875,283017,598.996333350306,76,1.361884270932,923.375000000003,49.1445586681364,69.9375,36.1517607487341,0.0789859034377819,3226.9501953125,589.764083862305,15.6356616020203
"364",14.125,41.125,281577,772.063268463612,76,1.23087317660227,893,45.134738922119,69.8125,28.4632153200019,0.0674569577096512,246.713088989258,612.180023193359,15.0593593716622
"365",14.625,49.125,235499,564.716738184024,62,1.76277609344521,654.562499999997,33.1744056940081,58.0625,16.2969761299811,0.0184404530559366,58.5958786010742,728.668182373047,8.08426028490067
"366",14.875,49.375,234060,581.335205705547,62,1.46042596466983,613.687500000001,37.856508731842,57.5,13.5441985223732,0.0127733898700657,38.6041526794434,727.690502166748,7.59442839026449
"367",15.375,59.125,177902,500.957667501759,52,1.76009946853336,650.8125,27.0891723632812,45.75,12.7089064632232,0.0544413484987033,31.8922824859619,741.827243804931,5.98705008625984
"368",15.625,50.625,226863,537.907773269608,61,1.9043203664207,621.6875,38.2214002609254,53.6875,19.9753124275769,0.0259088505944216,92.0403671264648,716.6967086792,6.07914331555368
"369",15.625,50.875,225423,569.860469291654,66,2.01062981848215,628.625000000001,35.7415614128114,53.1875,17.4852224618701,0.0274885211857948,193.681365966797,718.046665191651,6.36645394563672
"370",16.375,48.125,241266,570.862442610135,69,1.3857365029976,579.999999999999,29.9798648357391,60.5,31.8745595970765,0.0628939412341875,1981.17309570312,752.083621978761,10.0269070267678
"371",16.375,50.125,229746,575.877377464772,65,1.58741140839311,580.062500000001,47.669457912445,55.25,19.6658699836915,0.0197101123113856,92.5698318481445,712.013881683349,7.00566163659093
"372",17.125,49.625,232629,583.769173413775,66,0.896377744869831,565.812500000002,45.883475780487,56.25,23.9529101305569,0.022755695349413,190.212203979492,738.336326599122,8.38068619370462
"373",18.375,57.125,189434,477.451630013981,48,1.68716223286958,551.687500000001,22.6454269886017,44.1875,10.5489346176771,0.0312505659859302,13.3497514724731,646.620414733887,6.95482802391052
"374",18.875,68.375,124636,292.182963589525,21,1.42242481430624,479.875000000003,33.2887699604034,45,3.05716393786274,NA,2.88132977485657,832.333740234375,-1.65545244887476
"375",19.125,47.625,244157,615.651948749414,65,1.59713316167119,534.6875,24.1294530630113,62.25,28.9940239550268,0.0562632351680401,1575.44567871094,799.8058052063,10.7422450780868
"376",19.125,52.625,215357,547.965287538169,64,1.63117371028118,527.25,38.3881039619446,49.25,18.934078418119,0.0201579884926075,207.754592895508,778.160598754883,8.22030410170555
"377",19.125,68.375,124637,291.680688372831,21,1.33575086130428,502.125000000004,34.34947514534,45,2.51205486902481,NA,2.82180023193359,847.899932861328,-1.93149544298652
"378",19.375,43.875,265758,721.995414335132,62,1.37340250437334,1021.5,15.7264468669892,67,9.61305463165176,0.0341298725422952,18.6644687652588,704.33158493042,8.01224675774575
"379",19.625,43.875,265759,716.821509749451,64,1.59506967472724,960.062499999998,17.5932694673539,67,11.2282904865098,0.036790718830971,56.5757141113281,721.104259490967,8.57416018843648
"380",2.375,48.625,238330,560.533504068796,60,1.41549650292304,626.3125,8.46105456352229,53.25,35.3804536768903,0.0619997070759037,1703.33581542969,570.426078796387,11.0209567546844
"381",2.375,48.875,236890,436.264796914161,60,0.359723146891397,637.75,10.0723665952682,52.75,40.0229205761964,0.0822934349279837,10034.7421875,567.833969116211,11.4561131596565
"382",2.375,49.625,232570,487.542794398804,54,0.110664778133161,677.062499999999,11.2546344399452,51.25,19.6408677743493,0.0179445182708428,55.0806922912598,538.396453857422,9.99387562274933
"383",2.875,47.375,245532,602.329412266338,67,1.01648055196055,732.1875,10.9202644824982,55.75,17.4794731895597,0.0408852321006706,59.7726821899414,594.391426086426,10.5785954594612
"384",2.875,48.875,236892,588.11963423744,56,1.29662300622129,633.6875,8.96796971559525,52.75,29.0657129516242,0.0295579763469753,282.811004638672,560.66561126709,10.419033229351
"385",20.375,50.125,229762,536.69342216105,59,1.09002026791734,696.687499999999,41.6440153121949,56.25,20.3868745880482,0.0320663294467305,127.181198120117,767.430522918701,8.6213618516922
"386",20.375,50.625,226882,532.430760544482,64,1.19611512198454,637.1875,37.5087842941284,54.5,18.8917271434874,0.0204485430003049,83.8712692260742,774.21012878418,8.0968241095543
"387",20.375,54.375,205282,551.117183407355,64,1.61878800613589,752.125,25.2406741380692,47,12.0839465915448,0.0207571836153564,34.414909362793,735.986793518067,7.16198706626891
"388",20.625,44.625,261443,736.530207496215,67,1.42547251859777,677.624999999999,26.5904996395111,65.4375,24.1373820832792,0.0432655618903372,249.502197265625,762.521564483643,10.9712543487549
"389",20.625,50.625,226883,550.771791909299,63,1.52136607826029,634.9375,36.6832008361817,54.5,24.5758312519532,0.0187853652263376,82.7481079101562,773.489402770996,7.92957285046577
"390",20.875,44.625,261444,701.901581737615,68,1.17742333294626,653.4375,26.0452558994293,65.25,23.1715609221248,0.0355413022976684,218.660980224609,775.179588317871,11.2538973093033
"391",20.875,48.625,238404,625.287703570425,62,1.47067602980004,625.749999999998,41.6120238304138,61.25,11.2322180053746,0.0354844262021794,53.723762512207,782.368335723878,7.96815979480748
"392",21.125,44.875,260005,707.155721507595,63,1.67581821039337,654.9375,27.2353616952895,65,14.7031324843193,0.0339282490759783,29.9858131408691,780.337219238282,11.1922655701638
"393",21.375,49.625,232646,592.572696061373,59,1.75959722821801,755.5,42.5236799716949,57.5,14.8075684846174,0.0172300394852156,113.818176269531,753.662826538086,7.35913369059562
"394",21.625,48.125,241287,615.494243746536,59,0.967683874391,557.937499999998,31.5735540390014,62,19.9350418849144,0.0251587088953675,87.5573501586914,824.871028900146,9.79571270942689
"395",22.625,44.625,261451,736.061620301611,81,1.93090626638553,625.125,20.0159920454026,68.5625,14.9403146765525,0.0546433232357878,282.517578125,843.074260711671,11.3293728232384
"396",22.625,51.625,221131,572.645443014338,63,1.17740304870213,505.125000000001,37.1274440288544,53.25,16.54789275461,0.018189103938043,52.4031562805176,817.270164489746,7.80239897966384
"397",22.625,53.375,211051,564.734330656731,65,1.73328236130532,542.937500000001,36.2827880382538,49.75,12.4531551318767,0.0249405042581162,23.1371307373047,792.011634826661,7.0584746301174
"398",23.125,52.625,215373,558.321642747672,63,1.69298215810475,574.812500000001,33.5680563449859,51.25,12.9059497905826,0.0178851296963119,33.2512397766113,785.156078338623,7.02637043595313
"399",23.375,43.125,270094,717.976431126728,74,1.59795885152023,668.812499999999,28.7397588491441,71,10.4459491546982,0.0326191581885386,44.123836517334,739.593940734863,8.18879541754726
"400",23.375,46.375,251374,595.94403710871,65,1.45888895616881,736.624999999997,42.9704053401948,64.75,9.52239163253805,0.0307187297572777,17.8397769927979,738.15410232544,6.46142113208775
"401",23.375,46.625,249934,586.632315190228,66,1.67991621162976,733.062499999995,42.68713927269,64.25,10.9519291516943,0.0298588010592897,52.3370208740234,741.051868438722,6.42908781766898
"402",23.625,46.375,251375,623.913517520813,62,1.64263996056297,639.937499999993,45.8749825954438,64.75,14.388969749078,0.0381993384202098,62.2108001708984,783.236888885503,7.96204158663762
"403",23.625,46.625,249935,606.561058854303,64,1.73635499589184,624.874999999997,46.2659139633178,64.25,17.6055432815707,0.036347516337067,202.108016967773,788.361186981204,7.80323627591139
"404",25.625,65.125,143383,420.915492582249,55,1.07249743133309,524.874999999999,30.4599186182023,44,18.6567287996668,0.0234641298981057,48.822093963623,947.615863800049,1.8157421797514
"405",26.375,44.125,264346,650.27155783411,75,0.669515538735568,555.5625,27.6092028617858,69.25,16.1367817129789,0.0236057229747755,44.2247581481934,895.638725280762,11.1423283219338
"406",26.625,39.875,288827,937.866587025846,95,1.7120280314601,684.187500000002,63.1734895706178,73,9.64201577243211,0.0298123005586118,24.9273910522461,688.821830749511,13.8407192230224
"407",27.375,42.375,274430,779.606299791639,109,1.84376384467961,552.5,19.0074653625489,70.75,11.6893777560706,0.062378279269781,108.595275878906,751.538520812987,12.4376677274704
"408",27.875,42.875,271552,768.04865329847,96,1.48067296189525,521.6875,14.4417610168458,69.6875,13.8276286052772,0.0425077616094424,34.7016067504883,729.662170410156,11.7871491312981
"409",28.125,37.375,303233,947.114143382323,110,1.63381042784297,814.187500000007,81.4160504341127,77.8125,11.2015775945868,0.0206465108691507,44.9069709777832,727.681297302246,15.807212948799
"410",28.125,45.125,258593,613.442050888293,84,0.678694361269279,458.687500000001,27.1396045684814,66.4375,13.0165107015469,0.0328803845640881,38.3573760986328,891.800212860107,10.9013202190399
"411",30.375,36.875,306122,695.990900599083,120,1.31089456617875,559.687500000002,59.7899212837221,75,10.451946667939,0.0448491274051359,64.4197540283203,751.386707305907,12.1253374814988
"412",30.375,37.125,304682,711.738296215261,119,1.45112943917318,504.125000000002,58.0572569370271,75,11.1293153887189,0.0371254658910303,24.2682304382324,752.321495056152,13.1267499923706
"413",30.625,36.875,306123,720.980010025052,123,1.70423051905575,700.500000000004,76.4289460182192,75,20.2891441265058,0.0329063966095181,546.846923828125,746.561546325685,17.0286039710046
"414",30.625,37.125,304683,806.092440557712,124,1.45570864120643,621.500000000007,67.6797122955329,75,12.5601629446203,0.0328822556207974,285.855895996094,754.022533416748,15.2413846850397
"415",33.625,39.875,288855,396.606781832867,98,0.796760680283466,417.437500000001,44.0394394397736,75.5,14.6102454707104,0.0213289823388205,54.844856262207,812.472393035887,10.9386875629425
"416",33.875,67.875,127576,291.786840713088,34,1.49256365931061,556.8125,36.1118543148041,46,4.59138520093667,NA,13.7595300674438,919.123935699462,-1.90129619836808
"417",33.875,68.125,126136,327.249955318582,31,1.05745683184637,524.125,36.8344399929046,46,3.83391628923926,NA,18.9403686523438,937.291973114014,-1.573979139328
"418",34.125,67.875,127577,319.544688511098,33,1.43278196642261,523.562499999999,36.2864923477172,46,3.06158186423531,NA,6.1670880317688,925.316696166992,-1.43490558117625
"419",34.125,68.125,126137,326.652772183569,30,0.981452767809595,516.374999999999,36.8076956272126,46,1.25676733355055,NA,1.95630013942719,926.945831298829,-1.52589457482098
"420",35.125,38.125,298941,386.43429515041,121,0.717857816443366,422.125000000004,49.6897654533387,78.4375,10.8887681491595,0.0339974266992977,28.0497531890869,787.245346069337,8.97774335741986
"421",35.375,37.875,300382,465.928217398916,113,0.601351571400899,537.124999999999,51.8900389671326,78.6875,8.76150831004476,0.0465339815744159,15.272780418396,786.762599945069,7.19405669719013
"422",35.375,38.625,296062,426.916301795421,112,0.889273575775071,431.000000000004,47.7978119850159,77.5625,13.529586836162,0.0303799856452494,146.930221557617,806.252170562743,7.23941463232021
"423",36.875,55.625,198148,464.928772655188,67,1.38513395380691,639.375,34.2634239196777,52,24.9860391688836,0.0179476618465172,210.813980102539,965.380260467529,4.59521868824959
"424",39.125,55.875,196717,534.419952695962,69,1.12675742886202,624.187499999999,34.6834533214569,53,16.3297359225693,0.0193734639346138,147.442245483398,1087.47886657715,4.99359184503554
"425",4.375,51.125,223938,506.459581563302,60,1.59196134144773,788.3125,13.3248012065887,50.25,33.714829455969,0.0725734490237109,1135.41918945312,548.40905380249,10.4317633509636
"426",4.625,43.625,267139,910.554355361366,101,1.85198621391856,697.749999999999,39.4408519268035,65.75,19.8122335197862,0.0768509630677333,79.7588653564453,630.065200805665,14.9330298304558
"427",4.625,48.375,239779,607.476013908573,67,1.2449202339859,768.375000000003,10.0632452964784,55.75,12.6262584189217,0.0377844400148603,22.3436298370361,600.418151855469,10.4818379282951
"428",40.125,44.125,264401,691.646245671464,91,0.721096450336885,1307,16.7218844890594,69.5,7.10573739359131,0.0451771416800021,20.1956615447998,732.03003692627,7.97297659516338
"429",40.625,44.125,264403,676.393950959733,91,0.760414161537648,1095.62499999999,17.8004066944125,69.9375,7.55405439289798,0.0447707094955041,18.7400302886963,758.324157714844,8.44380015134812
"430",43.875,40.375,286016,397.317618376141,109,0.292695510407745,406.812499999999,47.197458744049,72.1875,11.9917165185948,0.0403278403110607,39.9205436706543,971.1678276062,7.33698698878292
"431",44.125,40.375,286017,426.531106030933,120,0.248928636147735,526.562499999993,42.1638765335084,73.0625,11.412735534763,0.0463224362083081,26.9693412780762,912.471961975099,4.36621867120289
"432",44.625,40.375,286019,500.302124267175,119,1.07342119728837,449.500000000002,47.0392100811005,74.25,17.3150369383634,0.0390231045133513,207.217407226562,925.622051239014,6.70639851689324
"433",44.625,40.625,284579,574.422015987494,99,1.11095719904394,611.187499999996,47.0999562740327,73.25,14.3460980285642,0.0441923350142343,40.851245880127,836.199413299562,3.44577871263037
"434",44.875,41.125,281700,645.72319202856,109,1.38409198314173,572.312500000001,51.5142071247102,73.3125,9.81953734223746,0.0402318029835389,51.4248275756836,756.885887145995,9.19449555873869
"435",45.125,43.625,267301,460.333982918193,86,0.869046004239301,465.937499999999,38.7093534469604,62.25,14.6452432542578,0.0302186690291117,42.8847427368164,990.891838073731,10.5716438889504
"436",46.125,38.875,294665,375.192081855761,134,0.387790836043842,337.1875,47.4388480186462,77.1875,10.069310681222,0.0531124226719312,35.9845504760742,972.486698150633,10.7712329030038
"437",46.125,39.375,291785,557.620320530774,127,0.51196978528281,515.687500000002,39.9206466674806,77,11.8770139985956,0.0547283389590243,11.4269161224365,896.144691467282,6.09043157100686
"438",46.125,40.125,287465,568.61290989336,119,0.982550032615184,608.1875,45.6109211444857,76.25,9.96777638930105,0.0381557859439328,24.6955718994141,790.096405029295,5.64532688260091
"439",46.375,39.125,293226,726.985679475501,130,1.10071248151866,474.0625,45.0644397735596,76.75,10.2135658137184,0.0660841093027481,68.9301223754883,862.336898803709,8.50325980782521
"440",46.625,40.125,287467,720.404624390788,115,1.44622387726198,578.999999999994,53.9024755954742,75.5,9.17954261381813,0.0471031310105824,50.2932929992676,756.157440185548,9.56107822060601
"441",46.875,50.875,225548,460.713946976758,70,0.728792067373031,368.6875,22.1454716920853,55,11.3203011435657,0.0181002383878219,12.8638715744019,1371.80660247803,6.67285487055779
"442",47.125,50.875,225549,417.169028359803,68,0.68620323048974,367.6875,22.2819213867187,55,11.7611638159067,0.0146835705304071,12.6513147354126,1370.18880462646,6.66418415307997
"443",5.875,52.125,218184,537.554883423482,67,1.40465490772634,861.937500000001,15.3782817125321,48.5,23.7667150834384,0.0670507000288681,496.769622802734,560.492961883545,9.3848021030426
"444",59.875,57.375,188160,489.116335611834,78,0.530488528138941,564.374999999999,48.7902252674104,54.1875,11.5764628485277,0.0347611656473858,53.5496559143066,1127.67457580566,1.21925784274938
"445",6.375,46.625,249866,642.245748427117,66,1.92082674124001,1322.68749999999,9.50820744037627,60.5,18.8095785313408,0.0796699245541822,79.0353851318359,629.950130462647,7.51188153028499
"446",6.375,52.875,213866,558.482077933527,63,1.38958547502071,849.0625,15.7516567111015,47.75,15.2839822676551,0.0503158579103799,108.242027282715,549.539180755615,9.1808021068573
"447",6.625,46.625,249867,661.859756296893,68,1.71801812674986,1187.25,11.8664446473122,61,22.9097915364439,0.108885650053344,566.998718261719,653.107891082763,9.26141822338096
"448",7.125,52.375,216749,541.427021635154,57,1.42248277229355,777.749999999999,16.3668424487114,48.75,19.5454988608863,0.0391759187814376,204.570602416992,573.339950561524,9.41767185926438
"449",7.375,46.125,252750,428.454842413531,66,1.65721489389468,1201.06249999999,12.7070770263671,62,12.1015992155613,0.113860775320072,93.8534545898438,600.388881683349,1.83500711247311
"450",7.375,46.875,248430,637.21330344068,73,1.79111887531547,1108.00000000001,18.0761801004408,60.75,21.9162495247847,0.0561359143994817,481.170135498047,641.43523788452,7.94580009579651
"451",7.375,52.375,216750,527.746697942523,55,1.54986647408701,757.874999999999,18.6594407558443,48.75,20.0142958342254,0.0225690514974853,183.141647338867,584.38395690918,9.49924230575562
"452",74.375,42.625,273178,408.114644481564,134,1.07341492205562,522.625000000002,47.7531607151033,72.5,10.3037528872046,0.0808311649410734,78.1493759155273,1032.71226501465,-0.425871063024003
"453",74.875,46.875,248700,346.262572904144,76,0.964981218135228,143.3125,24.4854184389114,62.75,11.0088428706255,0.0212683065943628,2.12542486190796,1393.25580596924,5.8977094888687
"454",8.125,47.125,246993,636.710541386945,69,1.62199736537379,1350.1875,16.6021600365641,60.4375,22.2946646068615,0.0679403327903494,235.423492431641,642.538635253907,8.57873374223712
"455",8.375,45.625,255634,697.360394777992,76,1.61156884713211,966.062500000001,26.760756611824,62.9375,26.0952856953471,0.0453067725003808,190.432342529297,732.888221740724,11.018754541874
"456",8.375,47.625,244114,600.232985309084,67,1.90656100884209,1079.24999999999,13.0021956562996,59.3125,23.2610657327452,0.0293706478147385,192.40739440918,670.603729248048,8.57284125685694
"457",8.625,45.375,257075,590.411654831323,76,0.757539762007601,887.499999999999,25.4259445667266,62.4375,29.5155805145039,0.0288788806489103,324.794738769531,771.570774078369,11.897058069706
"458",8.625,45.625,255635,685.250429446371,81,1.87590349003288,1051.4375,24.9918464422225,62.8125,31.8591196378461,0.0493483212829601,251.097305297852,759.266464233399,11.3889319300652
"459",8.875,47.875,242676,587.1844873839,62,1.84031894782788,882.687499999999,23.029543399811,58.75,21.6669833609016,0.0354210724356036,231.72688293457,674.567893981934,7.70421028137211
"460",8.875,61.375,164916,295.294854361058,34,1.51747172923843,796.812499999995,27.6656177043916,45,4.7353337522637,0.0654926461927615,3.30012583732605,703.785667419436,-1.23678521625692
"461",83.125,51.125,224253,607.489744939381,102,1.6351821942612,625.75,35.739123106003,57.25,5.8930471097019,0.025146378696082,4.27733087539673,1065.28811645508,1.06928577274084
"462",9.125,47.875,242677,590.256411746815,64,1.78336520324837,876.750000000002,26.3422137498857,58.75,19.6110390092552,0.0565587333995363,170.253494262695,681.029552459717,7.90701380372051
"463",9.125,48.875,236917,542.52831947445,52,1.28121192295391,717.937500000003,24.0822941064835,56.75,33.8971366418771,0.0359010631001363,1411.73718261719,652.706466674805,9.36223065853119
"464",9.125,50.625,226837,587.90021750832,54,1.67618847739559,907.500000000011,12.9070080518723,52.5,12.8648318600155,0.025544987663847,79.7662582397461,640.925426483154,8.03701773285859
"465",9.375,45.375,257078,643.644217333994,74,0.699396688478146,894.624999999998,23.4695318937302,62.25,32.5477205021092,0.0520657281188082,575.204895019531,774.239555358886,12.5386998653412
"466",9.625,45.125,258519,626.775542544457,76,0.651809877868188,824.375000000001,26.0218358039855,62,29.8564111428945,0.0472359098746378,335.366424560547,788.377094268799,12.4699857234955
"467",9.625,45.375,257079,699.545914633598,73,0.464273043393188,897.312499999999,23.1194310188293,62.25,30.0400258086931,0.0471156978738001,319.364532470703,772.749546051026,12.458393573761
"468",9.625,53.875,208119,547.133383425161,64,1.50711654939254,836.1875,18.33664894104,47.75,19.2919967768791,0.0420995810947267,215.065368652344,603.370670318603,8.61424887180328
"469",99.125,49.125,235837,292.721936638287,115,0.43739520942144,254.25,114.790573120117,66,6.06658827344837,0.0312782415640325,1.37184393405914,1418.35712432861,-5.49681502580642
